keyword,normalized_query,search_intent,cluster,subcluster,country,city,audience,course,problem,funnel_stage,estimated_demand,competition_evidence,opportunity_score,ai_search_potential,existing_target_url,recommended_target_url,cannibalization_risk,content_type,action,evidence_source,confidence
noorani qaida near me,noorani qaida near me,commercial,noorani-qaida,course,Ireland,,none,noorani-qaida,no-local-access,middle,GSC_IMPRESSIONS_68D:1,GSC_AVG_POSITION:1,78.6,MEDIUM,/online-quran-classes/dublin,/online-quran-classes/dublin,LOW,course,INTERNAL LINKS,GSC_SEARCH_ANALYTICS_2026-06-02_TO_2026-08-08,LOW
islamic classes near me,islamic classes near me,commercial,quran-learning-service,service,Norway,,none,none,no-local-access,middle,GSC_IMPRESSIONS_68D:1,GSC_AVG_POSITION:10,77.1,MEDIUM,/locations/online-quran-classes-norway,/locations/online-quran-classes-norway,LOW,service,INTERNAL LINKS,GSC_SEARCH_ANALYTICS_2026-06-02_TO_2026-08-08,LOW
quran academy,quran academy,commercial,quran-learning-service,service,New Zealand,,none,none,none,middle,GSC_IMPRESSIONS_68D:1,GSC_AVG_POSITION:16,71.4,MEDIUM,/locations/online-quran-classes-new-zealand,/locations/online-quran-classes-new-zealand,LOW,service,INTERNAL LINKS,GSC_SEARCH_ANALYTICS_2026-06-02_TO_2026-08-08,LOW
arabic and quran classes near me,arabic and quran classes near me,commercial,quran-learning-service,service,Netherlands,,none,none,no-local-access,middle,GSC_IMPRESSIONS_68D:1,GSC_AVG_POSITION:12,67.1,MEDIUM,/locations/online-quran-classes-netherlands,/locations/online-quran-classes-netherlands,LOW,service,INTERNAL LINKS,GSC_SEARCH_ANALYTICS_2026-06-02_TO_2026-08-08,LOW
female teacher,female teacher,commercial,quran-learning-service,service,India,,women,none,gender-preference,middle,GSC_IMPRESSIONS_68D:1,GSC_AVG_POSITION:2,65.7,MEDIUM,/quran-classes-for-sisters,/quran-classes-for-sisters,LOW,service,INTERNAL LINKS,GSC_SEARCH_ANALYTICS_2026-06-02_TO_2026-08-08,LOW
barakallah meaning,barakallah meaning,informational,islamic-terms,definition,India,,none,none,none,top,GSC_IMPRESSIONS_68D:669,GSC_AVG_POSITION:7.1,65.3,HIGH,/blog/barakallah-meaning,/blog/barakallah-meaning,LOW,definition,CTR OPTIMIZATION,GSC_SEARCH_ANALYTICS_2026-06-02_TO_2026-08-08,HIGH
female quran teacher online,female quran teacher online,commercial,quran-learning-service,service,United States,,women,none,gender-preference,middle,GSC_IMPRESSIONS_68D:5,GSC_AVG_POSITION:16.6,65.3,MEDIUM,/female-quran-teacher-online,/female-quran-teacher-online,LOW,service,INTERNAL LINKS,GSC_SEARCH_ANALYTICS_2026-06-02_TO_2026-08-08,MEDIUM
online female quran teacher,online female quran teacher,commercial,quran-learning-service,service,United States,,women,none,gender-preference,middle,GSC_IMPRESSIONS_68D:2,GSC_AVG_POSITION:16.5,63.7,MEDIUM,/female-quran-teacher-online,/female-quran-teacher-online,LOW,service,INTERNAL LINKS,GSC_SEARCH_ANALYTICS_2026-06-02_TO_2026-08-08,LOW
online female quran tutor,online female quran tutor,commercial,quran-learning-service,service,United States,,women,none,gender-preference,middle,GSC_IMPRESSIONS_68D:2,GSC_AVG_POSITION:17,63.7,MEDIUM,/female-quran-teacher-online,/female-quran-teacher-online,LOW,service,INTERNAL LINKS,GSC_SEARCH_ANALYTICS_2026-06-02_TO_2026-08-08,LOW
how to recite attahiyat,how to recite attahiyat,informational,salah-prayer,guide,Nigeria,,none,quran-reading,none,top,GSC_IMPRESSIONS_68D:53,GSC_AVG_POSITION:7.9,62.9,HIGH,/blog/attahiyat-full-arabic-english-tashahhud,/blog/attahiyat-full-arabic-english-tashahhud,LOW,guide,CTR OPTIMIZATION,GSC_SEARCH_ANALYTICS_2026-06-02_TO_2026-08-08,HIGH
quran academy near me,quran academy near me,commercial,quran-learning-service,service,Saudi Arabia,,none,none,no-local-access,middle,GSC_IMPRESSIONS_68D:5,GSC_AVG_POSITION:12.2,62.4,MEDIUM,/locations/online-quran-classes-saudi-arabia,/locations/online-quran-classes-saudi-arabia,LOW,service,INTERNAL LINKS,GSC_SEARCH_ANALYTICS_2026-06-02_TO_2026-08-08,MEDIUM
noorpath,noorpath,navigational,brand,brand,Pakistan,,none,none,none,brand,GSC_IMPRESSIONS_68D:144,GSC_AVG_POSITION:7.4,62.1,LOW,/,/,HIGH,brand,PROTECT,GSC_SEARCH_ANALYTICS_2026-06-02_TO_2026-08-08,HIGH
attahiyat full text,attahiyat full text,informational,salah-prayer,guide,Sweden,,none,none,none,top,GSC_IMPRESSIONS_68D:37,GSC_AVG_POSITION:9.7,62.0,LOW,/blog/attahiyat-full-arabic-english-tashahhud,/blog/attahiyat-full-arabic-english-tashahhud,LOW,guide,PROTECT,GSC_SEARCH_ANALYTICS_2026-06-02_TO_2026-08-08,HIGH
tajweed kurs,tajweed kurs,informational,tajweed,course,Norway,,none,tajweed,none,top,GSC_IMPRESSIONS_68D:1,GSC_AVG_POSITION:1,61.4,LOW,/locations/online-quran-classes-norway,/locations/online-quran-classes-norway,LOW,course,PROTECT,GSC_SEARCH_ANALYTICS_2026-06-02_TO_2026-08-08,LOW
barak allah meaning,barak allah meaning,informational,islamic-terms,definition,India,,none,none,none,top,GSC_IMPRESSIONS_68D:92,GSC_AVG_POSITION:7.9,61.1,HIGH,/blog/barakallah-meaning,/blog/barakallah-meaning,LOW,definition,CTR OPTIMIZATION,GSC_SEARCH_ANALYTICS_2026-06-02_TO_2026-08-08,HIGH
barakallah means,barakallah means,informational,islamic-terms,definition,Pakistan,,none,none,none,top,GSC_IMPRESSIONS_68D:85,GSC_AVG_POSITION:7.8,61.0,HIGH,/blog/barakallah-meaning,/blog/barakallah-meaning,LOW,definition,CTR OPTIMIZATION,GSC_SEARCH_ANALYTICS_2026-06-02_TO_2026-08-08,HIGH
noor path academy,noor path academy,navigational,brand,brand,Pakistan,,none,none,none,brand,GSC_IMPRESSIONS_68D:63,GSC_AVG_POSITION:5.3,60.3,LOW,/,/,HIGH,brand,PROTECT,GSC_SEARCH_ANALYTICS_2026-06-02_TO_2026-08-08,HIGH
quran classes near me,quran classes near me,commercial,quran-learning-service,service,Netherlands,,none,none,no-local-access,middle,GSC_IMPRESSIONS_68D:3,GSC_AVG_POSITION:38.7,60.1,MEDIUM,/locations/online-quran-classes-netherlands,/locations/online-quran-classes-netherlands,HIGH,service,DIFFERENTIATE INTENT,GSC_SEARCH_ANALYTICS_2026-06-02_TO_2026-08-08,MEDIUM
quran course,quran course,commercial,quran-learning-service,service,New Zealand,,none,none,none,middle,GSC_IMPRESSIONS_68D:1,GSC_AVG_POSITION:49,60.0,MEDIUM,/locations/online-quran-classes-new-zealand,/locations/online-quran-classes-new-zealand,LOW,service,MONITOR,GSC_SEARCH_ANALYTICS_2026-06-02_TO_2026-08-08,LOW
quran classes for adults singapore,quran classes for adults singapore,commercial,quran-learning-service,service,Singapore,,adults,none,none,middle,GSC_IMPRESSIONS_68D:6,GSC_AVG_POSITION:50,59.9,MEDIUM,/locations/online-quran-classes-singapore,/locations/online-quran-classes-singapore,LOW,service,CONTENT REFRESH,GSC_SEARCH_ANALYTICS_2026-06-02_TO_2026-08-08,MEDIUM
dua for plane journey,dua for plane journey,informational,duas-supplications,guide,Norway,,none,none,none,top,GSC_IMPRESSIONS_68D:1,GSC_AVG_POSITION:9,58.6,MEDIUM,/blog/safar-ki-dua-travel-dua-arabic-english,/blog/safar-ki-dua-travel-dua-arabic-english,LOW,guide,PROTECT,GSC_SEARCH_ANALYTICS_2026-06-02_TO_2026-08-08,LOW
quran classes singapore,quran classes singapore,commercial,quran-learning-service,service,Indonesia,,none,none,none,middle,GSC_IMPRESSIONS_68D:1,GSC_AVG_POSITION:18,58.6,MEDIUM,/locations/online-quran-classes-singapore,/locations/online-quran-classes-singapore,LOW,service,INTERNAL LINKS,GSC_SEARCH_ANALYTICS_2026-06-02_TO_2026-08-08,LOW
barak allah means,barak allah means,informational,islamic-terms,definition,India,,none,none,none,top,GSC_IMPRESSIONS_68D:25,GSC_AVG_POSITION:8.1,58.4,HIGH,/blog/barakallah-meaning,/blog/barakallah-meaning,LOW,definition,CTR OPTIMIZATION,GSC_SEARCH_ANALYTICS_2026-06-02_TO_2026-08-08,HIGH
noor path,noor path,navigational,brand,brand,Pakistan,,none,none,none,brand,GSC_IMPRESSIONS_68D:22,GSC_AVG_POSITION:9.3,58.1,LOW,/,/,HIGH,brand,PROTECT,GSC_SEARCH_ANALYTICS_2026-06-02_TO_2026-08-08,HIGH
aththahiyath in english,aththahiyath in english,informational,salah-prayer,guide,Sri Lanka,,none,none,none,top,GSC_IMPRESSIONS_68D:5,GSC_AVG_POSITION:7.8,58.1,HIGH,/blog/attahiyat-full-arabic-english-tashahhud,/blog/attahiyat-full-arabic-english-tashahhud,LOW,guide,PROTECT,GSC_SEARCH_ANALYTICS_2026-06-02_TO_2026-08-08,MEDIUM
qaidah meaning,qaidah meaning,informational,noorani-qaida,course,KEN,,none,noorani-qaida,none,top,GSC_IMPRESSIONS_68D:2,GSC_AVG_POSITION:11.5,58.0,HIGH,/blog/noorani-qaida-complete-guide,/blog/noorani-qaida-complete-guide,LOW,course,PROTECT,GSC_SEARCH_ANALYTICS_2026-06-02_TO_2026-08-08,LOW
quran tutor near me,quran tutor near me,commercial,quran-learning-service,service,Singapore,,none,none,no-local-access,middle,GSC_IMPRESSIONS_68D:2,GSC_AVG_POSITION:42.5,58.0,MEDIUM,/locations/online-quran-classes-singapore,/locations/online-quran-classes-singapore,LOW,service,MONITOR,GSC_SEARCH_ANALYTICS_2026-06-02_TO_2026-08-08,LOW
how to recite tahiya,how to recite tahiya,informational,salah-prayer,guide,GHA,,none,quran-reading,none,top,GSC_IMPRESSIONS_68D:4,GSC_AVG_POSITION:8.5,57.7,HIGH,/blog/attahiyat-full-arabic-english-tashahhud,/blog/attahiyat-full-arabic-english-tashahhud,LOW,guide,PROTECT,GSC_SEARCH_ANALYTICS_2026-06-02_TO_2026-08-08,MEDIUM
quran classes online with teacher,quran classes online with teacher,commercial,quran-learning-service,service,Denmark,,none,none,none,middle,GSC_IMPRESSIONS_68D:4,GSC_AVG_POSITION:64.5,57.7,MEDIUM,/quran-teacher-online,/quran-teacher-online,LOW,service,CLUSTER SUPPORT,GSC_SEARCH_ANALYTICS_2026-06-02_TO_2026-08-08,MEDIUM
noorani qaida games,noorani qaida games,informational,noorani-qaida,course,Pakistan,,none,noorani-qaida,none,top,GSC_IMPRESSIONS_68D:30,GSC_AVG_POSITION:5.1,57.3,LOW,/noorani-qaida/games,/noorani-qaida/games,HIGH,course,DIFFERENTIATE INTENT,GSC_SEARCH_ANALYTICS_2026-06-02_TO_2026-08-08,HIGH
attahiyatu,attahiyatu,informational,salah-prayer,guide,Denmark,,none,none,none,top,GSC_IMPRESSIONS_68D:7,GSC_AVG_POSITION:9.6,57.3,LOW,/blog/attahiyat-full-arabic-english-tashahhud,/blog/attahiyat-full-arabic-english-tashahhud,LOW,guide,PROTECT,GSC_SEARCH_ANALYTICS_2026-06-02_TO_2026-08-08,MEDIUM
quran 2:201 rabbana atina fid-dunya hasanatan translation,quran 2:201 rabbana atina fid-dunya hasanatan translation,informational,duas-supplications,guide,United States,,none,none,none,top,GSC_IMPRESSIONS_68D:3,GSC_AVG_POSITION:8,57.3,HIGH,/blog/rabbana-atina-fid-dunya,/blog/rabbana-atina-fid-dunya,LOW,guide,PROTECT,GSC_SEARCH_ANALYTICS_2026-06-02_TO_2026-08-08,MEDIUM
attahiyat,attahiyat,informational,salah-prayer,guide,Sweden,,none,none,none,top,GSC_IMPRESSIONS_68D:208,GSC_AVG_POSITION:11.7,57.1,LOW,/blog/attahiyat-full-arabic-english-tashahhud,/blog/attahiyat-full-arabic-english-tashahhud,LOW,guide,PROTECT,GSC_SEARCH_ANALYTICS_2026-06-02_TO_2026-08-08,HIGH
quran 2:201 rabbana atina fid dunya hasanah wa fil akhirati hasanah wa qina adhaban nar,quran 2:201 rabbana atina fid dunya hasanah wa fil akhirati hasanah wa qina adhaban nar,informational,duas-supplications,guide,United States,,none,none,none,top,GSC_IMPRESSIONS_68D:13,GSC_AVG_POSITION:8.8,57.1,MEDIUM,/blog/rabbana-atina-fid-dunya,/blog/rabbana-atina-fid-dunya,LOW,guide,PROTECT,GSC_SEARCH_ANALYTICS_2026-06-02_TO_2026-08-08,HIGH
quran 2:201 rabbana atina fid dunya hasanatan wa fil akhirati hasanatan,quran 2:201 rabbana atina fid dunya hasanatan wa fil akhirati hasanatan,informational,duas-supplications,guide,South Korea,,none,none,none,top,GSC_IMPRESSIONS_68D:1,GSC_AVG_POSITION:9,57.1,MEDIUM,/blog/rabbana-atina-fid-dunya,/blog/rabbana-atina-fid-dunya,LOW,guide,PROTECT,GSC_SEARCH_ANALYTICS_2026-06-02_TO_2026-08-08,LOW
quran courses online,quran courses online,commercial,quran-learning-service,service,New Zealand,,none,none,none,middle,GSC_IMPRESSIONS_68D:1,GSC_AVG_POSITION:60,57.1,MEDIUM,/locations/online-quran-classes-new-zealand,/locations/online-quran-classes-new-zealand,LOW,service,CLUSTER SUPPORT,GSC_SEARCH_ANALYTICS_2026-06-02_TO_2026-08-08,LOW
meaning of barakallah,meaning of barakallah,informational,islamic-terms,definition,India,,none,none,none,top,GSC_IMPRESSIONS_68D:12,GSC_AVG_POSITION:8.4,56.9,HIGH,/blog/barakallah-meaning,/blog/barakallah-meaning,LOW,definition,PROTECT,GSC_SEARCH_ANALYTICS_2026-06-02_TO_2026-08-08,HIGH
attahiyat lillahi wa salawatu english,attahiyat lillahi wa salawatu english,informational,salah-prayer,guide,Denmark,,none,none,none,top,GSC_IMPRESSIONS_68D:5,GSC_AVG_POSITION:13.2,56.7,MEDIUM,/blog/attahiyat-full-arabic-english-tashahhud,/blog/attahiyat-full-arabic-english-tashahhud,LOW,guide,PROTECT,GSC_SEARCH_ANALYTICS_2026-06-02_TO_2026-08-08,MEDIUM
quran 2:201 rabbana atina fid dunya hasanatan wa fil akhirati hasanatan wa qina adhaban nar translation,quran 2:201 rabbana atina fid dunya hasanatan wa fil akhirati hasanatan wa qina adhaban nar translation,informational,duas-supplications,guide,United States,,none,none,none,top,GSC_IMPRESSIONS_68D:2,GSC_AVG_POSITION:8.5,56.6,HIGH,/blog/rabbana-atina-fid-dunya,/blog/rabbana-atina-fid-dunya,LOW,guide,PROTECT,GSC_SEARCH_ANALYTICS_2026-06-02_TO_2026-08-08,LOW
"""أستغفر الله"" means ""i seek forgiveness from allah""","""أستغفر الله"" means ""i seek forgiveness from allah""",informational,islamic-general,reference,United States,,none,none,none,top,GSC_IMPRESSIONS_68D:9,GSC_AVG_POSITION:9.6,56.3,HIGH,/blog/astaghfirullah-meaning,/blog/astaghfirullah-meaning,LOW,reference,PROTECT,GSC_SEARCH_ANALYTICS_2026-06-02_TO_2026-08-08,MEDIUM
noorpathquranacademy.com,noorpathquranacademy.com,navigational,brand,brand,United States,,none,none,none,brand,GSC_IMPRESSIONS_68D:4,GSC_AVG_POSITION:6,56.3,LOW,/,/,LOW,brand,PROTECT,GSC_SEARCH_ANALYTICS_2026-06-02_TO_2026-08-08,MEDIUM
translation of attahiyat,translation of attahiyat,informational,salah-prayer,guide,UAE,,none,none,none,top,GSC_IMPRESSIONS_68D:3,GSC_AVG_POSITION:9.7,55.9,HIGH,/blog/attahiyat-full-arabic-english-tashahhud,/blog/attahiyat-full-arabic-english-tashahhud,LOW,guide,PROTECT,GSC_SEARCH_ANALYTICS_2026-06-02_TO_2026-08-08,MEDIUM
attahiyat text,attahiyat text,informational,salah-prayer,guide,Germany,,none,none,none,top,GSC_IMPRESSIONS_68D:13,GSC_AVG_POSITION:9.6,55.7,LOW,/blog/attahiyat-full-arabic-english-tashahhud,/blog/attahiyat-full-arabic-english-tashahhud,LOW,guide,PROTECT,GSC_SEARCH_ANALYTICS_2026-06-02_TO_2026-08-08,HIGH
hifz teacher near me,hifz teacher near me,commercial,quran-learning-service,service,New Zealand,,none,hifz,no-local-access,middle,GSC_IMPRESSIONS_68D:1,GSC_AVG_POSITION:82,55.7,MEDIUM,/locations/online-quran-classes-new-zealand,/locations/online-quran-classes-new-zealand,LOW,service,CLUSTER SUPPORT,GSC_SEARCH_ANALYTICS_2026-06-02_TO_2026-08-08,LOW
quran 2:201 rabbana atina fid dunya hasanah translation,quran 2:201 rabbana atina fid dunya hasanah translation,informational,duas-supplications,guide,United States,,none,none,none,top,GSC_IMPRESSIONS_68D:1,GSC_AVG_POSITION:9,55.7,HIGH,/blog/rabbana-atina-fid-dunya,/blog/rabbana-atina-fid-dunya,LOW,guide,PROTECT,GSC_SEARCH_ANALYTICS_2026-06-02_TO_2026-08-08,LOW
quran 2:201 rabbana atina fid-dunya hasanatan wa fil akhirati hasanatan wa qina adhaban nar translation,quran 2:201 rabbana atina fid-dunya hasanatan wa fil akhirati hasanatan wa qina adhaban nar translation,informational,duas-supplications,guide,United States,,none,none,none,top,GSC_IMPRESSIONS_68D:1,GSC_AVG_POSITION:8,55.7,HIGH,/blog/rabbana-atina-fid-dunya,/blog/rabbana-atina-fid-dunya,LOW,guide,PROTECT,GSC_SEARCH_ANALYTICS_2026-06-02_TO_2026-08-08,LOW
quran class online,quran class online,commercial,quran-learning-service,service,New Zealand,,none,none,none,middle,GSC_IMPRESSIONS_68D:1,GSC_AVG_POSITION:77,55.7,MEDIUM,/locations/online-quran-classes-new-zealand,/locations/online-quran-classes-new-zealand,LOW,service,CLUSTER SUPPORT,GSC_SEARCH_ANALYTICS_2026-06-02_TO_2026-08-08,LOW
quran classes near me for women's,quran classes near me for women's,commercial,quran-learning-service,service,New Zealand,,women,none,no-local-access,middle,GSC_IMPRESSIONS_68D:1,GSC_AVG_POSITION:74,55.7,MEDIUM,/locations/online-quran-classes-new-zealand,/locations/online-quran-classes-new-zealand,LOW,service,CLUSTER SUPPORT,GSC_SEARCH_ANALYTICS_2026-06-02_TO_2026-08-08,LOW
quran classes online,quran classes online,commercial,quran-learning-service,service,New Zealand,,none,none,none,middle,GSC_IMPRESSIONS_68D:1,GSC_AVG_POSITION:80,55.7,MEDIUM,/locations/online-quran-classes-new-zealand,/locations/online-quran-classes-new-zealand,LOW,service,CLUSTER SUPPORT,GSC_SEARCH_ANALYTICS_2026-06-02_TO_2026-08-08,LOW
quran teacher,quran teacher,commercial,quran-learning-service,service,New Zealand,,none,none,none,middle,GSC_IMPRESSIONS_68D:1,GSC_AVG_POSITION:87,55.7,MEDIUM,/locations/online-quran-classes-new-zealand,/locations/online-quran-classes-new-zealand,LOW,service,CLUSTER SUPPORT,GSC_SEARCH_ANALYTICS_2026-06-02_TO_2026-08-08,LOW
quran tuition,quran tuition,commercial,quran-learning-service,service,New Zealand,,none,none,none,middle,GSC_IMPRESSIONS_68D:1,GSC_AVG_POSITION:67,55.7,MEDIUM,/locations/online-quran-classes-new-zealand,/locations/online-quran-classes-new-zealand,LOW,service,CLUSTER SUPPORT,GSC_SEARCH_ANALYTICS_2026-06-02_TO_2026-08-08,LOW
quran tutor online,quran tutor online,commercial,quran-learning-service,service,New Zealand,,none,none,none,middle,GSC_IMPRESSIONS_68D:1,GSC_AVG_POSITION:98,55.7,MEDIUM,/locations/online-quran-classes-new-zealand,/locations/online-quran-classes-new-zealand,LOW,service,CLUSTER SUPPORT,GSC_SEARCH_ANALYTICS_2026-06-02_TO_2026-08-08,LOW
rabbana atina fid-dunya hasanatan wa fil-akhirati hasanatan wa qina 'adhaban-nar,rabbana atina fid-dunya hasanatan wa fil-akhirati hasanatan wa qina 'adhaban-nar,informational,duas-supplications,guide,Italy,,none,none,none,top,GSC_IMPRESSIONS_68D:1,GSC_AVG_POSITION:9,55.7,MEDIUM,/blog/rabbana-atina-fid-dunya,/blog/rabbana-atina-fid-dunya,LOW,guide,PROTECT,GSC_SEARCH_ANALYTICS_2026-06-02_TO_2026-08-08,LOW
what to read in attahiyat,what to read in attahiyat,informational,salah-prayer,guide,GHA,,none,quran-reading,none,top,GSC_IMPRESSIONS_68D:1,GSC_AVG_POSITION:7,55.7,HIGH,/blog/attahiyat-full-arabic-english-tashahhud,/blog/attahiyat-full-arabic-english-tashahhud,LOW,guide,PROTECT,GSC_SEARCH_ANALYTICS_2026-06-02_TO_2026-08-08,LOW
at tahiyyatu lillahi in english,at tahiyyatu lillahi in english,informational,salah-prayer,guide,India,,none,none,none,top,GSC_IMPRESSIONS_68D:5,GSC_AVG_POSITION:6.6,55.3,HIGH,/blog/attahiyat-full-arabic-english-tashahhud,/blog/attahiyat-full-arabic-english-tashahhud,LOW,guide,PROTECT,GSC_SEARCH_ANALYTICS_2026-06-02_TO_2026-08-08,MEDIUM
full attahiyat in english,full attahiyat in english,informational,salah-prayer,guide,India,,none,none,none,top,GSC_IMPRESSIONS_68D:5,GSC_AVG_POSITION:9.2,55.3,HIGH,/blog/attahiyat-full-arabic-english-tashahhud,/blog/attahiyat-full-arabic-english-tashahhud,LOW,guide,PROTECT,GSC_SEARCH_ANALYTICS_2026-06-02_TO_2026-08-08,MEDIUM
attahiyat lillahi in english,attahiyat lillahi in english,informational,salah-prayer,guide,UAE,,none,none,none,top,GSC_IMPRESSIONS_68D:2,GSC_AVG_POSITION:8.5,55.1,HIGH,/blog/attahiyat-full-arabic-english-tashahhud,/blog/attahiyat-full-arabic-english-tashahhud,LOW,guide,PROTECT,GSC_SEARCH_ANALYTICS_2026-06-02_TO_2026-08-08,LOW
quran courses singapore,quran courses singapore,commercial,quran-learning-service,service,Singapore,,none,none,none,middle,GSC_IMPRESSIONS_68D:2,GSC_AVG_POSITION:52.5,55.1,MEDIUM,/locations/online-quran-classes-singapore,/locations/online-quran-classes-singapore,LOW,service,CLUSTER SUPPORT,GSC_SEARCH_ANALYTICS_2026-06-02_TO_2026-08-08,LOW
surah masura in english,surah masura in english,informational,quran-surahs,reference,UAE,,none,none,none,top,GSC_IMPRESSIONS_68D:4,GSC_AVG_POSITION:8.5,54.9,HIGH,/blog/dua-e-masura-arabic-english,/blog/dua-e-masura-arabic-english,LOW,reference,PROTECT,GSC_SEARCH_ANALYTICS_2026-06-02_TO_2026-08-08,MEDIUM
attahiyat in english,attahiyat in english,informational,salah-prayer,guide,Pakistan,,none,none,none,top,GSC_IMPRESSIONS_68D:67,GSC_AVG_POSITION:13.8,54.7,HIGH,/blog/attahiyat-full-arabic-english-tashahhud,/blog/attahiyat-full-arabic-english-tashahhud,LOW,guide,PROTECT,GSC_SEARCH_ANALYTICS_2026-06-02_TO_2026-08-08,HIGH
dua for sajdah tilawat,dua for sajdah tilawat,informational,salah-prayer,guide,India,,none,none,none,top,GSC_IMPRESSIONS_68D:15,GSC_AVG_POSITION:8.8,54.6,MEDIUM,/blog/sajdah-tilawat-dua-arabic-english,/blog/sajdah-tilawat-dua-arabic-english,LOW,guide,PROTECT,GSC_SEARCH_ANALYTICS_2026-06-02_TO_2026-08-08,HIGH
online quran class,online quran class,commercial,quran-learning-service,service,Singapore,,none,none,none,middle,GSC_IMPRESSIONS_68D:3,GSC_AVG_POSITION:82,54.4,MEDIUM,/locations/online-quran-classes-singapore,/locations/online-quran-classes-singapore,MEDIUM,service,CLUSTER SUPPORT,GSC_SEARCH_ANALYTICS_2026-06-02_TO_2026-08-08,MEDIUM
attahiyyaatu lillahi,attahiyyaatu lillahi,informational,salah-prayer,guide,Finland,,none,none,none,top,GSC_IMPRESSIONS_68D:1,GSC_AVG_POSITION:10,54.3,LOW,/blog/attahiyat-full-arabic-english-tashahhud,/blog/attahiyat-full-arabic-english-tashahhud,LOW,guide,PROTECT,GSC_SEARCH_ANALYTICS_2026-06-02_TO_2026-08-08,LOW
aththahiyath dua in english,aththahiyath dua in english,informational,salah-prayer,guide,India,,none,none,none,top,GSC_IMPRESSIONS_68D:1,GSC_AVG_POSITION:2,54.3,HIGH,/blog/attahiyat-full-arabic-english-tashahhud,/blog/attahiyat-full-arabic-english-tashahhud,LOW,guide,PROTECT,GSC_SEARCH_ANALYTICS_2026-06-02_TO_2026-08-08,LOW
attahiyaat,attahiyaat,informational,salah-prayer,guide,Finland,,none,none,none,top,GSC_IMPRESSIONS_68D:1,GSC_AVG_POSITION:8,54.3,LOW,/blog/attahiyat-full-arabic-english-tashahhud,/blog/attahiyat-full-arabic-english-tashahhud,LOW,guide,PROTECT,GSC_SEARCH_ANALYTICS_2026-06-02_TO_2026-08-08,LOW
attahiyat prayer full,attahiyat prayer full,informational,salah-prayer,guide,Norway,,none,none,none,top,GSC_IMPRESSIONS_68D:1,GSC_AVG_POSITION:10,54.3,LOW,/blog/attahiyat-full-arabic-english-tashahhud,/blog/attahiyat-full-arabic-english-tashahhud,LOW,guide,PROTECT,GSC_SEARCH_ANALYTICS_2026-06-02_TO_2026-08-08,LOW
how to read attahiyat,how to read attahiyat,informational,salah-prayer,guide,India,,none,quran-reading,none,top,GSC_IMPRESSIONS_68D:1,GSC_AVG_POSITION:1,54.3,HIGH,/blog/attahiyat-full-arabic-english-tashahhud,/blog/attahiyat-full-arabic-english-tashahhud,LOW,guide,PROTECT,GSC_SEARCH_ANALYTICS_2026-06-02_TO_2026-08-08,LOW
how to say attahiyat in salah,how to say attahiyat in salah,informational,salah-prayer,guide,United States,,none,none,none,top,GSC_IMPRESSIONS_68D:6,GSC_AVG_POSITION:12.2,54.1,HIGH,/blog/attahiyat-full-arabic-english-tashahhud,/blog/attahiyat-full-arabic-english-tashahhud,LOW,guide,PROTECT,GSC_SEARCH_ANALYTICS_2026-06-02_TO_2026-08-08,MEDIUM
what is wazifa in english,what is wazifa in english,informational,duas-supplications,guide,India,,none,none,none,top,GSC_IMPRESSIONS_68D:6,GSC_AVG_POSITION:6.5,54.1,HIGH,/blog/what-is-wazifa-in-islam,/blog/what-is-wazifa-in-islam,LOW,guide,PROTECT,GSC_SEARCH_ANALYTICS_2026-06-02_TO_2026-08-08,MEDIUM
online quran classes australia,online quran classes australia,commercial,quran-learning-service,service,Australia,,none,none,none,middle,GSC_IMPRESSIONS_68D:11,GSC_AVG_POSITION:82.3,53.9,MEDIUM,/locations/online-quran-classes-australia,/locations/online-quran-classes-australia,LOW,service,CLUSTER SUPPORT,GSC_SEARCH_ANALYTICS_2026-06-02_TO_2026-08-08,HIGH
online quran course,online quran course,commercial,quran-learning-service,service,Australia,,none,none,none,middle,GSC_IMPRESSIONS_68D:11,GSC_AVG_POSITION:90.6,53.9,MEDIUM,/locations/online-quran-classes-australia,/locations/online-quran-classes-australia,HIGH,service,DIFFERENTIATE INTENT,GSC_SEARCH_ANALYTICS_2026-06-02_TO_2026-08-08,HIGH
quran class singapore,quran class singapore,commercial,quran-learning-service,service,Singapore,,none,none,none,middle,GSC_IMPRESSIONS_68D:2,GSC_AVG_POSITION:87.5,53.7,MEDIUM,/locations/online-quran-classes-singapore,/locations/online-quran-classes-singapore,LOW,service,CLUSTER SUPPORT,GSC_SEARCH_ANALYTICS_2026-06-02_TO_2026-08-08,LOW
attahiyat lillahi wa salawatu meaning,attahiyat lillahi wa salawatu meaning,informational,salah-prayer,guide,United Kingdom,,none,none,none,top,GSC_IMPRESSIONS_68D:4,GSC_AVG_POSITION:19.5,53.4,HIGH,/blog/attahiyat-full-arabic-english-tashahhud,/blog/attahiyat-full-arabic-english-tashahhud,LOW,guide,PROTECT,GSC_SEARCH_ANALYTICS_2026-06-02_TO_2026-08-08,MEDIUM
wazifa in english,wazifa in english,informational,duas-supplications,guide,India,,none,none,none,top,GSC_IMPRESSIONS_68D:4,GSC_AVG_POSITION:9.5,53.4,HIGH,/blog/what-is-wazifa-in-islam,/blog/what-is-wazifa-in-islam,LOW,guide,PROTECT,GSC_SEARCH_ANALYTICS_2026-06-02_TO_2026-08-08,MEDIUM
barakallah meaning in english,barakallah meaning in english,informational,islamic-terms,definition,India,,none,none,none,top,GSC_IMPRESSIONS_68D:8,GSC_AVG_POSITION:7.5,53.3,HIGH,/blog/barakallah-meaning,/blog/barakallah-meaning,LOW,definition,PROTECT,GSC_SEARCH_ANALYTICS_2026-06-02_TO_2026-08-08,MEDIUM
bismillah meaning,bismillah meaning,informational,islamic-terms,definition,Ireland,,none,none,none,top,GSC_IMPRESSIONS_68D:64,GSC_AVG_POSITION:47.2,53.3,HIGH,/blog/bismillah-meaning-in-english,/blog/bismillah-meaning-in-english,LOW,definition,CONTENT REFRESH,GSC_SEARCH_ANALYTICS_2026-06-02_TO_2026-08-08,HIGH
quran 2:201 rabbana atina fid dunya hasanatan,quran 2:201 rabbana atina fid dunya hasanatan,informational,duas-supplications,guide,United States,,none,none,none,top,GSC_IMPRESSIONS_68D:8,GSC_AVG_POSITION:8.6,53.3,MEDIUM,/blog/rabbana-atina-fid-dunya,/blog/rabbana-atina-fid-dunya,LOW,guide,PROTECT,GSC_SEARCH_ANALYTICS_2026-06-02_TO_2026-08-08,MEDIUM
attahiyat lillahi,attahiyat lillahi,informational,salah-prayer,guide,Norway,,none,none,none,top,GSC_IMPRESSIONS_68D:14,GSC_AVG_POSITION:17.1,53.0,LOW,/blog/attahiyat-full-arabic-english-tashahhud,/blog/attahiyat-full-arabic-english-tashahhud,LOW,guide,PROTECT,GSC_SEARCH_ANALYTICS_2026-06-02_TO_2026-08-08,HIGH
how to say attahiyat,how to say attahiyat,informational,salah-prayer,guide,United Kingdom,,none,none,none,top,GSC_IMPRESSIONS_68D:3,GSC_AVG_POSITION:12.7,53.0,HIGH,/blog/attahiyat-full-arabic-english-tashahhud,/blog/attahiyat-full-arabic-english-tashahhud,LOW,guide,PROTECT,GSC_SEARCH_ANALYTICS_2026-06-02_TO_2026-08-08,MEDIUM
"""لا إله إلا الله"" translation ""there is no god worthy of worship except allah""","""لا إله إلا الله"" translation ""there is no god worthy of worship except allah""",informational,islamic-general,reference,United States,,none,none,none,top,GSC_IMPRESSIONS_68D:1,GSC_AVG_POSITION:8,52.9,HIGH,/blog/la-ilaha-illallah-meaning,/blog/la-ilaha-illallah-meaning,LOW,reference,PROTECT,GSC_SEARCH_ANALYTICS_2026-06-02_TO_2026-08-08,LOW
attahiyat in english full,attahiyat in english full,informational,salah-prayer,guide,Pakistan,,none,none,none,top,GSC_IMPRESSIONS_68D:1,GSC_AVG_POSITION:10,52.9,HIGH,/blog/attahiyat-full-arabic-english-tashahhud,/blog/attahiyat-full-arabic-english-tashahhud,LOW,guide,PROTECT,GSC_SEARCH_ANALYTICS_2026-06-02_TO_2026-08-08,LOW
attahiyat word by word meaning,attahiyat word by word meaning,informational,salah-prayer,guide,Bangladesh,,none,none,none,top,GSC_IMPRESSIONS_68D:1,GSC_AVG_POSITION:10,52.9,HIGH,/blog/attahiyat-full-arabic-english-tashahhud,/blog/attahiyat-full-arabic-english-tashahhud,LOW,guide,PROTECT,GSC_SEARCH_ANALYTICS_2026-06-02_TO_2026-08-08,LOW
how to perform gusal,how to perform gusal,informational,unclustered,unknown,United States,,none,none,none,top,GSC_IMPRESSIONS_68D:1,GSC_AVG_POSITION:4,52.9,HIGH,/blog/how-to-do-ghusl-step-by-step,/blog/how-to-do-ghusl-step-by-step,LOW,unknown,PROTECT,GSC_SEARCH_ANALYTICS_2026-06-02_TO_2026-08-08,LOW
inna lillahi wa inna ilayhi raji'un meaning condolence islamic phrase,inna lillahi wa inna ilayhi raji'un meaning condolence islamic phrase,informational,islamic-general,reference,United States,,none,none,none,top,GSC_IMPRESSIONS_68D:1,GSC_AVG_POSITION:9,52.9,HIGH,/blog/inna-lillahi-wa-inna-ilayhi-rajiun-meaning,/blog/inna-lillahi-wa-inna-ilayhi-rajiun-meaning,LOW,reference,PROTECT,GSC_SEARCH_ANALYTICS_2026-06-02_TO_2026-08-08,LOW
meaning,meaning,informational,unclustered,unknown,THA,,none,none,none,top,GSC_IMPRESSIONS_68D:1,GSC_AVG_POSITION:2,52.9,HIGH,/blog/sajdah-tilawat-dua-arabic-english,/blog/sajdah-tilawat-dua-arabic-english,LOW,unknown,PROTECT,GSC_SEARCH_ANALYTICS_2026-06-02_TO_2026-08-08,LOW
noor online quran academy,noor online quran academy,commercial,quran-learning-service,service,Vietnam,,none,none,none,middle,GSC_IMPRESSIONS_68D:1,GSC_AVG_POSITION:28,52.9,MEDIUM,/,/,LOW,service,MONITOR,GSC_SEARCH_ANALYTICS_2026-06-02_TO_2026-08-08,LOW
online quran classes,online quran classes,commercial,quran-learning-service,service,United States,,none,none,none,middle,GSC_IMPRESSIONS_68D:28,GSC_AVG_POSITION:95.8,52.9,MEDIUM,/locations/online-quran-classes-usa,/locations/online-quran-classes-usa,HIGH,service,DIFFERENTIATE INTENT,GSC_SEARCH_ANALYTICS_2026-06-02_TO_2026-08-08,HIGH
royal path academy,royal path academy,commercial,quran-learning-service,service,JOR,,none,none,none,middle,GSC_IMPRESSIONS_68D:1,GSC_AVG_POSITION:33,52.9,MEDIUM,/,/,LOW,service,MONITOR,GSC_SEARCH_ANALYTICS_2026-06-02_TO_2026-08-08,LOW
sajda tilawat dua in english,sajda tilawat dua in english,informational,salah-prayer,guide,Pakistan,,none,none,none,top,GSC_IMPRESSIONS_68D:1,GSC_AVG_POSITION:8,52.9,HIGH,/blog/sajdah-tilawat-dua-arabic-english,/blog/sajdah-tilawat-dua-arabic-english,LOW,guide,PROTECT,GSC_SEARCH_ANALYTICS_2026-06-02_TO_2026-08-08,LOW
sajda tilawat ki dua in english,sajda tilawat ki dua in english,informational,salah-prayer,guide,India,,none,none,none,top,GSC_IMPRESSIONS_68D:1,GSC_AVG_POSITION:9,52.9,HIGH,/blog/sajdah-tilawat-dua-arabic-english,/blog/sajdah-tilawat-dua-arabic-english,LOW,guide,PROTECT,GSC_SEARCH_ANALYTICS_2026-06-02_TO_2026-08-08,LOW
surah al baqarah last 2 ayats,surah al baqarah last 2 ayats,informational,quran-surahs,reference,Denmark,,none,none,none,top,GSC_IMPRESSIONS_68D:1,GSC_AVG_POSITION:20,52.9,MEDIUM,/blog/last-two-ayahs-surah-baqarah,/blog/last-two-ayahs-surah-baqarah,LOW,reference,PROTECT,GSC_SEARCH_ANALYTICS_2026-06-02_TO_2026-08-08,LOW
what is dua e masura,what is dua e masura,informational,duas-supplications,guide,Nigeria,,none,none,none,top,GSC_IMPRESSIONS_68D:1,GSC_AVG_POSITION:2,52.9,HIGH,/blog/dua-e-masura-arabic-english,/blog/dua-e-masura-arabic-english,LOW,guide,PROTECT,GSC_SEARCH_ANALYTICS_2026-06-02_TO_2026-08-08,LOW
best quran classes for kids in australia,best quran classes for kids in australia,commercial,quran-learning-service,service,Australia,,kids,none,none,middle,GSC_IMPRESSIONS_68D:6,GSC_AVG_POSITION:91,52.7,MEDIUM,/locations/online-quran-classes-australia,/locations/online-quran-classes-australia,LOW,service,CLUSTER SUPPORT,GSC_SEARCH_ANALYTICS_2026-06-02_TO_2026-08-08,MEDIUM
quran class,quran class,commercial,quran-learning-service,service,Canada,,none,none,none,middle,GSC_IMPRESSIONS_68D:6,GSC_AVG_POSITION:87.8,52.7,MEDIUM,/locations/online-quran-classes-canada,/locations/online-quran-classes-canada,HIGH,service,DIFFERENTIATE INTENT,GSC_SEARCH_ANALYTICS_2026-06-02_TO_2026-08-08,MEDIUM
quran online courses,quran online courses,commercial,quran-learning-service,service,Canada,,none,none,none,middle,GSC_IMPRESSIONS_68D:6,GSC_AVG_POSITION:86.3,52.7,MEDIUM,/locations/online-quran-classes-canada,/locations/online-quran-classes-canada,MEDIUM,service,CLUSTER SUPPORT,GSC_SEARCH_ANALYTICS_2026-06-02_TO_2026-08-08,MEDIUM
barakallahu khair meaning,barakallahu khair meaning,informational,islamic-terms,definition,India,,none,none,none,top,GSC_IMPRESSIONS_68D:5,GSC_AVG_POSITION:7,52.4,HIGH,/blog/barakallah-meaning,/blog/barakallah-meaning,LOW,definition,PROTECT,GSC_SEARCH_ANALYTICS_2026-06-02_TO_2026-08-08,MEDIUM
quran classes,quran classes,commercial,quran-learning-service,service,United States,,none,none,none,middle,GSC_IMPRESSIONS_68D:22,GSC_AVG_POSITION:81.2,52.4,MEDIUM,/locations/online-quran-classes-usa,/locations/online-quran-classes-usa,HIGH,service,DIFFERENTIATE INTENT,GSC_SEARCH_ANALYTICS_2026-06-02_TO_2026-08-08,HIGH
how to read attahiyat in salah,how to read attahiyat in salah,informational,salah-prayer,guide,UAE,,none,quran-reading,none,top,GSC_IMPRESSIONS_68D:10,GSC_AVG_POSITION:10.2,52.3,HIGH,/blog/attahiyat-full-arabic-english-tashahhud,/blog/attahiyat-full-arabic-english-tashahhud,LOW,guide,PROTECT,GSC_SEARCH_ANALYTICS_2026-06-02_TO_2026-08-08,HIGH
sajdah tilawat dua,sajdah tilawat dua,informational,salah-prayer,guide,Sri Lanka,,none,none,none,top,GSC_IMPRESSIONS_68D:19,GSC_AVG_POSITION:7.6,52.1,LOW,/blog/sajdah-tilawat-dua-arabic-english,/blog/sajdah-tilawat-dua-arabic-english,LOW,guide,PROTECT,GSC_SEARCH_ANALYTICS_2026-06-02_TO_2026-08-08,HIGH
barakallah,barakallah,informational,islamic-terms,definition,India,,none,none,none,top,GSC_IMPRESSIONS_68D:268,GSC_AVG_POSITION:8.9,52.0,LOW,/blog/barakallah-meaning,/blog/barakallah-meaning,LOW,definition,CTR OPTIMIZATION,GSC_SEARCH_ANALYTICS_2026-06-02_TO_2026-08-08,HIGH
barakallah khair meaning,barakallah khair meaning,informational,islamic-terms,definition,India,,none,none,none,top,GSC_IMPRESSIONS_68D:4,GSC_AVG_POSITION:7.5,52.0,HIGH,/blog/barakallah-meaning,/blog/barakallah-meaning,LOW,definition,PROTECT,GSC_SEARCH_ANALYTICS_2026-06-02_TO_2026-08-08,MEDIUM
online tajweed classes australia,online tajweed classes australia,commercial,quran-learning-service,service,Australia,,none,tajweed,none,middle,GSC_IMPRESSIONS_68D:4,GSC_AVG_POSITION:71.8,52.0,MEDIUM,/locations/online-quran-classes-australia,/locations/online-quran-classes-australia,LOW,service,CLUSTER SUPPORT,GSC_SEARCH_ANALYTICS_2026-06-02_TO_2026-08-08,MEDIUM
quran classes australia,quran classes australia,commercial,quran-learning-service,service,Australia,,none,none,none,middle,GSC_IMPRESSIONS_68D:4,GSC_AVG_POSITION:93,52.0,MEDIUM,/locations/online-quran-classes-australia,/locations/online-quran-classes-australia,LOW,service,CLUSTER SUPPORT,GSC_SEARCH_ANALYTICS_2026-06-02_TO_2026-08-08,MEDIUM
quran tutor,quran tutor,commercial,quran-learning-service,service,Australia,,none,none,none,middle,GSC_IMPRESSIONS_68D:4,GSC_AVG_POSITION:73.2,52.0,MEDIUM,/locations/online-quran-classes-australia,/locations/online-quran-classes-australia,HIGH,service,DIFFERENTIATE INTENT,GSC_SEARCH_ANALYTICS_2026-06-02_TO_2026-08-08,MEDIUM
online quran classes for beginners,online quran classes for beginners,commercial,quran-learning-service,service,United States,,beginners,none,none,middle,GSC_IMPRESSIONS_68D:15,GSC_AVG_POSITION:78.5,51.7,MEDIUM,/online-quran-for-beginners,/online-quran-for-beginners,LOW,service,CLUSTER SUPPORT,GSC_SEARCH_ANALYTICS_2026-06-02_TO_2026-08-08,HIGH
quran online classes free,quran online classes free,commercial,quran-learning-service,service,United States,,none,none,cost,middle,GSC_IMPRESSIONS_68D:15,GSC_AVG_POSITION:73.6,51.7,MEDIUM,/free-quran-classes-online,/free-quran-classes-online,LOW,service,CLUSTER SUPPORT,GSC_SEARCH_ANALYTICS_2026-06-02_TO_2026-08-08,HIGH
subhanallah meaning,subhanallah meaning,informational,islamic-terms,definition,Ireland,,none,none,none,top,GSC_IMPRESSIONS_68D:32,GSC_AVG_POSITION:43.4,51.7,HIGH,/blog/subhanallah-meaning,/blog/subhanallah-meaning,LOW,definition,CONTENT REFRESH,GSC_SEARCH_ANALYTICS_2026-06-02_TO_2026-08-08,HIGH
barakallah meaning in arabic,barakallah meaning in arabic,informational,islamic-terms,definition,India,,none,none,none,top,GSC_IMPRESSIONS_68D:3,GSC_AVG_POSITION:9.7,51.6,HIGH,/blog/barakallah-meaning,/blog/barakallah-meaning,LOW,definition,PROTECT,GSC_SEARCH_ANALYTICS_2026-06-02_TO_2026-08-08,MEDIUM
dua for sajdah tilawah,dua for sajdah tilawah,informational,salah-prayer,guide,UAE,,none,none,none,top,GSC_IMPRESSIONS_68D:7,GSC_AVG_POSITION:7.9,51.6,MEDIUM,/blog/sajdah-tilawat-dua-arabic-english,/blog/sajdah-tilawat-dua-arabic-english,LOW,guide,PROTECT,GSC_SEARCH_ANALYTICS_2026-06-02_TO_2026-08-08,MEDIUM
online classes of quran,online classes of quran,commercial,quran-learning-service,service,Australia,,none,none,none,middle,GSC_IMPRESSIONS_68D:3,GSC_AVG_POSITION:92,51.6,MEDIUM,/locations/online-quran-classes-australia,/locations/online-quran-classes-australia,LOW,service,CLUSTER SUPPORT,GSC_SEARCH_ANALYTICS_2026-06-02_TO_2026-08-08,MEDIUM
online quran classes for kids,online quran classes for kids,commercial,quran-learning-service,service,Australia,,kids,none,none,middle,GSC_IMPRESSIONS_68D:3,GSC_AVG_POSITION:134,51.6,MEDIUM,/locations/online-quran-classes-australia,/locations/online-quran-classes-australia,MEDIUM,service,CLUSTER SUPPORT,GSC_SEARCH_ANALYTICS_2026-06-02_TO_2026-08-08,MEDIUM
quran 2:201 rabbana atina fid-dunya hasanah wa fil-akhirati hasanah wa qina adhaban nar,quran 2:201 rabbana atina fid-dunya hasanah wa fil-akhirati hasanah wa qina adhaban nar,informational,duas-supplications,guide,United States,,none,none,none,top,GSC_IMPRESSIONS_68D:3,GSC_AVG_POSITION:8.3,51.6,MEDIUM,/blog/rabbana-atina-fid-dunya,/blog/rabbana-atina-fid-dunya,LOW,guide,PROTECT,GSC_SEARCH_ANALYTICS_2026-06-02_TO_2026-08-08,MEDIUM
quran 2:201 rabbana atina fid-dunya hasanatan wa fil akhirati hasanatan wa qina adhaban nar quran.com,quran 2:201 rabbana atina fid-dunya hasanatan wa fil akhirati hasanatan wa qina adhaban nar quran.com,informational,duas-supplications,guide,United States,,none,none,none,top,GSC_IMPRESSIONS_68D:3,GSC_AVG_POSITION:10,51.6,MEDIUM,/blog/rabbana-atina-fid-dunya,/blog/rabbana-atina-fid-dunya,LOW,guide,PROTECT,GSC_SEARCH_ANALYTICS_2026-06-02_TO_2026-08-08,MEDIUM
quran 2:201 rabbana atina fid-dunya hasanatan wa fil-akhirati hasanatan wa qina adhaban-nar,quran 2:201 rabbana atina fid-dunya hasanatan wa fil-akhirati hasanatan wa qina adhaban-nar,informational,duas-supplications,guide,United States,,none,none,none,top,GSC_IMPRESSIONS_68D:3,GSC_AVG_POSITION:8.7,51.6,MEDIUM,/blog/rabbana-atina-fid-dunya,/blog/rabbana-atina-fid-dunya,LOW,guide,PROTECT,GSC_SEARCH_ANALYTICS_2026-06-02_TO_2026-08-08,MEDIUM
quran classes for adults,quran classes for adults,commercial,quran-learning-service,service,Australia,,adults,none,none,middle,GSC_IMPRESSIONS_68D:3,GSC_AVG_POSITION:80,51.6,MEDIUM,/locations/online-quran-classes-australia,/locations/online-quran-classes-australia,HIGH,service,DIFFERENTIATE INTENT,GSC_SEARCH_ANALYTICS_2026-06-02_TO_2026-08-08,MEDIUM
rabbana atina fid dunya hasanah wa fil akhirati hasanah wa qina adhaban nar quran 2:201,rabbana atina fid dunya hasanah wa fil akhirati hasanah wa qina adhaban nar quran 2:201,informational,duas-supplications,guide,United States,,none,none,none,top,GSC_IMPRESSIONS_68D:3,GSC_AVG_POSITION:9.3,51.6,MEDIUM,/blog/rabbana-atina-fid-dunya,/blog/rabbana-atina-fid-dunya,LOW,guide,PROTECT,GSC_SEARCH_ANALYTICS_2026-06-02_TO_2026-08-08,MEDIUM
atayat lillahi surah in english,atayat lillahi surah in english,informational,quran-surahs,reference,Pakistan,,none,none,none,top,GSC_IMPRESSIONS_68D:1,GSC_AVG_POSITION:10,51.4,HIGH,/blog/attahiyat-full-arabic-english-tashahhud,/blog/attahiyat-full-arabic-english-tashahhud,LOW,reference,PROTECT,GSC_SEARCH_ANALYTICS_2026-06-02_TO_2026-08-08,LOW
dua for sajda tilawat,dua for sajda tilawat,informational,salah-prayer,guide,United States,,none,none,none,top,GSC_IMPRESSIONS_68D:1,GSC_AVG_POSITION:9,51.4,MEDIUM,/blog/sajdah-tilawat-dua-arabic-english,/blog/sajdah-tilawat-dua-arabic-english,LOW,guide,PROTECT,GSC_SEARCH_ANALYTICS_2026-06-02_TO_2026-08-08,LOW
labbayka meaning,labbayka meaning,informational,unclustered,unknown,Belgium,,none,none,none,top,GSC_IMPRESSIONS_68D:1,GSC_AVG_POSITION:11,51.4,HIGH,/blog/labbaik-allahumma-labbaik,/blog/labbaik-allahumma-labbaik,LOW,unknown,PROTECT,GSC_SEARCH_ANALYTICS_2026-06-02_TO_2026-08-08,LOW
online free quran classes,online free quran classes,commercial,quran-learning-service,service,Netherlands,,none,none,cost,middle,GSC_IMPRESSIONS_68D:1,GSC_AVG_POSITION:87,51.4,MEDIUM,/free-quran-classes-online,/free-quran-classes-online,LOW,service,CLUSTER SUPPORT,GSC_SEARCH_ANALYTICS_2026-06-02_TO_2026-08-08,LOW
what do you say in attahiyat,what do you say in attahiyat,informational,salah-prayer,guide,United Kingdom,,none,none,none,top,GSC_IMPRESSIONS_68D:1,GSC_AVG_POSITION:19,51.4,HIGH,/blog/attahiyat-full-arabic-english-tashahhud,/blog/attahiyat-full-arabic-english-tashahhud,LOW,guide,PROTECT,GSC_SEARCH_ANALYTICS_2026-06-02_TO_2026-08-08,LOW
what to say in attahiyat,what to say in attahiyat,informational,salah-prayer,guide,United Kingdom,,none,none,none,top,GSC_IMPRESSIONS_68D:1,GSC_AVG_POSITION:14,51.4,HIGH,/blog/attahiyat-full-arabic-english-tashahhud,/blog/attahiyat-full-arabic-english-tashahhud,LOW,guide,PROTECT,GSC_SEARCH_ANALYTICS_2026-06-02_TO_2026-08-08,LOW
online quran classes usa,online quran classes usa,commercial,quran-learning-service,service,United States,,none,none,none,middle,GSC_IMPRESSIONS_68D:11,GSC_AVG_POSITION:89.5,51.0,MEDIUM,/locations/online-quran-classes-usa,/locations/online-quran-classes-usa,LOW,service,CLUSTER SUPPORT,GSC_SEARCH_ANALYTICS_2026-06-02_TO_2026-08-08,HIGH
sajda tilawat dua,sajda tilawat dua,informational,salah-prayer,guide,Canada,,none,none,none,top,GSC_IMPRESSIONS_68D:5,GSC_AVG_POSITION:9.6,51.0,LOW,/blog/sajdah-tilawat-dua-arabic-english,/blog/sajdah-tilawat-dua-arabic-english,LOW,guide,PROTECT,GSC_SEARCH_ANALYTICS_2026-06-02_TO_2026-08-08,MEDIUM
at tahiyyatu lillahi wa salawatu,at tahiyyatu lillahi wa salawatu,informational,salah-prayer,guide,Netherlands,,none,none,none,top,GSC_IMPRESSIONS_68D:2,GSC_AVG_POSITION:10.5,50.9,MEDIUM,/blog/attahiyat-full-arabic-english-tashahhud,/blog/attahiyat-full-arabic-english-tashahhud,LOW,guide,PROTECT,GSC_SEARCH_ANALYTICS_2026-06-02_TO_2026-08-08,LOW
attahiyat full last rakat,attahiyat full last rakat,informational,salah-prayer,guide,Belgium,,none,none,none,top,GSC_IMPRESSIONS_68D:2,GSC_AVG_POSITION:12.5,50.9,MEDIUM,/blog/attahiyat-full-arabic-english-tashahhud,/blog/attahiyat-full-arabic-english-tashahhud,LOW,guide,PROTECT,GSC_SEARCH_ANALYTICS_2026-06-02_TO_2026-08-08,LOW
attahiyatu meaning,attahiyatu meaning,informational,salah-prayer,guide,Vietnam,,none,none,none,top,GSC_IMPRESSIONS_68D:2,GSC_AVG_POSITION:19.5,50.9,HIGH,/blog/attahiyat-full-arabic-english-tashahhud,/blog/attahiyat-full-arabic-english-tashahhud,LOW,guide,PROTECT,GSC_SEARCH_ANALYTICS_2026-06-02_TO_2026-08-08,LOW
attahiyatul ilahi,attahiyatul ilahi,informational,salah-prayer,guide,Belgium,,none,none,none,top,GSC_IMPRESSIONS_68D:2,GSC_AVG_POSITION:9.5,50.9,LOW,/blog/attahiyat-full-arabic-english-tashahhud,/blog/attahiyat-full-arabic-english-tashahhud,LOW,guide,PROTECT,GSC_SEARCH_ANALYTICS_2026-06-02_TO_2026-08-08,LOW
attihyat,attihyat,informational,unclustered,unknown,Norway,,none,none,none,top,GSC_IMPRESSIONS_68D:2,GSC_AVG_POSITION:10,50.9,LOW,/blog/attahiyat-full-arabic-english-tashahhud,/blog/attahiyat-full-arabic-english-tashahhud,LOW,unknown,PROTECT,GSC_SEARCH_ANALYTICS_2026-06-02_TO_2026-08-08,LOW
best online quran classes,best online quran classes,commercial,quran-learning-service,service,Australia,,none,none,none,middle,GSC_IMPRESSIONS_68D:2,GSC_AVG_POSITION:81,50.9,MEDIUM,/locations/online-quran-classes-australia,/locations/online-quran-classes-australia,MEDIUM,service,CLUSTER SUPPORT,GSC_SEARCH_ANALYTICS_2026-06-02_TO_2026-08-08,LOW
free quran classes,free quran classes,commercial,quran-learning-service,service,Canada,,none,none,cost,middle,GSC_IMPRESSIONS_68D:2,GSC_AVG_POSITION:85,50.9,MEDIUM,/free-quran-classes-online,/free-quran-classes-online,LOW,service,CLUSTER SUPPORT,GSC_SEARCH_ANALYTICS_2026-06-02_TO_2026-08-08,LOW
free quran classes online,free quran classes online,commercial,quran-learning-service,service,Canada,,none,none,cost,middle,GSC_IMPRESSIONS_68D:2,GSC_AVG_POSITION:82.5,50.9,MEDIUM,/free-quran-classes-online,/free-quran-classes-online,LOW,service,CLUSTER SUPPORT,GSC_SEARCH_ANALYTICS_2026-06-02_TO_2026-08-08,LOW
quran 2:201 rabbana atina fid dunya hasanah transliteration,quran 2:201 rabbana atina fid dunya hasanah transliteration,informational,duas-supplications,guide,United States,,none,none,none,top,GSC_IMPRESSIONS_68D:2,GSC_AVG_POSITION:8.5,50.9,MEDIUM,/blog/rabbana-atina-fid-dunya,/blog/rabbana-atina-fid-dunya,LOW,guide,PROTECT,GSC_SEARCH_ANALYTICS_2026-06-02_TO_2026-08-08,LOW
quran 2:201 rabbana atina fid dunya hasanatan wa fil akhirati hasanatan wa qina adhaban nar,quran 2:201 rabbana atina fid dunya hasanatan wa fil akhirati hasanatan wa qina adhaban nar,informational,duas-supplications,guide,United States,,none,none,none,top,GSC_IMPRESSIONS_68D:2,GSC_AVG_POSITION:8,50.9,MEDIUM,/blog/rabbana-atina-fid-dunya,/blog/rabbana-atina-fid-dunya,LOW,guide,PROTECT,GSC_SEARCH_ANALYTICS_2026-06-02_TO_2026-08-08,LOW
quran 2:201 rabbana atina fid-dunya hasanah wa fil-akhirati hasanah wa qina adhaban-nar,quran 2:201 rabbana atina fid-dunya hasanah wa fil-akhirati hasanah wa qina adhaban-nar,informational,duas-supplications,guide,United States,,none,none,none,top,GSC_IMPRESSIONS_68D:2,GSC_AVG_POSITION:8.5,50.9,MEDIUM,/blog/rabbana-atina-fid-dunya,/blog/rabbana-atina-fid-dunya,LOW,guide,PROTECT,GSC_SEARCH_ANALYTICS_2026-06-02_TO_2026-08-08,LOW
quran 2:201 rabbana atina fid-dunya hasanatan wa fil akhirati hasanatan wa qina adhaban nar,quran 2:201 rabbana atina fid-dunya hasanatan wa fil akhirati hasanatan wa qina adhaban nar,informational,duas-supplications,guide,United States,,none,none,none,top,GSC_IMPRESSIONS_68D:2,GSC_AVG_POSITION:10,50.9,MEDIUM,/blog/rabbana-atina-fid-dunya,/blog/rabbana-atina-fid-dunya,LOW,guide,PROTECT,GSC_SEARCH_ANALYTICS_2026-06-02_TO_2026-08-08,LOW
quran 2:201 rabbana atina fid-dunya hasanatan wa fil-akhirati hasanatan wa qina adhaban nar,quran 2:201 rabbana atina fid-dunya hasanatan wa fil-akhirati hasanatan wa qina adhaban nar,informational,duas-supplications,guide,United States,,none,none,none,top,GSC_IMPRESSIONS_68D:2,GSC_AVG_POSITION:8,50.9,MEDIUM,/blog/rabbana-atina-fid-dunya,/blog/rabbana-atina-fid-dunya,LOW,guide,PROTECT,GSC_SEARCH_ANALYTICS_2026-06-02_TO_2026-08-08,LOW
quran 2:201 rabbana atina fid-dunya hasanatan wa fil-akhirati hasanatan wa qina adhaban-nar quran.com,quran 2:201 rabbana atina fid-dunya hasanatan wa fil-akhirati hasanatan wa qina adhaban-nar quran.com,informational,duas-supplications,guide,United States,,none,none,none,top,GSC_IMPRESSIONS_68D:2,GSC_AVG_POSITION:9,50.9,MEDIUM,/blog/rabbana-atina-fid-dunya,/blog/rabbana-atina-fid-dunya,LOW,guide,PROTECT,GSC_SEARCH_ANALYTICS_2026-06-02_TO_2026-08-08,LOW
uk census 2021 religion muslim percentage england wales ons,uk census 2021 religion muslim percentage england wales ons,informational,islamic-demographics,reference,Netherlands,,none,none,none,top,GSC_IMPRESSIONS_68D:2,GSC_AVG_POSITION:8,50.9,MEDIUM,/blog/muslim-population-statistics-uk-usa,/blog/muslim-population-statistics-uk-usa,LOW,reference,PROTECT,GSC_SEARCH_ANALYTICS_2026-06-02_TO_2026-08-08,LOW
what does barakallah mean,what does barakallah mean,informational,islamic-terms,definition,India,,none,none,none,top,GSC_IMPRESSIONS_68D:2,GSC_AVG_POSITION:6.5,50.9,HIGH,/blog/barakallah-meaning,/blog/barakallah-meaning,LOW,definition,PROTECT,GSC_SEARCH_ANALYTICS_2026-06-02_TO_2026-08-08,LOW
when to say barakallah,when to say barakallah,informational,islamic-terms,definition,India,,none,none,none,top,GSC_IMPRESSIONS_68D:2,GSC_AVG_POSITION:8.5,50.9,HIGH,/blog/barakallah-meaning,/blog/barakallah-meaning,LOW,definition,PROTECT,GSC_SEARCH_ANALYTICS_2026-06-02_TO_2026-08-08,LOW
sajadah tilawah dua,sajadah tilawah dua,informational,duas-supplications,guide,Sri Lanka,,none,none,none,top,GSC_IMPRESSIONS_68D:19,GSC_AVG_POSITION:7.5,50.7,LOW,/blog/sajdah-tilawat-dua-arabic-english,/blog/sajdah-tilawat-dua-arabic-english,LOW,guide,PROTECT,GSC_SEARCH_ANALYTICS_2026-06-02_TO_2026-08-08,HIGH
noorani qaida quiz,noorani qaida quiz,informational,noorani-qaida,course,India,,none,noorani-qaida,none,top,GSC_IMPRESSIONS_68D:4,GSC_AVG_POSITION:4,50.6,LOW,/noorani-qaida/games/progress-checklist,/noorani-qaida/games/progress-checklist,LOW,course,PROTECT,GSC_SEARCH_ANALYTICS_2026-06-02_TO_2026-08-08,MEDIUM
atayatu lilahi in english,atayatu lilahi in english,informational,salah-prayer,guide,Saudi Arabia,,none,none,none,top,GSC_IMPRESSIONS_68D:4,GSC_AVG_POSITION:10.8,50.6,HIGH,/blog/attahiyat-full-arabic-english-tashahhud,/blog/attahiyat-full-arabic-english-tashahhud,LOW,guide,PROTECT,GSC_SEARCH_ANALYTICS_2026-06-02_TO_2026-08-08,MEDIUM
barakullah,barakullah,informational,unclustered,unknown,Sweden,,none,none,none,top,GSC_IMPRESSIONS_68D:4,GSC_AVG_POSITION:9.8,50.6,LOW,/blog/barakallah-meaning,/blog/barakallah-meaning,LOW,unknown,PROTECT,GSC_SEARCH_ANALYTICS_2026-06-02_TO_2026-08-08,MEDIUM
quran courses,quran courses,commercial,quran-learning-service,service,United States,,none,none,none,middle,GSC_IMPRESSIONS_68D:9,GSC_AVG_POSITION:85.7,50.6,MEDIUM,/locations/online-quran-classes-usa,/locations/online-quran-classes-usa,HIGH,service,DIFFERENTIATE INTENT,GSC_SEARCH_ANALYTICS_2026-06-02_TO_2026-08-08,MEDIUM
online quran teacher,online quran teacher,commercial,quran-learning-service,service,United States,,none,none,none,middle,GSC_IMPRESSIONS_68D:8,GSC_AVG_POSITION:66.1,50.4,MEDIUM,/quran-teacher-online,/quran-teacher-online,HIGH,service,DIFFERENTIATE INTENT,GSC_SEARCH_ANALYTICS_2026-06-02_TO_2026-08-08,MEDIUM
online quran tutor,online quran tutor,commercial,quran-learning-service,service,United States,,none,none,none,middle,GSC_IMPRESSIONS_68D:8,GSC_AVG_POSITION:62.1,50.4,MEDIUM,/quran-teacher-online,/quran-teacher-online,HIGH,service,DIFFERENTIATE INTENT,GSC_SEARCH_ANALYTICS_2026-06-02_TO_2026-08-08,MEDIUM
quran classes online usa,quran classes online usa,commercial,quran-learning-service,service,United States,,none,none,none,middle,GSC_IMPRESSIONS_68D:8,GSC_AVG_POSITION:93.5,50.4,MEDIUM,/locations/online-quran-classes-usa,/locations/online-quran-classes-usa,LOW,service,CLUSTER SUPPORT,GSC_SEARCH_ANALYTICS_2026-06-02_TO_2026-08-08,MEDIUM
quran online classes,quran online classes,commercial,quran-learning-service,service,United States,,none,none,none,middle,GSC_IMPRESSIONS_68D:8,GSC_AVG_POSITION:94.8,50.4,MEDIUM,/locations/online-quran-classes-usa,/locations/online-quran-classes-usa,HIGH,service,DIFFERENTIATE INTENT,GSC_SEARCH_ANALYTICS_2026-06-02_TO_2026-08-08,MEDIUM
attahiyat in arabic text,attahiyat in arabic text,informational,salah-prayer,guide,Pakistan,,none,none,none,top,GSC_IMPRESSIONS_68D:7,GSC_AVG_POSITION:10,50.1,MEDIUM,/blog/attahiyat-full-arabic-english-tashahhud,/blog/attahiyat-full-arabic-english-tashahhud,LOW,guide,PROTECT,GSC_SEARCH_ANALYTICS_2026-06-02_TO_2026-08-08,MEDIUM
attahiyat with english translation,attahiyat with english translation,informational,salah-prayer,guide,Pakistan,,none,none,none,top,GSC_IMPRESSIONS_68D:7,GSC_AVG_POSITION:17,50.1,HIGH,/blog/attahiyat-full-arabic-english-tashahhud,/blog/attahiyat-full-arabic-english-tashahhud,LOW,guide,PROTECT,GSC_SEARCH_ANALYTICS_2026-06-02_TO_2026-08-08,MEDIUM
haa,haa,informational,noorani-qaida,course,Pakistan,,none,none,none,top,GSC_IMPRESSIONS_68D:3,GSC_AVG_POSITION:7.7,50.1,LOW,/noorani-qaida/arabic-letters/haa,/noorani-qaida/arabic-letters/haa,LOW,course,PROTECT,GSC_SEARCH_ANALYTICS_2026-06-02_TO_2026-08-08,MEDIUM
labbaik meaning,labbaik meaning,informational,islamic-terms,definition,India,,none,none,none,top,GSC_IMPRESSIONS_68D:30,GSC_AVG_POSITION:13.7,50.1,HIGH,/blog/labbaik-allahumma-labbaik,/blog/labbaik-allahumma-labbaik,LOW,definition,PROTECT,GSC_SEARCH_ANALYTICS_2026-06-02_TO_2026-08-08,HIGH
online quran classes canada,online quran classes canada,commercial,quran-learning-service,service,United States,,none,none,none,middle,GSC_IMPRESSIONS_68D:3,GSC_AVG_POSITION:57.7,50.1,MEDIUM,/locations/online-quran-classes-canada,/locations/online-quran-classes-canada,LOW,service,CLUSTER SUPPORT,GSC_SEARCH_ANALYTICS_2026-06-02_TO_2026-08-08,MEDIUM
online quran courses,online quran courses,commercial,quran-learning-service,service,United States,,none,none,none,middle,GSC_IMPRESSIONS_68D:7,GSC_AVG_POSITION:94.9,50.1,MEDIUM,/locations/online-quran-classes-usa,/locations/online-quran-classes-usa,MEDIUM,service,CLUSTER SUPPORT,GSC_SEARCH_ANALYTICS_2026-06-02_TO_2026-08-08,MEDIUM
sajda tilawat dua in arabic,sajda tilawat dua in arabic,informational,salah-prayer,guide,Egypt,,none,none,none,top,GSC_IMPRESSIONS_68D:7,GSC_AVG_POSITION:5.3,50.1,MEDIUM,/blog/sajdah-tilawat-dua-arabic-english,/blog/sajdah-tilawat-dua-arabic-english,LOW,guide,PROTECT,GSC_SEARCH_ANALYTICS_2026-06-02_TO_2026-08-08,MEDIUM
tahiyat meaning,tahiyat meaning,informational,salah-prayer,guide,Spain,,none,none,none,top,GSC_IMPRESSIONS_68D:3,GSC_AVG_POSITION:37.3,50.1,HIGH,/blog/attahiyat-full-arabic-english-tashahhud,/blog/attahiyat-full-arabic-english-tashahhud,LOW,guide,MONITOR,GSC_SEARCH_ANALYTICS_2026-06-02_TO_2026-08-08,MEDIUM
allahu akbar in arabic,allahu akbar in arabic,informational,islamic-terms,definition,Sweden,,none,none,none,top,GSC_IMPRESSIONS_68D:1,GSC_AVG_POSITION:20,50.0,MEDIUM,/blog/allahu-akbar-meaning-in-english,/blog/allahu-akbar-meaning-in-english,LOW,definition,PROTECT,GSC_SEARCH_ANALYTICS_2026-06-02_TO_2026-08-08,LOW
are there more,are there more,informational,unclustered,unknown,Egypt,,none,none,none,top,GSC_IMPRESSIONS_68D:1,GSC_AVG_POSITION:1,50.0,HIGH,/islamic-resources,/islamic-resources,LOW,unknown,PROTECT,GSC_SEARCH_ANALYTICS_2026-06-02_TO_2026-08-08,LOW
atahoyat,atahoyat,informational,unclustered,unknown,Norway,,none,none,none,top,GSC_IMPRESSIONS_68D:1,GSC_AVG_POSITION:9,50.0,LOW,/blog/attahiyat-full-arabic-english-tashahhud,/blog/attahiyat-full-arabic-english-tashahhud,LOW,unknown,PROTECT,GSC_SEARCH_ANALYTICS_2026-06-02_TO_2026-08-08,LOW
ayatul kursi english translation,ayatul kursi english translation,informational,quran-surahs,reference,Denmark,,none,none,none,top,GSC_IMPRESSIONS_68D:1,GSC_AVG_POSITION:38,50.0,HIGH,/blog/ayatul-kursi-arabic-english-benefits,/blog/ayatul-kursi-arabic-english-benefits,LOW,reference,MONITOR,GSC_SEARCH_ANALYTICS_2026-06-02_TO_2026-08-08,LOW
barakallah in english,barakallah in english,informational,islamic-terms,definition,India,,none,none,none,top,GSC_IMPRESSIONS_68D:1,GSC_AVG_POSITION:5,50.0,HIGH,/blog/barakallah-meaning,/blog/barakallah-meaning,LOW,definition,PROTECT,GSC_SEARCH_ANALYTICS_2026-06-02_TO_2026-08-08,LOW
barakallahu meaning,barakallahu meaning,informational,islamic-terms,definition,India,,none,none,none,top,GSC_IMPRESSIONS_68D:1,GSC_AVG_POSITION:9,50.0,HIGH,/blog/barakallah-meaning,/blog/barakallah-meaning,LOW,definition,PROTECT,GSC_SEARCH_ANALYTICS_2026-06-02_TO_2026-08-08,LOW
class quran,class quran,commercial,quran-learning-service,service,Australia,,none,none,none,middle,GSC_IMPRESSIONS_68D:1,GSC_AVG_POSITION:79,50.0,MEDIUM,/locations/online-quran-classes-australia,/locations/online-quran-classes-australia,LOW,service,CLUSTER SUPPORT,GSC_SEARCH_ANALYTICS_2026-06-02_TO_2026-08-08,LOW
ek din inshallah in english,ek din inshallah in english,informational,islamic-terms,definition,Pakistan,,none,none,none,top,GSC_IMPRESSIONS_68D:1,GSC_AVG_POSITION:9,50.0,HIGH,/blog/inshallah-meaning-in-english,/blog/inshallah-meaning-in-english,LOW,definition,PROTECT,GSC_SEARCH_ANALYTICS_2026-06-02_TO_2026-08-08,LOW
haa in arabic,haa in arabic,informational,noorani-qaida,course,Canada,,none,none,none,top,GSC_IMPRESSIONS_68D:1,GSC_AVG_POSITION:11,50.0,LOW,/noorani-qaida/arabic-letters/haa,/noorani-qaida/arabic-letters/haa,LOW,course,PROTECT,GSC_SEARCH_ANALYTICS_2026-06-02_TO_2026-08-08,LOW
inna lillahi wa inna ilayhi raji'un meaning condolence phrase,inna lillahi wa inna ilayhi raji'un meaning condolence phrase,informational,unclustered,unknown,UAE,,none,none,none,top,GSC_IMPRESSIONS_68D:1,GSC_AVG_POSITION:7,50.0,HIGH,/blog/inna-lillahi-wa-inna-ilayhi-rajiun-meaning,/blog/inna-lillahi-wa-inna-ilayhi-rajiun-meaning,LOW,unknown,PROTECT,GSC_SEARCH_ANALYTICS_2026-06-02_TO_2026-08-08,LOW
islamic courses singapore,islamic courses singapore,commercial,quran-learning-service,service,Australia,,none,none,none,middle,GSC_IMPRESSIONS_68D:1,GSC_AVG_POSITION:77,50.0,MEDIUM,/locations/online-quran-classes-singapore,/locations/online-quran-classes-singapore,LOW,service,CLUSTER SUPPORT,GSC_SEARCH_ANALYTICS_2026-06-02_TO_2026-08-08,LOW
islamic tutor,islamic tutor,commercial,quran-learning-service,service,Australia,,none,none,none,middle,GSC_IMPRESSIONS_68D:1,GSC_AVG_POSITION:74,50.0,MEDIUM,/locations/online-quran-classes-australia,/locations/online-quran-classes-australia,LOW,service,CLUSTER SUPPORT,GSC_SEARCH_ANALYTICS_2026-06-02_TO_2026-08-08,LOW
learning quran school,learning quran school,commercial,quran-learning-service,service,Australia,,none,none,none,middle,GSC_IMPRESSIONS_68D:1,GSC_AVG_POSITION:87,50.0,MEDIUM,/locations/online-quran-classes-australia,/locations/online-quran-classes-australia,LOW,service,CLUSTER SUPPORT,GSC_SEARCH_ANALYTICS_2026-06-02_TO_2026-08-08,LOW
meaning barakallah,meaning barakallah,informational,islamic-terms,definition,India,,none,none,none,top,GSC_IMPRESSIONS_68D:1,GSC_AVG_POSITION:8,50.0,HIGH,/blog/barakallah-meaning,/blog/barakallah-meaning,LOW,definition,PROTECT,GSC_SEARCH_ANALYTICS_2026-06-02_TO_2026-08-08,LOW
noor academy near me,noor academy near me,navigational,brand,brand,India,,none,none,no-local-access,brand,GSC_IMPRESSIONS_68D:1,GSC_AVG_POSITION:10,50.0,LOW,/online-quran-classes/mumbai,/online-quran-classes/mumbai,LOW,brand,PROTECT,GSC_SEARCH_ANALYTICS_2026-06-02_TO_2026-08-08,LOW
noorani qaida audio,noorani qaida audio,informational,noorani-qaida,course,Nigeria,,none,noorani-qaida,none,top,GSC_IMPRESSIONS_68D:1,GSC_AVG_POSITION:3,50.0,LOW,/noorani-qaida,/noorani-qaida,LOW,course,PROTECT,GSC_SEARCH_ANALYTICS_2026-06-02_TO_2026-08-08,LOW
online ijazah course,online ijazah course,commercial,quran-learning-service,service,Australia,,none,none,none,middle,GSC_IMPRESSIONS_68D:1,GSC_AVG_POSITION:99,50.0,MEDIUM,/locations/online-quran-classes-australia,/locations/online-quran-classes-australia,LOW,service,CLUSTER SUPPORT,GSC_SEARCH_ANALYTICS_2026-06-02_TO_2026-08-08,LOW
online quran classes from pakistan free,online quran classes from pakistan free,commercial,quran-learning-service,service,Australia,,none,none,cost,middle,GSC_IMPRESSIONS_68D:1,GSC_AVG_POSITION:87,50.0,MEDIUM,/free-quran-classes-online,/free-quran-classes-online,LOW,service,CLUSTER SUPPORT,GSC_SEARCH_ANALYTICS_2026-06-02_TO_2026-08-08,LOW
online quran classes in australia,online quran classes in australia,commercial,quran-learning-service,service,Australia,,none,none,none,middle,GSC_IMPRESSIONS_68D:1,GSC_AVG_POSITION:88,50.0,MEDIUM,/locations/online-quran-classes-australia,/locations/online-quran-classes-australia,LOW,service,CLUSTER SUPPORT,GSC_SEARCH_ANALYTICS_2026-06-02_TO_2026-08-08,LOW
private quran tutor,private quran tutor,commercial,quran-learning-service,service,Australia,,none,none,one-to-one,middle,GSC_IMPRESSIONS_68D:1,GSC_AVG_POSITION:74,50.0,MEDIUM,/locations/online-quran-classes-australia,/locations/online-quran-classes-australia,LOW,service,CLUSTER SUPPORT,GSC_SEARCH_ANALYTICS_2026-06-02_TO_2026-08-08,LOW
quran 2:201 rabbana atina fid-dunya hasanatan,quran 2:201 rabbana atina fid-dunya hasanatan,informational,duas-supplications,guide,United States,,none,none,none,top,GSC_IMPRESSIONS_68D:1,GSC_AVG_POSITION:10,50.0,MEDIUM,/blog/rabbana-atina-fid-dunya,/blog/rabbana-atina-fid-dunya,LOW,guide,PROTECT,GSC_SEARCH_ANALYTICS_2026-06-02_TO_2026-08-08,LOW
quran class online free,quran class online free,commercial,quran-learning-service,service,Canada,,none,none,cost,middle,GSC_IMPRESSIONS_68D:1,GSC_AVG_POSITION:77,50.0,MEDIUM,/free-quran-classes-online,/free-quran-classes-online,LOW,service,CLUSTER SUPPORT,GSC_SEARCH_ANALYTICS_2026-06-02_TO_2026-08-08,LOW
quran classes for kids,quran classes for kids,commercial,quran-learning-service,service,Australia,,kids,none,none,middle,GSC_IMPRESSIONS_68D:1,GSC_AVG_POSITION:81,50.0,MEDIUM,/locations/online-quran-classes-australia,/locations/online-quran-classes-australia,LOW,service,CLUSTER SUPPORT,GSC_SEARCH_ANALYTICS_2026-06-02_TO_2026-08-08,LOW
quran classes for women,quran classes for women,commercial,quran-learning-service,service,Australia,,women,none,gender-preference,middle,GSC_IMPRESSIONS_68D:1,GSC_AVG_POSITION:97,50.0,MEDIUM,/locations/online-quran-classes-australia,/locations/online-quran-classes-australia,LOW,service,CLUSTER SUPPORT,GSC_SEARCH_ANALYTICS_2026-06-02_TO_2026-08-08,LOW
quran classes online free,quran classes online free,commercial,quran-learning-service,service,Canada,,none,none,cost,middle,GSC_IMPRESSIONS_68D:1,GSC_AVG_POSITION:74,50.0,MEDIUM,/free-quran-classes-online,/free-quran-classes-online,LOW,service,CLUSTER SUPPORT,GSC_SEARCH_ANALYTICS_2026-06-02_TO_2026-08-08,LOW
quran home tuition,quran home tuition,commercial,quran-learning-service,service,Australia,,none,none,none,middle,GSC_IMPRESSIONS_68D:1,GSC_AVG_POSITION:72,50.0,MEDIUM,/locations/online-quran-classes-australia,/locations/online-quran-classes-australia,LOW,service,CLUSTER SUPPORT,GSC_SEARCH_ANALYTICS_2026-06-02_TO_2026-08-08,LOW
quran online course,quran online course,commercial,quran-learning-service,service,Canada,,none,none,none,middle,GSC_IMPRESSIONS_68D:1,GSC_AVG_POSITION:99,50.0,MEDIUM,/locations/online-quran-classes-canada,/locations/online-quran-classes-canada,LOW,service,CLUSTER SUPPORT,GSC_SEARCH_ANALYTICS_2026-06-02_TO_2026-08-08,LOW
quran.com 2:201 rabbana atina fid dunya hasanatan,quran.com 2:201 rabbana atina fid dunya hasanatan,informational,duas-supplications,guide,United States,,none,none,none,top,GSC_IMPRESSIONS_68D:1,GSC_AVG_POSITION:10,50.0,MEDIUM,/blog/rabbana-atina-fid-dunya,/blog/rabbana-atina-fid-dunya,LOW,guide,PROTECT,GSC_SEARCH_ANALYTICS_2026-06-02_TO_2026-08-08,LOW
wa feekum barakallah meaning,wa feekum barakallah meaning,informational,islamic-terms,definition,India,,none,none,none,top,GSC_IMPRESSIONS_68D:1,GSC_AVG_POSITION:9,50.0,HIGH,/blog/barakallah-meaning,/blog/barakallah-meaning,LOW,definition,PROTECT,GSC_SEARCH_ANALYTICS_2026-06-02_TO_2026-08-08,LOW
what breaks wudu,what breaks wudu,informational,salah-prayer,guide,Sweden,,none,none,none,top,GSC_IMPRESSIONS_68D:1,GSC_AVG_POSITION:27,50.0,HIGH,/blog/what-breaks-wudu,/blog/what-breaks-wudu,LOW,guide,MONITOR,GSC_SEARCH_ANALYTICS_2026-06-02_TO_2026-08-08,LOW
what does barak allah feek mean,what does barak allah feek mean,informational,islamic-terms,definition,Pakistan,,none,none,none,top,GSC_IMPRESSIONS_68D:1,GSC_AVG_POSITION:10,50.0,HIGH,/blog/barakallah-meaning,/blog/barakallah-meaning,LOW,definition,PROTECT,GSC_SEARCH_ANALYTICS_2026-06-02_TO_2026-08-08,LOW
what is labbaik allahumma labbaik called,what is labbaik allahumma labbaik called,informational,islamic-terms,definition,India,,none,none,none,top,GSC_IMPRESSIONS_68D:1,GSC_AVG_POSITION:10,50.0,HIGH,/blog/labbaik-allahumma-labbaik,/blog/labbaik-allahumma-labbaik,LOW,definition,PROTECT,GSC_SEARCH_ANALYTICS_2026-06-02_TO_2026-08-08,LOW
inshallah khair meaning,inshallah khair meaning,informational,islamic-terms,definition,KEN,,none,none,none,top,GSC_IMPRESSIONS_68D:6,GSC_AVG_POSITION:10.8,49.9,HIGH,/blog/inshallah-meaning-in-english,/blog/inshallah-meaning-in-english,LOW,definition,PROTECT,GSC_SEARCH_ANALYTICS_2026-06-02_TO_2026-08-08,MEDIUM
"أستغفر الله meaning ""i seek forgiveness from allah""","أستغفر الله meaning ""i seek forgiveness from allah""",informational,islamic-general,reference,United States,,none,none,none,top,GSC_IMPRESSIONS_68D:6,GSC_AVG_POSITION:10.7,49.9,HIGH,/blog/astaghfirullah-meaning,/blog/astaghfirullah-meaning,LOW,reference,PROTECT,GSC_SEARCH_ANALYTICS_2026-06-02_TO_2026-08-08,MEDIUM
attahiyat translation in english,attahiyat translation in english,informational,salah-prayer,guide,India,,none,none,none,top,GSC_IMPRESSIONS_68D:5,GSC_AVG_POSITION:19.8,49.6,HIGH,/blog/attahiyat-full-arabic-english-tashahhud,/blog/attahiyat-full-arabic-english-tashahhud,LOW,guide,PROTECT,GSC_SEARCH_ANALYTICS_2026-06-02_TO_2026-08-08,MEDIUM
dua masura english,dua masura english,informational,duas-supplications,guide,Australia,,none,none,none,top,GSC_IMPRESSIONS_68D:5,GSC_AVG_POSITION:7.4,49.6,LOW,/blog/dua-e-masura-arabic-english,/blog/dua-e-masura-arabic-english,LOW,guide,PROTECT,GSC_SEARCH_ANALYTICS_2026-06-02_TO_2026-08-08,MEDIUM
free quran course,free quran course,commercial,quran-learning-service,service,United States,,none,none,cost,middle,GSC_IMPRESSIONS_68D:5,GSC_AVG_POSITION:85.2,49.6,MEDIUM,/free-quran-classes-online,/free-quran-classes-online,LOW,service,CLUSTER SUPPORT,GSC_SEARCH_ANALYTICS_2026-06-02_TO_2026-08-08,MEDIUM
online quran school,online quran school,commercial,quran-learning-service,service,United States,,none,none,none,middle,GSC_IMPRESSIONS_68D:5,GSC_AVG_POSITION:97,49.6,MEDIUM,/locations/online-quran-classes-usa,/locations/online-quran-classes-usa,MEDIUM,service,CLUSTER SUPPORT,GSC_SEARCH_ANALYTICS_2026-06-02_TO_2026-08-08,MEDIUM
barakkallah meaning,barakkallah meaning,informational,islamic-general,reference,India,,none,none,none,top,GSC_IMPRESSIONS_68D:2,GSC_AVG_POSITION:6.5,49.4,HIGH,/blog/barakallah-meaning,/blog/barakallah-meaning,LOW,reference,PROTECT,GSC_SEARCH_ANALYTICS_2026-06-02_TO_2026-08-08,LOW
noorani game,noorani game,informational,noorani-qaida,course,India,,none,noorani-qaida,none,top,GSC_IMPRESSIONS_68D:2,GSC_AVG_POSITION:6,49.4,LOW,/noorani-qaida/games,/noorani-qaida/games,LOW,course,PROTECT,GSC_SEARCH_ANALYTICS_2026-06-02_TO_2026-08-08,LOW
online quran female teacher,online quran female teacher,commercial,quran-learning-service,service,United States,,women,none,gender-preference,middle,GSC_IMPRESSIONS_68D:2,GSC_AVG_POSITION:58,49.4,MEDIUM,/female-quran-teacher-online,/female-quran-teacher-online,LOW,service,CLUSTER SUPPORT,GSC_SEARCH_ANALYTICS_2026-06-02_TO_2026-08-08,LOW
ons census 2021 muslim population england wales percentage,ons census 2021 muslim population england wales percentage,informational,islamic-demographics,reference,Germany,,none,none,none,top,GSC_IMPRESSIONS_68D:2,GSC_AVG_POSITION:8,49.4,MEDIUM,/blog/muslim-population-statistics-uk-usa,/blog/muslim-population-statistics-uk-usa,LOW,reference,PROTECT,GSC_SEARCH_ANALYTICS_2026-06-02_TO_2026-08-08,LOW
what does labbaik mean,what does labbaik mean,informational,islamic-terms,definition,New Zealand,,none,none,none,top,GSC_IMPRESSIONS_68D:2,GSC_AVG_POSITION:32.5,49.4,HIGH,/blog/labbaik-allahumma-labbaik,/blog/labbaik-allahumma-labbaik,LOW,definition,MONITOR,GSC_SEARCH_ANALYTICS_2026-06-02_TO_2026-08-08,LOW
you noorani game,you noorani game,informational,noorani-qaida,course,India,,none,noorani-qaida,none,top,GSC_IMPRESSIONS_68D:2,GSC_AVG_POSITION:5,49.4,LOW,/noorani-qaida/games,/noorani-qaida/games,LOW,course,PROTECT,GSC_SEARCH_ANALYTICS_2026-06-02_TO_2026-08-08,LOW
iqra classes singapore,iqra classes singapore,commercial,quran-learning-service,service,United States,,none,none,none,middle,GSC_IMPRESSIONS_68D:4,GSC_AVG_POSITION:62.5,49.1,MEDIUM,/locations/online-quran-classes-singapore,/locations/online-quran-classes-singapore,LOW,service,CLUSTER SUPPORT,GSC_SEARCH_ANALYTICS_2026-06-02_TO_2026-08-08,MEDIUM
quran recitation classes,quran recitation classes,commercial,quran-learning-service,service,United States,,none,quran-reading,none,middle,GSC_IMPRESSIONS_68D:4,GSC_AVG_POSITION:94,49.1,MEDIUM,/locations/online-quran-classes-usa,/locations/online-quran-classes-usa,LOW,service,CLUSTER SUPPORT,GSC_SEARCH_ANALYTICS_2026-06-02_TO_2026-08-08,MEDIUM
affordable quran classes usa,affordable quran classes usa,commercial,quran-learning-service,service,United States,,none,none,cost,middle,GSC_IMPRESSIONS_68D:3,GSC_AVG_POSITION:87.7,48.7,MEDIUM,/locations/online-quran-classes-usa,/locations/online-quran-classes-usa,LOW,service,CLUSTER SUPPORT,GSC_SEARCH_ANALYTICS_2026-06-02_TO_2026-08-08,MEDIUM
free online quran classes,free online quran classes,commercial,quran-learning-service,service,United States,,none,none,cost,middle,GSC_IMPRESSIONS_68D:3,GSC_AVG_POSITION:84.3,48.7,MEDIUM,/free-quran-classes-online,/free-quran-classes-online,LOW,service,CLUSTER SUPPORT,GSC_SEARCH_ANALYTICS_2026-06-02_TO_2026-08-08,MEDIUM
free online quran courses,free online quran courses,commercial,quran-learning-service,service,United States,,none,none,cost,middle,GSC_IMPRESSIONS_68D:3,GSC_AVG_POSITION:87.3,48.7,MEDIUM,/free-quran-classes-online,/free-quran-classes-online,LOW,service,CLUSTER SUPPORT,GSC_SEARCH_ANALYTICS_2026-06-02_TO_2026-08-08,MEDIUM
online hifz course,online hifz course,commercial,quran-learning-service,service,United Kingdom,,none,hifz,none,middle,GSC_IMPRESSIONS_68D:3,GSC_AVG_POSITION:91.3,48.7,MEDIUM,/hifz-quran-online,/hifz-quran-online,LOW,service,CLUSTER SUPPORT,GSC_SEARCH_ANALYTICS_2026-06-02_TO_2026-08-08,MEDIUM
online quran teacher female,online quran teacher female,commercial,quran-learning-service,service,Pakistan,,women,none,gender-preference,middle,GSC_IMPRESSIONS_68D:3,GSC_AVG_POSITION:50,48.7,MEDIUM,/female-quran-teacher-online,/female-quran-teacher-online,LOW,service,MONITOR,GSC_SEARCH_ANALYTICS_2026-06-02_TO_2026-08-08,MEDIUM
online seerah course,online seerah course,commercial,quran-learning-service,service,United Kingdom,,none,islamic-studies,none,middle,GSC_IMPRESSIONS_68D:3,GSC_AVG_POSITION:84.7,48.7,MEDIUM,/courses/islamic-studies-online,/courses/islamic-studies-online,LOW,service,CLUSTER SUPPORT,GSC_SEARCH_ANALYTICS_2026-06-02_TO_2026-08-08,MEDIUM
quran teacher near me,quran teacher near me,commercial,quran-learning-service,service,United States,,none,none,no-local-access,middle,GSC_IMPRESSIONS_68D:3,GSC_AVG_POSITION:77,48.7,MEDIUM,/online-quran-classes/houston,/online-quran-classes/houston,MEDIUM,service,CLUSTER SUPPORT,GSC_SEARCH_ANALYTICS_2026-06-02_TO_2026-08-08,MEDIUM
at tahyat,at tahyat,informational,unclustered,unknown,Sweden,,none,none,none,top,GSC_IMPRESSIONS_68D:1,GSC_AVG_POSITION:10,48.6,LOW,/blog/attahiyat-full-arabic-english-tashahhud,/blog/attahiyat-full-arabic-english-tashahhud,LOW,unknown,PROTECT,GSC_SEARCH_ANALYTICS_2026-06-02_TO_2026-08-08,LOW
ataiyat,ataiyat,informational,salah-prayer,guide,New Zealand,,none,none,none,top,GSC_IMPRESSIONS_68D:1,GSC_AVG_POSITION:11,48.6,LOW,/blog/attahiyat-full-arabic-english-tashahhud,/blog/attahiyat-full-arabic-english-tashahhud,LOW,guide,PROTECT,GSC_SEARCH_ANALYTICS_2026-06-02_TO_2026-08-08,LOW
atihiyat,atihiyat,informational,unclustered,unknown,Sweden,,none,none,none,top,GSC_IMPRESSIONS_68D:1,GSC_AVG_POSITION:9,48.6,LOW,/blog/attahiyat-full-arabic-english-tashahhud,/blog/attahiyat-full-arabic-english-tashahhud,LOW,unknown,PROTECT,GSC_SEARCH_ANALYTICS_2026-06-02_TO_2026-08-08,LOW
attahitat,attahitat,informational,unclustered,unknown,Sweden,,none,none,none,top,GSC_IMPRESSIONS_68D:1,GSC_AVG_POSITION:10,48.6,LOW,/blog/attahiyat-full-arabic-english-tashahhud,/blog/attahiyat-full-arabic-english-tashahhud,LOW,unknown,PROTECT,GSC_SEARCH_ANALYTICS_2026-06-02_TO_2026-08-08,LOW
attahiyat lillahi wa salawatu full,attahiyat lillahi wa salawatu full,informational,salah-prayer,guide,Nigeria,,none,none,none,top,GSC_IMPRESSIONS_68D:1,GSC_AVG_POSITION:3,48.6,MEDIUM,/blog/attahiyat-full-arabic-english-tashahhud,/blog/attahiyat-full-arabic-english-tashahhud,LOW,guide,PROTECT,GSC_SEARCH_ANALYTICS_2026-06-02_TO_2026-08-08,LOW
attahyatu,attahyatu,informational,unclustered,unknown,Sweden,,none,none,none,top,GSC_IMPRESSIONS_68D:1,GSC_AVG_POSITION:10,48.6,LOW,/blog/attahiyat-full-arabic-english-tashahhud,/blog/attahiyat-full-arabic-english-tashahhud,LOW,unknown,PROTECT,GSC_SEARCH_ANALYTICS_2026-06-02_TO_2026-08-08,LOW
dua of sajdah tilawah,dua of sajdah tilawah,informational,salah-prayer,guide,Kuwait,,none,none,none,top,GSC_IMPRESSIONS_68D:1,GSC_AVG_POSITION:9,48.6,MEDIUM,/blog/sajdah-tilawat-dua-arabic-english,/blog/sajdah-tilawat-dua-arabic-english,LOW,guide,PROTECT,GSC_SEARCH_ANALYTICS_2026-06-02_TO_2026-08-08,LOW
full attahiyat in prayer,full attahiyat in prayer,informational,salah-prayer,guide,Nigeria,,none,none,none,top,GSC_IMPRESSIONS_68D:1,GSC_AVG_POSITION:3,48.6,MEDIUM,/blog/attahiyat-full-arabic-english-tashahhud,/blog/attahiyat-full-arabic-english-tashahhud,LOW,guide,PROTECT,GSC_SEARCH_ANALYTICS_2026-06-02_TO_2026-08-08,LOW
labbaik allahumma labbaik meaning,labbaik allahumma labbaik meaning,informational,islamic-terms,definition,India,,none,none,none,top,GSC_IMPRESSIONS_68D:13,GSC_AVG_POSITION:19.6,48.6,HIGH,/blog/labbaik-allahumma-labbaik,/blog/labbaik-allahumma-labbaik,LOW,definition,PROTECT,GSC_SEARCH_ANALYTICS_2026-06-02_TO_2026-08-08,HIGH
labbayka,labbayka,informational,unclustered,unknown,Portugal,,none,none,none,top,GSC_IMPRESSIONS_68D:1,GSC_AVG_POSITION:10,48.6,LOW,/blog/labbaik-allahumma-labbaik,/blog/labbaik-allahumma-labbaik,LOW,unknown,PROTECT,GSC_SEARCH_ANALYTICS_2026-06-02_TO_2026-08-08,LOW
online class al quran malaysia,online class al quran malaysia,commercial,quran-learning-service,service,United States,,none,none,none,middle,GSC_IMPRESSIONS_68D:1,GSC_AVG_POSITION:52,48.6,MEDIUM,/locations/online-quran-classes-malaysia,/locations/online-quran-classes-malaysia,LOW,service,CLUSTER SUPPORT,GSC_SEARCH_ANALYTICS_2026-06-02_TO_2026-08-08,LOW
ons muslim population england wales 2021 census,ons muslim population england wales 2021 census,informational,islamic-demographics,reference,Germany,,none,none,none,top,GSC_IMPRESSIONS_68D:1,GSC_AVG_POSITION:10,48.6,MEDIUM,/blog/muslim-population-statistics-uk-usa,/blog/muslim-population-statistics-uk-usa,LOW,reference,PROTECT,GSC_SEARCH_ANALYTICS_2026-06-02_TO_2026-08-08,LOW
quran learning center near me,quran learning center near me,commercial,islamic-general,reference,Saudi Arabia,,none,none,no-local-access,middle,GSC_IMPRESSIONS_68D:1,GSC_AVG_POSITION:12,48.6,MEDIUM,/locations/online-quran-classes-saudi-arabia,/locations/online-quran-classes-saudi-arabia,LOW,reference,INTERNAL LINKS,GSC_SEARCH_ANALYTICS_2026-06-02_TO_2026-08-08,LOW
quran learning for kids near me,quran learning for kids near me,commercial,islamic-general,reference,Saudi Arabia,,kids,none,no-local-access,middle,GSC_IMPRESSIONS_68D:1,GSC_AVG_POSITION:12,48.6,MEDIUM,/locations/online-quran-classes-saudi-arabia,/locations/online-quran-classes-saudi-arabia,LOW,reference,INTERNAL LINKS,GSC_SEARCH_ANALYTICS_2026-06-02_TO_2026-08-08,LOW
rabbana atina fid dunya hasanah in english,rabbana atina fid dunya hasanah in english,informational,duas-supplications,guide,THA,,none,none,none,top,GSC_IMPRESSIONS_68D:1,GSC_AVG_POSITION:14,48.6,HIGH,/blog/rabbana-atina-fid-dunya,/blog/rabbana-atina-fid-dunya,LOW,guide,PROTECT,GSC_SEARCH_ANALYTICS_2026-06-02_TO_2026-08-08,LOW
rabbana atina fid dunya meaning in urdu,rabbana atina fid dunya meaning in urdu,informational,duas-supplications,guide,DZA,,none,none,none,top,GSC_IMPRESSIONS_68D:1,GSC_AVG_POSITION:15,48.6,HIGH,/blog/rabbana-atina-fid-dunya,/blog/rabbana-atina-fid-dunya,LOW,guide,PROTECT,GSC_SEARCH_ANALYTICS_2026-06-02_TO_2026-08-08,LOW
travel dua plane,travel dua plane,informational,duas-supplications,guide,Belgium,,none,none,none,top,GSC_IMPRESSIONS_68D:1,GSC_AVG_POSITION:9,48.6,LOW,/blog/safar-ki-dua-travel-dua-arabic-english,/blog/safar-ki-dua-travel-dua-arabic-english,LOW,guide,PROTECT,GSC_SEARCH_ANALYTICS_2026-06-02_TO_2026-08-08,LOW
uk census 2021 muslim percentage england wales scotland northern ireland,uk census 2021 muslim percentage england wales scotland northern ireland,informational,islamic-demographics,reference,Germany,,none,none,none,top,GSC_IMPRESSIONS_68D:1,GSC_AVG_POSITION:6,48.6,MEDIUM,/blog/muslim-population-statistics-uk-usa,/blog/muslim-population-statistics-uk-usa,LOW,reference,PROTECT,GSC_SEARCH_ANALYTICS_2026-06-02_TO_2026-08-08,LOW
what does labaik mean,what does labaik mean,informational,islamic-terms,definition,New Zealand,,none,none,none,top,GSC_IMPRESSIONS_68D:1,GSC_AVG_POSITION:36,48.6,HIGH,/blog/labbaik-allahumma-labbaik,/blog/labbaik-allahumma-labbaik,LOW,definition,MONITOR,GSC_SEARCH_ANALYTICS_2026-06-02_TO_2026-08-08,LOW
dua masura,dua masura,informational,duas-supplications,guide,United States,,none,none,none,top,GSC_IMPRESSIONS_68D:6,GSC_AVG_POSITION:2.3,48.4,LOW,/blog/dua-e-masura-arabic-english,/blog/dua-e-masura-arabic-english,LOW,guide,PROTECT,GSC_SEARCH_ANALYTICS_2026-06-02_TO_2026-08-08,MEDIUM
ons 2021 census muslim 6.5% england and wales,ons 2021 census muslim 6.5% england and wales,informational,islamic-demographics,reference,United States,,none,none,none,top,GSC_IMPRESSIONS_68D:6,GSC_AVG_POSITION:9.5,48.4,MEDIUM,/blog/muslim-population-statistics-uk-usa,/blog/muslim-population-statistics-uk-usa,LOW,reference,PROTECT,GSC_SEARCH_ANALYTICS_2026-06-02_TO_2026-08-08,MEDIUM
dua e masura in english,dua e masura in english,informational,duas-supplications,guide,India,,none,none,none,top,GSC_IMPRESSIONS_68D:5,GSC_AVG_POSITION:13.4,48.1,HIGH,/blog/dua-e-masura-arabic-english,/blog/dua-e-masura-arabic-english,LOW,guide,PROTECT,GSC_SEARCH_ANALYTICS_2026-06-02_TO_2026-08-08,MEDIUM
quran 2:201 rabbana atina fid dunya hasanah,quran 2:201 rabbana atina fid dunya hasanah,informational,duas-supplications,guide,United States,,none,none,none,top,GSC_IMPRESSIONS_68D:11,GSC_AVG_POSITION:10.5,48.1,MEDIUM,/blog/rabbana-atina-fid-dunya,/blog/rabbana-atina-fid-dunya,LOW,guide,PROTECT,GSC_SEARCH_ANALYTICS_2026-06-02_TO_2026-08-08,HIGH
attahiyat english translation,attahiyat english translation,informational,salah-prayer,guide,Bangladesh,,none,none,none,top,GSC_IMPRESSIONS_68D:2,GSC_AVG_POSITION:13,48.0,HIGH,/blog/attahiyat-full-arabic-english-tashahhud,/blog/attahiyat-full-arabic-english-tashahhud,LOW,guide,PROTECT,GSC_SEARCH_ANALYTICS_2026-06-02_TO_2026-08-08,LOW
best quran academy in uk,best quran academy in uk,commercial,quran-learning-service,service,United Kingdom,,none,none,none,middle,GSC_IMPRESSIONS_68D:2,GSC_AVG_POSITION:90,48.0,MEDIUM,/locations/online-quran-classes-uk,/locations/online-quran-classes-uk,LOW,service,CLUSTER SUPPORT,GSC_SEARCH_ANALYTICS_2026-06-02_TO_2026-08-08,LOW
holy quran classes,holy quran classes,commercial,quran-learning-service,service,United States,,none,none,none,middle,GSC_IMPRESSIONS_68D:2,GSC_AVG_POSITION:92,48.0,MEDIUM,/locations/online-quran-classes-usa,/locations/online-quran-classes-usa,LOW,service,CLUSTER SUPPORT,GSC_SEARCH_ANALYTICS_2026-06-02_TO_2026-08-08,LOW
ladies quran classes,ladies quran classes,commercial,quran-learning-service,service,United States,,women,none,none,middle,GSC_IMPRESSIONS_68D:2,GSC_AVG_POSITION:95.5,48.0,MEDIUM,/female-quran-teacher-online,/female-quran-teacher-online,LOW,service,CLUSTER SUPPORT,GSC_SEARCH_ANALYTICS_2026-06-02_TO_2026-08-08,LOW
online quran classes near me,online quran classes near me,commercial,quran-learning-service,service,Pakistan,,none,none,no-local-access,middle,GSC_IMPRESSIONS_68D:2,GSC_AVG_POSITION:45.5,48.0,MEDIUM,/locations/online-quran-classes-saudi-arabia,/locations/online-quran-classes-saudi-arabia,MEDIUM,service,MONITOR,GSC_SEARCH_ANALYTICS_2026-06-02_TO_2026-08-08,LOW
online quran classes pakistan,online quran classes pakistan,commercial,quran-learning-service,service,United States,,none,none,none,middle,GSC_IMPRESSIONS_68D:2,GSC_AVG_POSITION:84,48.0,MEDIUM,/online-quran-classes,/online-quran-classes,LOW,service,CLUSTER SUPPORT,GSC_SEARCH_ANALYTICS_2026-06-02_TO_2026-08-08,LOW
quran learning classes,quran learning classes,commercial,quran-learning-service,service,United States,,none,none,none,middle,GSC_IMPRESSIONS_68D:2,GSC_AVG_POSITION:97,48.0,MEDIUM,/locations/online-quran-classes-usa,/locations/online-quran-classes-usa,LOW,service,CLUSTER SUPPORT,GSC_SEARCH_ANALYTICS_2026-06-02_TO_2026-08-08,LOW
sajdah thilavath dua,sajdah thilavath dua,informational,salah-prayer,guide,India,,none,none,none,top,GSC_IMPRESSIONS_68D:10,GSC_AVG_POSITION:8.8,48.0,LOW,/blog/sajdah-tilawat-dua-arabic-english,/blog/sajdah-tilawat-dua-arabic-english,LOW,guide,PROTECT,GSC_SEARCH_ANALYTICS_2026-06-02_TO_2026-08-08,HIGH
what is sajda tilawat,what is sajda tilawat,informational,salah-prayer,guide,India,,none,none,none,top,GSC_IMPRESSIONS_68D:2,GSC_AVG_POSITION:11,48.0,HIGH,/blog/sajdah-tilawat-dua-arabic-english,/blog/sajdah-tilawat-dua-arabic-english,LOW,guide,PROTECT,GSC_SEARCH_ANALYTICS_2026-06-02_TO_2026-08-08,LOW
dua e masura english,dua e masura english,informational,duas-supplications,guide,India,,none,none,none,top,GSC_IMPRESSIONS_68D:4,GSC_AVG_POSITION:7,47.7,MEDIUM,/blog/dua-e-masura-arabic-english,/blog/dua-e-masura-arabic-english,LOW,guide,PROTECT,GSC_SEARCH_ANALYTICS_2026-06-02_TO_2026-08-08,MEDIUM
ons 2021 census muslim population england wales 3.9 million,ons 2021 census muslim population england wales 3.9 million,informational,islamic-demographics,reference,United States,,none,none,none,top,GSC_IMPRESSIONS_68D:4,GSC_AVG_POSITION:7.5,47.7,MEDIUM,/blog/muslim-population-statistics-uk-usa,/blog/muslim-population-statistics-uk-usa,LOW,reference,PROTECT,GSC_SEARCH_ANALYTICS_2026-06-02_TO_2026-08-08,MEDIUM
ons muslim population england wales 2021 3.9 million,ons muslim population england wales 2021 3.9 million,informational,islamic-demographics,reference,United States,,none,none,none,top,GSC_IMPRESSIONS_68D:4,GSC_AVG_POSITION:7.5,47.7,MEDIUM,/blog/muslim-population-statistics-uk-usa,/blog/muslim-population-statistics-uk-usa,LOW,reference,PROTECT,GSC_SEARCH_ANALYTICS_2026-06-02_TO_2026-08-08,MEDIUM
durood sharif in english,durood sharif in english,informational,duas-supplications,guide,Australia,,none,none,none,top,GSC_IMPRESSIONS_68D:8,GSC_AVG_POSITION:37.5,47.6,HIGH,/blog/darood-sharif,/blog/darood-sharif,LOW,guide,CONTENT REFRESH,GSC_SEARCH_ANALYTICS_2026-06-02_TO_2026-08-08,MEDIUM
inshallah in english,inshallah in english,informational,islamic-terms,definition,Netherlands,,none,none,none,top,GSC_IMPRESSIONS_68D:8,GSC_AVG_POSITION:39.4,47.6,HIGH,/blog/inshallah-meaning-in-english,/blog/inshallah-meaning-in-english,LOW,definition,CONTENT REFRESH,GSC_SEARCH_ANALYTICS_2026-06-02_TO_2026-08-08,MEDIUM
adult quran classes,adult quran classes,commercial,quran-learning-service,service,Saudi Arabia,,adults,none,none,middle,GSC_IMPRESSIONS_68D:7,GSC_AVG_POSITION:72,47.3,MEDIUM,/online-quran-classes-for-adults,/online-quran-classes-for-adults,LOW,service,CLUSTER SUPPORT,GSC_SEARCH_ANALYTICS_2026-06-02_TO_2026-08-08,MEDIUM
atiyat surah in english,atiyat surah in english,informational,quran-surahs,reference,India,,none,none,none,top,GSC_IMPRESSIONS_68D:3,GSC_AVG_POSITION:19.7,47.3,HIGH,/blog/attahiyat-full-arabic-english-tashahhud,/blog/attahiyat-full-arabic-english-tashahhud,LOW,reference,PROTECT,GSC_SEARCH_ANALYTICS_2026-06-02_TO_2026-08-08,MEDIUM
dua e masura short,dua e masura short,informational,duas-supplications,guide,India,,none,none,none,top,GSC_IMPRESSIONS_68D:3,GSC_AVG_POSITION:7.3,47.3,MEDIUM,/blog/dua-e-masura-arabic-english,/blog/dua-e-masura-arabic-english,LOW,guide,PROTECT,GSC_SEARCH_ANALYTICS_2026-06-02_TO_2026-08-08,MEDIUM
uk muslim population percentage 2021 census england wales scotland northern ireland,uk muslim population percentage 2021 census england wales scotland northern ireland,informational,islamic-demographics,reference,United States,,none,none,none,top,GSC_IMPRESSIONS_68D:3,GSC_AVG_POSITION:9,47.3,MEDIUM,/blog/muslim-population-statistics-uk-usa,/blog/muslim-population-statistics-uk-usa,LOW,reference,PROTECT,GSC_SEARCH_ANALYTICS_2026-06-02_TO_2026-08-08,MEDIUM
what is wazifa,what is wazifa,informational,duas-supplications,guide,Pakistan,,none,none,none,top,GSC_IMPRESSIONS_68D:3,GSC_AVG_POSITION:12,47.3,HIGH,/blog/what-is-wazifa-in-islam,/blog/what-is-wazifa-in-islam,LOW,guide,PROTECT,GSC_SEARCH_ANALYTICS_2026-06-02_TO_2026-08-08,MEDIUM
al quran class singapore,al quran class singapore,commercial,quran-learning-service,service,United States,,none,none,none,middle,GSC_IMPRESSIONS_68D:1,GSC_AVG_POSITION:80,47.1,MEDIUM,/locations/online-quran-classes-singapore,/locations/online-quran-classes-singapore,LOW,service,CLUSTER SUPPORT,GSC_SEARCH_ANALYTICS_2026-06-02_TO_2026-08-08,LOW
arabic letter ha,arabic letter ha,informational,noorani-qaida,course,New Zealand,,none,none,none,top,GSC_IMPRESSIONS_68D:1,GSC_AVG_POSITION:38,47.1,LOW,/noorani-qaida/arabic-letters/ha,/noorani-qaida/arabic-letters/ha,MEDIUM,course,MONITOR,GSC_SEARCH_ANALYTICS_2026-06-02_TO_2026-08-08,LOW
arabic letter haa,arabic letter haa,informational,noorani-qaida,course,New Zealand,,none,none,none,top,GSC_IMPRESSIONS_68D:1,GSC_AVG_POSITION:38,47.1,LOW,/noorani-qaida/arabic-letters/haa,/noorani-qaida/arabic-letters/haa,LOW,course,MONITOR,GSC_SEARCH_ANALYTICS_2026-06-02_TO_2026-08-08,LOW
attahiyat last dua full in english,attahiyat last dua full in english,informational,salah-prayer,guide,Bangladesh,,none,none,none,top,GSC_IMPRESSIONS_68D:1,GSC_AVG_POSITION:11,47.1,HIGH,/blog/attahiyat-full-arabic-english-tashahhud,/blog/attahiyat-full-arabic-english-tashahhud,LOW,guide,PROTECT,GSC_SEARCH_ANALYTICS_2026-06-02_TO_2026-08-08,LOW
attahiyat lillahi wa salawatu,attahiyat lillahi wa salawatu,informational,salah-prayer,guide,India,,none,none,none,top,GSC_IMPRESSIONS_68D:1,GSC_AVG_POSITION:4,47.1,MEDIUM,/blog/attahiyat-full-arabic-english-tashahhud,/blog/attahiyat-full-arabic-english-tashahhud,LOW,guide,PROTECT,GSC_SEARCH_ANALYTICS_2026-06-02_TO_2026-08-08,LOW
darood ke baad ki dua,darood ke baad ki dua,informational,duas-supplications,guide,Saudi Arabia,,none,none,none,top,GSC_IMPRESSIONS_68D:1,GSC_AVG_POSITION:5,47.1,MEDIUM,/blog/dua-e-masura-arabic-english,/blog/dua-e-masura-arabic-english,LOW,guide,PROTECT,GSC_SEARCH_ANALYTICS_2026-06-02_TO_2026-08-08,LOW
female islamic teacher,female islamic teacher,commercial,quran-learning-service,service,United States,,women,none,gender-preference,middle,GSC_IMPRESSIONS_68D:1,GSC_AVG_POSITION:100,47.1,MEDIUM,/female-quran-teacher-online,/female-quran-teacher-online,LOW,service,CLUSTER SUPPORT,GSC_SEARCH_ANALYTICS_2026-06-02_TO_2026-08-08,LOW
female quran academy,female quran academy,commercial,quran-learning-service,service,United States,,women,none,gender-preference,middle,GSC_IMPRESSIONS_68D:1,GSC_AVG_POSITION:98,47.1,MEDIUM,/female-quran-teacher-online,/female-quran-teacher-online,LOW,service,CLUSTER SUPPORT,GSC_SEARCH_ANALYTICS_2026-06-02_TO_2026-08-08,LOW
free hifz course online,free hifz course online,commercial,quran-learning-service,service,United States,,none,hifz,cost,middle,GSC_IMPRESSIONS_68D:1,GSC_AVG_POSITION:66,47.1,MEDIUM,/hifz-quran-online,/hifz-quran-online,LOW,service,CLUSTER SUPPORT,GSC_SEARCH_ANALYTICS_2026-06-02_TO_2026-08-08,LOW
free online hifz classes,free online hifz classes,commercial,quran-learning-service,service,United States,,none,hifz,cost,middle,GSC_IMPRESSIONS_68D:1,GSC_AVG_POSITION:75,47.1,MEDIUM,/hifz-quran-online,/hifz-quran-online,LOW,service,CLUSTER SUPPORT,GSC_SEARCH_ANALYTICS_2026-06-02_TO_2026-08-08,LOW
hifz course,hifz course,commercial,quran-learning-service,service,United Kingdom,,none,hifz,none,middle,GSC_IMPRESSIONS_68D:1,GSC_AVG_POSITION:90,47.1,MEDIUM,/hifz-quran-online,/hifz-quran-online,LOW,service,CLUSTER SUPPORT,GSC_SEARCH_ANALYTICS_2026-06-02_TO_2026-08-08,LOW
how to say inshallah in english,how to say inshallah in english,informational,islamic-terms,definition,CHN,,none,none,none,top,GSC_IMPRESSIONS_68D:1,GSC_AVG_POSITION:14,47.1,HIGH,/blog/inshallah-meaning-in-english,/blog/inshallah-meaning-in-english,LOW,definition,PROTECT,GSC_SEARCH_ANALYTICS_2026-06-02_TO_2026-08-08,LOW
labbaik allahumma meaning,labbaik allahumma meaning,informational,islamic-terms,definition,MAR,,none,none,none,top,GSC_IMPRESSIONS_68D:1,GSC_AVG_POSITION:19,47.1,HIGH,/blog/labbaik-allahumma-labbaik,/blog/labbaik-allahumma-labbaik,LOW,definition,PROTECT,GSC_SEARCH_ANALYTICS_2026-06-02_TO_2026-08-08,LOW
learn quran classes,learn quran classes,commercial,quran-learning-service,service,United States,,none,none,none,middle,GSC_IMPRESSIONS_68D:1,GSC_AVG_POSITION:95,47.1,MEDIUM,/locations/online-quran-classes-usa,/locations/online-quran-classes-usa,LOW,service,CLUSTER SUPPORT,GSC_SEARCH_ANALYTICS_2026-06-02_TO_2026-08-08,LOW
learn quran online classes,learn quran online classes,commercial,quran-learning-service,service,United States,,none,none,none,middle,GSC_IMPRESSIONS_68D:1,GSC_AVG_POSITION:96,47.1,MEDIUM,/locations/online-quran-classes-usa,/locations/online-quran-classes-usa,LOW,service,CLUSTER SUPPORT,GSC_SEARCH_ANALYTICS_2026-06-02_TO_2026-08-08,LOW
online arabic course in pakistan,online arabic course in pakistan,commercial,quran-learning-service,service,United States,,none,none,none,middle,GSC_IMPRESSIONS_68D:1,GSC_AVG_POSITION:82,47.1,MEDIUM,/courses/arabic-language-online,/courses/arabic-language-online,LOW,service,CLUSTER SUPPORT,GSC_SEARCH_ANALYTICS_2026-06-02_TO_2026-08-08,LOW
online hifz class,online hifz class,commercial,quran-learning-service,service,United Kingdom,,none,hifz,none,middle,GSC_IMPRESSIONS_68D:1,GSC_AVG_POSITION:92,47.1,MEDIUM,/hifz-quran-online,/hifz-quran-online,LOW,service,CLUSTER SUPPORT,GSC_SEARCH_ANALYTICS_2026-06-02_TO_2026-08-08,LOW
online hifz course free,online hifz course free,commercial,quran-learning-service,service,United States,,none,hifz,cost,middle,GSC_IMPRESSIONS_68D:1,GSC_AVG_POSITION:63,47.1,MEDIUM,/hifz-quran-online,/hifz-quran-online,LOW,service,CLUSTER SUPPORT,GSC_SEARCH_ANALYTICS_2026-06-02_TO_2026-08-08,LOW
online hifz ul quran course free,online hifz ul quran course free,commercial,quran-learning-service,service,United States,,none,hifz,cost,middle,GSC_IMPRESSIONS_68D:1,GSC_AVG_POSITION:93,47.1,MEDIUM,/hifz-quran-online,/hifz-quran-online,LOW,service,CLUSTER SUPPORT,GSC_SEARCH_ANALYTICS_2026-06-02_TO_2026-08-08,LOW
online quran academy uk,online quran academy uk,commercial,quran-learning-service,service,United Kingdom,,none,none,none,middle,GSC_IMPRESSIONS_68D:1,GSC_AVG_POSITION:86,47.1,MEDIUM,/locations/online-quran-classes-uk,/locations/online-quran-classes-uk,LOW,service,CLUSTER SUPPORT,GSC_SEARCH_ANALYTICS_2026-06-02_TO_2026-08-08,LOW
online quran classes from pakistan,online quran classes from pakistan,commercial,quran-learning-service,service,United States,,none,none,none,middle,GSC_IMPRESSIONS_68D:1,GSC_AVG_POSITION:95,47.1,MEDIUM,/online-quran-classes,/online-quran-classes,LOW,service,CLUSTER SUPPORT,GSC_SEARCH_ANALYTICS_2026-06-02_TO_2026-08-08,LOW
online quran classes in uk,online quran classes in uk,commercial,quran-learning-service,service,United Kingdom,,none,none,none,middle,GSC_IMPRESSIONS_68D:1,GSC_AVG_POSITION:93,47.1,MEDIUM,/locations/online-quran-classes-uk,/locations/online-quran-classes-uk,LOW,service,CLUSTER SUPPORT,GSC_SEARCH_ANALYTICS_2026-06-02_TO_2026-08-08,LOW
online quran classes toronto,online quran classes toronto,commercial,quran-learning-service,service,United States,toronto,none,none,none,middle,GSC_IMPRESSIONS_68D:1,GSC_AVG_POSITION:82,47.1,MEDIUM,/locations/online-quran-classes-canada,/locations/online-quran-classes-canada,LOW,service,CLUSTER SUPPORT,GSC_SEARCH_ANALYTICS_2026-06-02_TO_2026-08-08,LOW
online quran hifz classes free,online quran hifz classes free,commercial,quran-learning-service,service,United States,,none,hifz,cost,middle,GSC_IMPRESSIONS_68D:1,GSC_AVG_POSITION:74,47.1,MEDIUM,/hifz-quran-online,/hifz-quran-online,LOW,service,CLUSTER SUPPORT,GSC_SEARCH_ANALYTICS_2026-06-02_TO_2026-08-08,LOW
online quran hifz classes pakistan,online quran hifz classes pakistan,commercial,quran-learning-service,service,United States,,none,hifz,none,middle,GSC_IMPRESSIONS_68D:1,GSC_AVG_POSITION:86,47.1,MEDIUM,/hifz-quran-online,/hifz-quran-online,LOW,service,CLUSTER SUPPORT,GSC_SEARCH_ANALYTICS_2026-06-02_TO_2026-08-08,LOW
online quran teacher luton,online quran teacher luton,commercial,quran-learning-service,service,United Kingdom,luton,none,none,none,middle,GSC_IMPRESSIONS_68D:1,GSC_AVG_POSITION:64,47.1,MEDIUM,/online-quran-classes/luton,/online-quran-classes/luton,LOW,service,CLUSTER SUPPORT,GSC_SEARCH_ANALYTICS_2026-06-02_TO_2026-08-08,LOW
online quran tuition,online quran tuition,commercial,quran-learning-service,service,United States,,none,none,none,middle,GSC_IMPRESSIONS_68D:1,GSC_AVG_POSITION:86,47.1,MEDIUM,/locations/online-quran-classes-usa,/locations/online-quran-classes-usa,LOW,service,CLUSTER SUPPORT,GSC_SEARCH_ANALYTICS_2026-06-02_TO_2026-08-08,LOW
quran classes online for adults,quran classes online for adults,commercial,quran-learning-service,service,United States,,adults,none,none,middle,GSC_IMPRESSIONS_68D:1,GSC_AVG_POSITION:99,47.1,MEDIUM,/online-quran-classes-for-adults,/online-quran-classes-for-adults,LOW,service,CLUSTER SUPPORT,GSC_SEARCH_ANALYTICS_2026-06-02_TO_2026-08-08,LOW
quran reading classes,quran reading classes,commercial,quran-learning-service,service,United States,,none,quran-reading,none,middle,GSC_IMPRESSIONS_68D:1,GSC_AVG_POSITION:93,47.1,MEDIUM,/locations/online-quran-classes-usa,/locations/online-quran-classes-usa,LOW,service,CLUSTER SUPPORT,GSC_SEARCH_ANALYTICS_2026-06-02_TO_2026-08-08,LOW
quran study class,quran study class,commercial,quran-learning-service,service,United States,,none,none,none,middle,GSC_IMPRESSIONS_68D:1,GSC_AVG_POSITION:82,47.1,MEDIUM,/locations/online-quran-classes-usa,/locations/online-quran-classes-usa,LOW,service,CLUSTER SUPPORT,GSC_SEARCH_ANALYTICS_2026-06-02_TO_2026-08-08,LOW
what is barakallah,what is barakallah,informational,islamic-terms,definition,HRV,,none,none,none,top,GSC_IMPRESSIONS_68D:1,GSC_AVG_POSITION:11,47.1,HIGH,/blog/barakallah-meaning,/blog/barakallah-meaning,LOW,definition,PROTECT,GSC_SEARCH_ANALYTICS_2026-06-02_TO_2026-08-08,LOW
labaik allahu akbar meaning,labaik allahu akbar meaning,informational,islamic-terms,definition,Pakistan,,none,none,none,top,GSC_IMPRESSIONS_68D:6,GSC_AVG_POSITION:10.5,47.0,HIGH,/blog/labbaik-allahumma-labbaik,/blog/labbaik-allahumma-labbaik,LOW,definition,PROTECT,GSC_SEARCH_ANALYTICS_2026-06-02_TO_2026-08-08,MEDIUM
attahiyat meaning,attahiyat meaning,informational,salah-prayer,guide,United States,,none,none,none,top,GSC_IMPRESSIONS_68D:12,GSC_AVG_POSITION:25.1,46.9,HIGH,/blog/attahiyat-full-arabic-english-tashahhud,/blog/attahiyat-full-arabic-english-tashahhud,LOW,guide,CONTENT REFRESH,GSC_SEARCH_ANALYTICS_2026-06-02_TO_2026-08-08,HIGH
atahiyatu,atahiyatu,informational,salah-prayer,guide,Netherlands,,none,none,none,top,GSC_IMPRESSIONS_68D:5,GSC_AVG_POSITION:18,46.7,LOW,/blog/attahiyat-full-arabic-english-tashahhud,/blog/attahiyat-full-arabic-english-tashahhud,LOW,guide,PROTECT,GSC_SEARCH_ANALYTICS_2026-06-02_TO_2026-08-08,MEDIUM
best online quran academy,best online quran academy,commercial,quran-learning-service,service,Pakistan,,none,none,none,middle,GSC_IMPRESSIONS_68D:11,GSC_AVG_POSITION:97.7,46.7,MEDIUM,/blog/best-online-quran-academy-guide,/blog/best-online-quran-academy-guide,LOW,service,CLUSTER SUPPORT,GSC_SEARCH_ANALYTICS_2026-06-02_TO_2026-08-08,HIGH
labaik means,labaik means,informational,islamic-terms,definition,Pakistan,,none,none,none,top,GSC_IMPRESSIONS_68D:5,GSC_AVG_POSITION:11.6,46.7,HIGH,/blog/labbaik-allahumma-labbaik,/blog/labbaik-allahumma-labbaik,LOW,definition,PROTECT,GSC_SEARCH_ANALYTICS_2026-06-02_TO_2026-08-08,MEDIUM
mashallah barakallahu feekum meaning,mashallah barakallahu feekum meaning,informational,islamic-terms,definition,India,,none,none,none,top,GSC_IMPRESSIONS_68D:5,GSC_AVG_POSITION:10.8,46.7,HIGH,/blog/barakallah-meaning,/blog/barakallah-meaning,LOW,definition,PROTECT,GSC_SEARCH_ANALYTICS_2026-06-02_TO_2026-08-08,MEDIUM
online quran classes free,online quran classes free,commercial,quran-learning-service,service,Pakistan,,none,none,cost,middle,GSC_IMPRESSIONS_68D:11,GSC_AVG_POSITION:87.9,46.7,MEDIUM,/free-quran-classes-online,/free-quran-classes-online,LOW,service,CLUSTER SUPPORT,GSC_SEARCH_ANALYTICS_2026-06-02_TO_2026-08-08,HIGH
online quran classes in usa,online quran classes in usa,commercial,quran-learning-service,service,Pakistan,,none,none,none,middle,GSC_IMPRESSIONS_68D:11,GSC_AVG_POSITION:86.6,46.7,MEDIUM,/locations/online-quran-classes-usa,/locations/online-quran-classes-usa,LOW,service,CLUSTER SUPPORT,GSC_SEARCH_ANALYTICS_2026-06-02_TO_2026-08-08,HIGH
al kursi translation,al kursi translation,informational,quran-surahs,reference,Netherlands,,none,none,none,top,GSC_IMPRESSIONS_68D:2,GSC_AVG_POSITION:38,46.6,HIGH,/blog/ayatul-kursi-arabic-english-benefits,/blog/ayatul-kursi-arabic-english-benefits,LOW,reference,MONITOR,GSC_SEARCH_ANALYTICS_2026-06-02_TO_2026-08-08,LOW
bismillah means,bismillah means,informational,islamic-terms,definition,Spain,,none,none,none,top,GSC_IMPRESSIONS_68D:2,GSC_AVG_POSITION:38.5,46.6,HIGH,/blog/bismillah-meaning-in-english,/blog/bismillah-meaning-in-english,LOW,definition,MONITOR,GSC_SEARCH_ANALYTICS_2026-06-02_TO_2026-08-08,LOW
dua masura english transliteration,dua masura english transliteration,informational,duas-supplications,guide,France,,none,none,none,top,GSC_IMPRESSIONS_68D:2,GSC_AVG_POSITION:19,46.6,MEDIUM,/blog/dua-e-masura-arabic-english,/blog/dua-e-masura-arabic-english,LOW,guide,PROTECT,GSC_SEARCH_ANALYTICS_2026-06-02_TO_2026-08-08,LOW
female quran teacher,female quran teacher,commercial,quran-learning-service,service,Pakistan,,women,none,gender-preference,middle,GSC_IMPRESSIONS_68D:10,GSC_AVG_POSITION:91.4,46.6,MEDIUM,/female-quran-teacher-online,/female-quran-teacher-online,LOW,service,CLUSTER SUPPORT,GSC_SEARCH_ANALYTICS_2026-06-02_TO_2026-08-08,HIGH
inshallah with apostrophe,inshallah with apostrophe,informational,islamic-terms,definition,Canada,,none,none,none,top,GSC_IMPRESSIONS_68D:2,GSC_AVG_POSITION:10,46.6,LOW,/blog/inshallah-meaning-in-english,/blog/inshallah-meaning-in-english,LOW,definition,PROTECT,GSC_SEARCH_ANALYTICS_2026-06-02_TO_2026-08-08,LOW
interactive qaida,interactive qaida,informational,noorani-qaida,course,UKR,,none,noorani-qaida,none,top,GSC_IMPRESSIONS_68D:2,GSC_AVG_POSITION:10.5,46.6,LOW,/noorani-qaida,/noorani-qaida,LOW,course,PROTECT,GSC_SEARCH_ANALYTICS_2026-06-02_TO_2026-08-08,LOW
ons 2021 census muslim percentage england and wales 6.5%,ons 2021 census muslim percentage england and wales 6.5%,informational,islamic-demographics,reference,United States,,none,none,none,top,GSC_IMPRESSIONS_68D:2,GSC_AVG_POSITION:10,46.6,MEDIUM,/blog/muslim-population-statistics-uk-usa,/blog/muslim-population-statistics-uk-usa,LOW,reference,PROTECT,GSC_SEARCH_ANALYTICS_2026-06-02_TO_2026-08-08,LOW
ons 2021 census muslim population england and wales 6.5%,ons 2021 census muslim population england and wales 6.5%,informational,islamic-demographics,reference,United States,,none,none,none,top,GSC_IMPRESSIONS_68D:2,GSC_AVG_POSITION:9.5,46.6,MEDIUM,/blog/muslim-population-statistics-uk-usa,/blog/muslim-population-statistics-uk-usa,LOW,reference,PROTECT,GSC_SEARCH_ANALYTICS_2026-06-02_TO_2026-08-08,LOW
ons census 2021 muslim population england and wales 3.9 million,ons census 2021 muslim population england and wales 3.9 million,informational,islamic-demographics,reference,United States,,none,none,none,top,GSC_IMPRESSIONS_68D:2,GSC_AVG_POSITION:8.5,46.6,MEDIUM,/blog/muslim-population-statistics-uk-usa,/blog/muslim-population-statistics-uk-usa,LOW,reference,PROTECT,GSC_SEARCH_ANALYTICS_2026-06-02_TO_2026-08-08,LOW
ons census 2021 muslim population england wales 3.9 million,ons census 2021 muslim population england wales 3.9 million,informational,islamic-demographics,reference,United States,,none,none,none,top,GSC_IMPRESSIONS_68D:2,GSC_AVG_POSITION:9.5,46.6,MEDIUM,/blog/muslim-population-statistics-uk-usa,/blog/muslim-population-statistics-uk-usa,LOW,reference,PROTECT,GSC_SEARCH_ANALYTICS_2026-06-02_TO_2026-08-08,LOW
ons england wales muslim population 2021 census 3.9 million,ons england wales muslim population 2021 census 3.9 million,informational,islamic-demographics,reference,United States,,none,none,none,top,GSC_IMPRESSIONS_68D:2,GSC_AVG_POSITION:8,46.6,MEDIUM,/blog/muslim-population-statistics-uk-usa,/blog/muslim-population-statistics-uk-usa,LOW,reference,PROTECT,GSC_SEARCH_ANALYTICS_2026-06-02_TO_2026-08-08,LOW
ons muslim population england wales 2021 census 3.9 million,ons muslim population england wales 2021 census 3.9 million,informational,islamic-demographics,reference,United States,,none,none,none,top,GSC_IMPRESSIONS_68D:2,GSC_AVG_POSITION:7.5,46.6,MEDIUM,/blog/muslim-population-statistics-uk-usa,/blog/muslim-population-statistics-uk-usa,LOW,reference,PROTECT,GSC_SEARCH_ANALYTICS_2026-06-02_TO_2026-08-08,LOW
ons muslim population england wales 2021 census official,ons muslim population england wales 2021 census official,informational,islamic-demographics,reference,United States,,none,none,none,top,GSC_IMPRESSIONS_68D:2,GSC_AVG_POSITION:9.5,46.6,MEDIUM,/blog/muslim-population-statistics-uk-usa,/blog/muslim-population-statistics-uk-usa,LOW,reference,PROTECT,GSC_SEARCH_ANALYTICS_2026-06-02_TO_2026-08-08,LOW
uk muslim population 2021 census ons,uk muslim population 2021 census ons,informational,islamic-demographics,reference,Spain,,none,none,none,top,GSC_IMPRESSIONS_68D:2,GSC_AVG_POSITION:18.5,46.6,MEDIUM,/blog/muslim-population-statistics-uk-usa,/blog/muslim-population-statistics-uk-usa,LOW,reference,PROTECT,GSC_SEARCH_ANALYTICS_2026-06-02_TO_2026-08-08,LOW
attahiyat 1 and 2,attahiyat 1 and 2,informational,salah-prayer,guide,MDV,,none,none,none,top,GSC_IMPRESSIONS_68D:4,GSC_AVG_POSITION:10.2,46.3,MEDIUM,/blog/attahiyat-full-arabic-english-tashahhud,/blog/attahiyat-full-arabic-english-tashahhud,LOW,guide,PROTECT,GSC_SEARCH_ANALYTICS_2026-06-02_TO_2026-08-08,MEDIUM
attahiyat full,attahiyat full,informational,salah-prayer,guide,Australia,,none,none,none,top,GSC_IMPRESSIONS_68D:9,GSC_AVG_POSITION:13.6,46.3,LOW,/blog/attahiyat-full-arabic-english-tashahhud,/blog/attahiyat-full-arabic-english-tashahhud,LOW,guide,PROTECT,GSC_SEARCH_ANALYTICS_2026-06-02_TO_2026-08-08,MEDIUM
quran 2:201 rabbana atina fid-dunya hasanah wa fil akhirati hasanah wa qina adhaban nar,quran 2:201 rabbana atina fid-dunya hasanah wa fil akhirati hasanah wa qina adhaban nar,informational,duas-supplications,guide,United States,,none,none,none,top,GSC_IMPRESSIONS_68D:4,GSC_AVG_POSITION:10.5,46.3,MEDIUM,/blog/rabbana-atina-fid-dunya,/blog/rabbana-atina-fid-dunya,LOW,guide,PROTECT,GSC_SEARCH_ANALYTICS_2026-06-02_TO_2026-08-08,MEDIUM
rabbana atina in english,rabbana atina in english,informational,duas-supplications,guide,United States,,none,none,none,top,GSC_IMPRESSIONS_68D:18,GSC_AVG_POSITION:21.6,46.3,HIGH,/blog/rabbana-atina-fid-dunya,/blog/rabbana-atina-fid-dunya,LOW,guide,CONTENT REFRESH,GSC_SEARCH_ANALYTICS_2026-06-02_TO_2026-08-08,HIGH
online quran classes for adults,online quran classes for adults,commercial,quran-learning-service,service,Pakistan,,adults,none,none,middle,GSC_IMPRESSIONS_68D:8,GSC_AVG_POSITION:97.5,46.1,MEDIUM,/online-quran-classes-for-adults,/online-quran-classes-for-adults,LOW,service,CLUSTER SUPPORT,GSC_SEARCH_ANALYTICS_2026-06-02_TO_2026-08-08,MEDIUM
www quran teacher net,www quran teacher net,commercial,quran-learning-service,service,Pakistan,,none,none,none,middle,GSC_IMPRESSIONS_68D:8,GSC_AVG_POSITION:66,46.1,MEDIUM,/quran-teacher-online,/quran-teacher-online,LOW,service,CLUSTER SUPPORT,GSC_SEARCH_ANALYTICS_2026-06-02_TO_2026-08-08,MEDIUM
at tahiyyatu lillahi,at tahiyyatu lillahi,informational,salah-prayer,guide,KEN,,none,none,none,top,GSC_IMPRESSIONS_68D:3,GSC_AVG_POSITION:9,45.9,LOW,/blog/attahiyat-full-arabic-english-tashahhud,/blog/attahiyat-full-arabic-english-tashahhud,LOW,guide,PROTECT,GSC_SEARCH_ANALYTICS_2026-06-02_TO_2026-08-08,MEDIUM
best online quran classes free,best online quran classes free,commercial,quran-learning-service,service,Pakistan,,none,none,cost,middle,GSC_IMPRESSIONS_68D:7,GSC_AVG_POSITION:94.3,45.9,MEDIUM,/free-quran-classes-online,/free-quran-classes-online,LOW,service,CLUSTER SUPPORT,GSC_SEARCH_ANALYTICS_2026-06-02_TO_2026-08-08,MEDIUM
labbaik means,labbaik means,informational,islamic-terms,definition,India,,none,none,none,top,GSC_IMPRESSIONS_68D:3,GSC_AVG_POSITION:11.7,45.9,HIGH,/blog/labbaik-allahumma-labbaik,/blog/labbaik-allahumma-labbaik,LOW,definition,PROTECT,GSC_SEARCH_ANALYTICS_2026-06-02_TO_2026-08-08,MEDIUM
ইনশাআল্লাহ in english,ইনশাআল্লাহ in english,informational,unclustered,unknown,Bangladesh,,none,none,none,top,GSC_IMPRESSIONS_68D:7,GSC_AVG_POSITION:13.1,45.9,HIGH,/blog/inshallah-meaning-in-english,/blog/inshallah-meaning-in-english,LOW,unknown,PROTECT,GSC_SEARCH_ANALYTICS_2026-06-02_TO_2026-08-08,MEDIUM
4 qul english translation,4 qul english translation,informational,quran-surahs,reference,India,,none,none,none,top,GSC_IMPRESSIONS_68D:1,GSC_AVG_POSITION:19,45.7,HIGH,/blog/4-quls,/blog/4-quls,LOW,reference,PROTECT,GSC_SEARCH_ANALYTICS_2026-06-02_TO_2026-08-08,LOW
atabyasat,atabyasat,informational,unclustered,unknown,Netherlands,,none,none,none,top,GSC_IMPRESSIONS_68D:1,GSC_AVG_POSITION:10,45.7,LOW,/blog/attahiyat-full-arabic-english-tashahhud,/blog/attahiyat-full-arabic-english-tashahhud,LOW,unknown,PROTECT,GSC_SEARCH_ANALYTICS_2026-06-02_TO_2026-08-08,LOW
attahyat,attahyat,informational,unclustered,unknown,Netherlands,,none,none,none,top,GSC_IMPRESSIONS_68D:1,GSC_AVG_POSITION:10,45.7,LOW,/blog/attahiyat-full-arabic-english-tashahhud,/blog/attahiyat-full-arabic-english-tashahhud,LOW,unknown,PROTECT,GSC_SEARCH_ANALYTICS_2026-06-02_TO_2026-08-08,LOW
bismillah meaning in punjabi,bismillah meaning in punjabi,informational,islamic-terms,definition,Ireland,,none,none,none,top,GSC_IMPRESSIONS_68D:1,GSC_AVG_POSITION:49,45.7,HIGH,/blog/bismillah-meaning-in-english,/blog/bismillah-meaning-in-english,LOW,definition,MONITOR,GSC_SEARCH_ANALYTICS_2026-06-02_TO_2026-08-08,LOW
england and wales muslim percentage 2021 census ons 6.5%,england and wales muslim percentage 2021 census ons 6.5%,informational,islamic-demographics,reference,United States,,none,none,none,top,GSC_IMPRESSIONS_68D:1,GSC_AVG_POSITION:7,45.7,MEDIUM,/blog/muslim-population-statistics-uk-usa,/blog/muslim-population-statistics-uk-usa,LOW,reference,PROTECT,GSC_SEARCH_ANALYTICS_2026-06-02_TO_2026-08-08,LOW
how to learn quran in 30 days,how to learn quran in 30 days,commercial,islamic-general,reference,United Kingdom,,none,none,none,middle,GSC_IMPRESSIONS_68D:1,GSC_AVG_POSITION:43,45.7,HIGH,/blog/finish-quran-in-ramadan-30-day-plan,/blog/finish-quran-in-ramadan-30-day-plan,LOW,reference,MONITOR,GSC_SEARCH_ANALYTICS_2026-06-02_TO_2026-08-08,LOW
how to say the name saad,how to say the name saad,informational,noorani-qaida,course,Vietnam,,none,none,none,top,GSC_IMPRESSIONS_68D:1,GSC_AVG_POSITION:48,45.7,HIGH,/noorani-qaida/arabic-letters/saad,/noorani-qaida/arabic-letters/saad,LOW,course,MONITOR,GSC_SEARCH_ANALYTICS_2026-06-02_TO_2026-08-08,LOW
in sha allah khair meaning,in sha allah khair meaning,informational,islamic-terms,definition,UAE,,none,none,none,top,GSC_IMPRESSIONS_68D:1,GSC_AVG_POSITION:12,45.7,HIGH,/blog/inshallah-meaning-in-english,/blog/inshallah-meaning-in-english,LOW,definition,PROTECT,GSC_SEARCH_ANALYTICS_2026-06-02_TO_2026-08-08,LOW
inchallah in english,inchallah in english,informational,islamic-general,reference,TUN,,none,none,none,top,GSC_IMPRESSIONS_68D:1,GSC_AVG_POSITION:11,45.7,HIGH,/blog/inshallah-meaning-in-english,/blog/inshallah-meaning-in-english,LOW,reference,PROTECT,GSC_SEARCH_ANALYTICS_2026-06-02_TO_2026-08-08,LOW
learn quran online canada,learn quran online canada,commercial,islamic-general,reference,Canada,,none,none,none,middle,GSC_IMPRESSIONS_68D:1,GSC_AVG_POSITION:30,45.7,MEDIUM,/locations/online-quran-classes-canada,/locations/online-quran-classes-canada,LOW,reference,MONITOR,GSC_SEARCH_ANALYTICS_2026-06-02_TO_2026-08-08,LOW
noon meaning in arabic,noon meaning in arabic,informational,noorani-qaida,course,Canada,,none,none,none,top,GSC_IMPRESSIONS_68D:1,GSC_AVG_POSITION:66,45.7,HIGH,/noorani-qaida/arabic-letters/noon,/noorani-qaida/arabic-letters/noon,LOW,course,MONITOR,GSC_SEARCH_ANALYTICS_2026-06-02_TO_2026-08-08,LOW
ons 2021 census muslim percentage england and wales 6.5% official,ons 2021 census muslim percentage england and wales 6.5% official,informational,islamic-demographics,reference,United States,,none,none,none,top,GSC_IMPRESSIONS_68D:1,GSC_AVG_POSITION:9,45.7,MEDIUM,/blog/muslim-population-statistics-uk-usa,/blog/muslim-population-statistics-uk-usa,LOW,reference,PROTECT,GSC_SEARCH_ANALYTICS_2026-06-02_TO_2026-08-08,LOW
ons 2021 census muslim population england and wales 3.9 million,ons 2021 census muslim population england and wales 3.9 million,informational,islamic-demographics,reference,United States,,none,none,none,top,GSC_IMPRESSIONS_68D:1,GSC_AVG_POSITION:8,45.7,MEDIUM,/blog/muslim-population-statistics-uk-usa,/blog/muslim-population-statistics-uk-usa,LOW,reference,PROTECT,GSC_SEARCH_ANALYTICS_2026-06-02_TO_2026-08-08,LOW
ons 2021 census muslims 6.5% england and wales,ons 2021 census muslims 6.5% england and wales,informational,islamic-demographics,reference,United States,,none,none,none,top,GSC_IMPRESSIONS_68D:1,GSC_AVG_POSITION:7,45.7,MEDIUM,/blog/muslim-population-statistics-uk-usa,/blog/muslim-population-statistics-uk-usa,LOW,reference,PROTECT,GSC_SEARCH_ANALYTICS_2026-06-02_TO_2026-08-08,LOW
ons census 2021 muslim population england wales official,ons census 2021 muslim population england wales official,informational,islamic-demographics,reference,United States,,none,none,none,top,GSC_IMPRESSIONS_68D:1,GSC_AVG_POSITION:9,45.7,MEDIUM,/blog/muslim-population-statistics-uk-usa,/blog/muslim-population-statistics-uk-usa,LOW,reference,PROTECT,GSC_SEARCH_ANALYTICS_2026-06-02_TO_2026-08-08,LOW
ons england wales muslim population 2021 3.9 million,ons england wales muslim population 2021 3.9 million,informational,islamic-demographics,reference,United States,,none,none,none,top,GSC_IMPRESSIONS_68D:1,GSC_AVG_POSITION:9,45.7,MEDIUM,/blog/muslim-population-statistics-uk-usa,/blog/muslim-population-statistics-uk-usa,LOW,reference,PROTECT,GSC_SEARCH_ANALYTICS_2026-06-02_TO_2026-08-08,LOW
ons muslim population england and wales 2021 census 3.9 million,ons muslim population england and wales 2021 census 3.9 million,informational,islamic-demographics,reference,United States,,none,none,none,top,GSC_IMPRESSIONS_68D:1,GSC_AVG_POSITION:9,45.7,MEDIUM,/blog/muslim-population-statistics-uk-usa,/blog/muslim-population-statistics-uk-usa,LOW,reference,PROTECT,GSC_SEARCH_ANALYTICS_2026-06-02_TO_2026-08-08,LOW
ons religion england and wales census 2021 muslim 3.9 million 6.5%,ons religion england and wales census 2021 muslim 3.9 million 6.5%,informational,islamic-demographics,reference,United States,,none,none,none,top,GSC_IMPRESSIONS_68D:1,GSC_AVG_POSITION:10,45.7,MEDIUM,/blog/muslim-population-statistics-uk-usa,/blog/muslim-population-statistics-uk-usa,LOW,reference,PROTECT,GSC_SEARCH_ANALYTICS_2026-06-02_TO_2026-08-08,LOW
safar ki dua in quran which para,safar ki dua in quran which para,informational,quran-surahs,reference,India,,none,none,none,top,GSC_IMPRESSIONS_68D:1,GSC_AVG_POSITION:9,45.7,MEDIUM,/blog/safar-ki-dua-travel-dua-arabic-english,/blog/safar-ki-dua-travel-dua-arabic-english,LOW,reference,PROTECT,GSC_SEARCH_ANALYTICS_2026-06-02_TO_2026-08-08,LOW
seen en arabe,seen en arabe,informational,noorani-qaida,course,DZA,,none,none,none,top,GSC_IMPRESSIONS_68D:1,GSC_AVG_POSITION:14,45.7,LOW,/noorani-qaida/arabic-letters/seen,/noorani-qaida/arabic-letters/seen,LOW,course,PROTECT,GSC_SEARCH_ANALYTICS_2026-06-02_TO_2026-08-08,LOW
surah masura,surah masura,informational,quran-surahs,reference,United Kingdom,,none,none,none,top,GSC_IMPRESSIONS_68D:1,GSC_AVG_POSITION:3,45.7,LOW,/blog/dua-e-masura-arabic-english,/blog/dua-e-masura-arabic-english,LOW,reference,PROTECT,GSC_SEARCH_ANALYTICS_2026-06-02_TO_2026-08-08,LOW
tashahhud (attahiyat),tashahhud (attahiyat),informational,salah-prayer,guide,United Kingdom,,none,none,none,top,GSC_IMPRESSIONS_68D:1,GSC_AVG_POSITION:10,45.7,LOW,/blog/attahiyat-full-arabic-english-tashahhud,/blog/attahiyat-full-arabic-english-tashahhud,LOW,guide,PROTECT,GSC_SEARCH_ANALYTICS_2026-06-02_TO_2026-08-08,LOW
uk 2021 census muslim 6.5% ons,uk 2021 census muslim 6.5% ons,informational,islamic-demographics,reference,United States,,none,none,none,top,GSC_IMPRESSIONS_68D:1,GSC_AVG_POSITION:6,45.7,MEDIUM,/blog/muslim-population-statistics-uk-usa,/blog/muslim-population-statistics-uk-usa,LOW,reference,PROTECT,GSC_SEARCH_ANALYTICS_2026-06-02_TO_2026-08-08,LOW
uk census 2021 muslim population percentage england wales scotland northern ireland,uk census 2021 muslim population percentage england wales scotland northern ireland,informational,islamic-demographics,reference,United States,,none,none,none,top,GSC_IMPRESSIONS_68D:1,GSC_AVG_POSITION:7,45.7,MEDIUM,/blog/muslim-population-statistics-uk-usa,/blog/muslim-population-statistics-uk-usa,LOW,reference,PROTECT,GSC_SEARCH_ANALYTICS_2026-06-02_TO_2026-08-08,LOW
uk muslim population census england wales 2021 ons,uk muslim population census england wales 2021 ons,informational,islamic-demographics,reference,United States,,none,none,none,top,GSC_IMPRESSIONS_68D:1,GSC_AVG_POSITION:10,45.7,MEDIUM,/blog/muslim-population-statistics-uk-usa,/blog/muslim-population-statistics-uk-usa,LOW,reference,PROTECT,GSC_SEARCH_ANALYTICS_2026-06-02_TO_2026-08-08,LOW
uk muslim population percentage 2021 census 2026 estimate,uk muslim population percentage 2021 census 2026 estimate,informational,islamic-demographics,reference,United States,,none,none,none,top,GSC_IMPRESSIONS_68D:1,GSC_AVG_POSITION:8,45.7,MEDIUM,/blog/muslim-population-statistics-uk-usa,/blog/muslim-population-statistics-uk-usa,LOW,reference,PROTECT,GSC_SEARCH_ANALYTICS_2026-06-02_TO_2026-08-08,LOW
uk muslim population percentage 2021 census office for national statistics,uk muslim population percentage 2021 census office for national statistics,informational,islamic-demographics,reference,United States,,none,none,none,top,GSC_IMPRESSIONS_68D:1,GSC_AVG_POSITION:10,45.7,MEDIUM,/blog/muslim-population-statistics-uk-usa,/blog/muslim-population-statistics-uk-usa,LOW,reference,PROTECT,GSC_SEARCH_ANALYTICS_2026-06-02_TO_2026-08-08,LOW
uk muslim population percentage 2021 census office for national statistics england wales scotland northern ireland,uk muslim population percentage 2021 census office for national statistics england wales scotland northern ireland,informational,islamic-demographics,reference,United States,,none,none,none,top,GSC_IMPRESSIONS_68D:1,GSC_AVG_POSITION:10,45.7,MEDIUM,/blog/muslim-population-statistics-uk-usa,/blog/muslim-population-statistics-uk-usa,LOW,reference,PROTECT,GSC_SEARCH_ANALYTICS_2026-06-02_TO_2026-08-08,LOW
what does labayk mean,what does labayk mean,informational,unclustered,unknown,UKR,,none,none,none,top,GSC_IMPRESSIONS_68D:1,GSC_AVG_POSITION:13,45.7,HIGH,/blog/labbaik-allahumma-labbaik,/blog/labbaik-allahumma-labbaik,LOW,unknown,PROTECT,GSC_SEARCH_ANALYTICS_2026-06-02_TO_2026-08-08,LOW
attahiyat full in english,attahiyat full in english,informational,salah-prayer,guide,United Kingdom,,none,none,none,top,GSC_IMPRESSIONS_68D:6,GSC_AVG_POSITION:21.8,45.6,HIGH,/blog/attahiyat-full-arabic-english-tashahhud,/blog/attahiyat-full-arabic-english-tashahhud,LOW,guide,CONTENT REFRESH,GSC_SEARCH_ANALYTICS_2026-06-02_TO_2026-08-08,MEDIUM
attahiyat translation,attahiyat translation,informational,salah-prayer,guide,United Kingdom,,none,none,none,top,GSC_IMPRESSIONS_68D:6,GSC_AVG_POSITION:24.2,45.6,HIGH,/blog/attahiyat-full-arabic-english-tashahhud,/blog/attahiyat-full-arabic-english-tashahhud,LOW,guide,CONTENT REFRESH,GSC_SEARCH_ANALYTICS_2026-06-02_TO_2026-08-08,MEDIUM
female quran tutor,female quran tutor,commercial,quran-learning-service,service,Pakistan,,women,none,gender-preference,middle,GSC_IMPRESSIONS_68D:6,GSC_AVG_POSITION:87.7,45.6,MEDIUM,/female-quran-teacher-online,/female-quran-teacher-online,LOW,service,CLUSTER SUPPORT,GSC_SEARCH_ANALYTICS_2026-06-02_TO_2026-08-08,MEDIUM
free online quran classes for adults,free online quran classes for adults,commercial,quran-learning-service,service,Pakistan,,adults,none,cost,middle,GSC_IMPRESSIONS_68D:6,GSC_AVG_POSITION:76.7,45.6,MEDIUM,/online-quran-classes-for-adults,/online-quran-classes-for-adults,MEDIUM,service,CLUSTER SUPPORT,GSC_SEARCH_ANALYTICS_2026-06-02_TO_2026-08-08,MEDIUM
online quran academy usa,online quran academy usa,commercial,quran-learning-service,service,Pakistan,,none,none,none,middle,GSC_IMPRESSIONS_68D:6,GSC_AVG_POSITION:80.8,45.6,MEDIUM,/locations/online-quran-classes-usa,/locations/online-quran-classes-usa,LOW,service,CLUSTER SUPPORT,GSC_SEARCH_ANALYTICS_2026-06-02_TO_2026-08-08,MEDIUM
meaning of alhamdulillah,meaning of alhamdulillah,informational,islamic-terms,definition,Ireland,,none,none,none,top,GSC_IMPRESSIONS_68D:11,GSC_AVG_POSITION:67.2,45.3,HIGH,/blog/alhamdulillah-meaning-in-english,/blog/alhamdulillah-meaning-in-english,MEDIUM,definition,MONITOR,GSC_SEARCH_ANALYTICS_2026-06-02_TO_2026-08-08,HIGH
alhamdulillah translation in english,alhamdulillah translation in english,informational,islamic-terms,definition,Ireland,,none,none,none,top,GSC_IMPRESSIONS_68D:10,GSC_AVG_POSITION:63.1,45.1,HIGH,/blog/alhamdulillah-meaning-in-english,/blog/alhamdulillah-meaning-in-english,LOW,definition,MONITOR,GSC_SEARCH_ANALYTICS_2026-06-02_TO_2026-08-08,HIGH
atahayat,atahayat,informational,unclustered,unknown,Denmark,,none,none,none,top,GSC_IMPRESSIONS_68D:2,GSC_AVG_POSITION:10.5,45.1,LOW,/blog/attahiyat-full-arabic-english-tashahhud,/blog/attahiyat-full-arabic-english-tashahhud,LOW,unknown,PROTECT,GSC_SEARCH_ANALYTICS_2026-06-02_TO_2026-08-08,LOW
barakalla,barakalla,informational,islamic-terms,definition,India,,none,none,none,top,GSC_IMPRESSIONS_68D:10,GSC_AVG_POSITION:8.8,45.1,LOW,/blog/barakallah-meaning,/blog/barakallah-meaning,LOW,definition,PROTECT,GSC_SEARCH_ANALYTICS_2026-06-02_TO_2026-08-08,HIGH
dua for rizq in arabic,dua for rizq in arabic,informational,duas-supplications,guide,United Kingdom,,none,none,none,top,GSC_IMPRESSIONS_68D:2,GSC_AVG_POSITION:19,45.1,MEDIUM,/blog/dua-for-rizq-arabic-english,/blog/dua-for-rizq-arabic-english,LOW,guide,PROTECT,GSC_SEARCH_ANALYTICS_2026-06-02_TO_2026-08-08,LOW
durood shareef with english translation,durood shareef with english translation,informational,duas-supplications,guide,Australia,,none,none,none,top,GSC_IMPRESSIONS_68D:2,GSC_AVG_POSITION:30,45.1,HIGH,/blog/darood-sharif,/blog/darood-sharif,LOW,guide,MONITOR,GSC_SEARCH_ANALYTICS_2026-06-02_TO_2026-08-08,LOW
ikhlas meaning,ikhlas meaning,informational,quran-surahs,reference,Singapore,,none,none,none,top,GSC_IMPRESSIONS_68D:10,GSC_AVG_POSITION:55.3,45.1,HIGH,/blog/surah-ikhlas-benefits,/blog/surah-ikhlas-benefits,LOW,reference,MONITOR,GSC_SEARCH_ANALYTICS_2026-06-02_TO_2026-08-08,HIGH
kafat meaning,kafat meaning,informational,unclustered,unknown,UAE,,none,none,none,top,GSC_IMPRESSIONS_68D:2,GSC_AVG_POSITION:11.5,45.1,HIGH,/blog/last-two-ayahs-surah-baqarah,/blog/last-two-ayahs-surah-baqarah,LOW,unknown,PROTECT,GSC_SEARCH_ANALYTICS_2026-06-02_TO_2026-08-08,LOW
labaik meaning in english,labaik meaning in english,informational,islamic-terms,definition,India,,none,none,none,top,GSC_IMPRESSIONS_68D:2,GSC_AVG_POSITION:13.5,45.1,HIGH,/blog/labbaik-allahumma-labbaik,/blog/labbaik-allahumma-labbaik,LOW,definition,PROTECT,GSC_SEARCH_ANALYTICS_2026-06-02_TO_2026-08-08,LOW
masura in english,masura in english,informational,unclustered,unknown,Italy,,none,none,none,top,GSC_IMPRESSIONS_68D:2,GSC_AVG_POSITION:37,45.1,HIGH,/blog/dua-e-masura-arabic-english,/blog/dua-e-masura-arabic-english,LOW,unknown,MONITOR,GSC_SEARCH_ANALYTICS_2026-06-02_TO_2026-08-08,LOW
meaning of tahiyat akhir,meaning of tahiyat akhir,informational,salah-prayer,guide,France,,none,none,none,top,GSC_IMPRESSIONS_68D:2,GSC_AVG_POSITION:32,45.1,HIGH,/blog/attahiyat-full-arabic-english-tashahhud,/blog/attahiyat-full-arabic-english-tashahhud,LOW,guide,MONITOR,GSC_SEARCH_ANALYTICS_2026-06-02_TO_2026-08-08,LOW
online quran academy in usa,online quran academy in usa,commercial,quran-learning-service,service,Pakistan,,none,none,none,middle,GSC_IMPRESSIONS_68D:2,GSC_AVG_POSITION:57.5,45.1,MEDIUM,/locations/online-quran-classes-usa,/locations/online-quran-classes-usa,LOW,service,CLUSTER SUPPORT,GSC_SEARCH_ANALYTICS_2026-06-02_TO_2026-08-08,LOW
quran 2:201 rabbana atina fid-dunya hasanah,quran 2:201 rabbana atina fid-dunya hasanah,informational,duas-supplications,guide,United States,,none,none,none,top,GSC_IMPRESSIONS_68D:2,GSC_AVG_POSITION:11,45.1,MEDIUM,/blog/rabbana-atina-fid-dunya,/blog/rabbana-atina-fid-dunya,LOW,guide,PROTECT,GSC_SEARCH_ANALYTICS_2026-06-02_TO_2026-08-08,LOW
99 names of allah in english,99 names of allah in english,informational,99-names,reference,Canada,,none,none,none,top,GSC_IMPRESSIONS_68D:18,GSC_AVG_POSITION:43.9,44.9,HIGH,/blog/99-names-of-allah-asmaul-husna,/blog/99-names-of-allah-asmaul-husna,MEDIUM,reference,CONTENT REFRESH,GSC_SEARCH_ANALYTICS_2026-06-02_TO_2026-08-08,HIGH
attahiyat in prayer,attahiyat in prayer,informational,salah-prayer,guide,Canada,,none,none,none,top,GSC_IMPRESSIONS_68D:4,GSC_AVG_POSITION:20,44.9,LOW,/blog/attahiyat-full-arabic-english-tashahhud,/blog/attahiyat-full-arabic-english-tashahhud,LOW,guide,PROTECT,GSC_SEARCH_ANALYTICS_2026-06-02_TO_2026-08-08,MEDIUM
attahiyat lillahi meaning,attahiyat lillahi meaning,informational,salah-prayer,guide,United Kingdom,,none,none,none,top,GSC_IMPRESSIONS_68D:4,GSC_AVG_POSITION:27.2,44.9,HIGH,/blog/attahiyat-full-arabic-english-tashahhud,/blog/attahiyat-full-arabic-english-tashahhud,LOW,guide,MONITOR,GSC_SEARCH_ANALYTICS_2026-06-02_TO_2026-08-08,MEDIUM
attahiyat lillahi wa salawatu in english,attahiyat lillahi wa salawatu in english,informational,salah-prayer,guide,United Kingdom,,none,none,none,top,GSC_IMPRESSIONS_68D:4,GSC_AVG_POSITION:28.8,44.9,HIGH,/blog/attahiyat-full-arabic-english-tashahhud,/blog/attahiyat-full-arabic-english-tashahhud,LOW,guide,MONITOR,GSC_SEARCH_ANALYTICS_2026-06-02_TO_2026-08-08,MEDIUM
best quran academy,best quran academy,commercial,quran-learning-service,service,Pakistan,,none,none,none,middle,GSC_IMPRESSIONS_68D:4,GSC_AVG_POSITION:119.2,44.9,MEDIUM,/blog/best-online-quran-academy-guide,/blog/best-online-quran-academy-guide,LOW,service,CLUSTER SUPPORT,GSC_SEARCH_ANALYTICS_2026-06-02_TO_2026-08-08,MEDIUM
ijazah meaning,ijazah meaning,informational,quran-learning-service,service,United Kingdom,,none,none,none,top,GSC_IMPRESSIONS_68D:4,GSC_AVG_POSITION:60.8,44.9,HIGH,/blog/what-is-ijazah-in-quran-teaching,/blog/what-is-ijazah-in-quran-teaching,LOW,service,MONITOR,GSC_SEARCH_ANALYTICS_2026-06-02_TO_2026-08-08,MEDIUM
quran classes for my daughter,quran classes for my daughter,commercial,quran-learning-service,service,Pakistan,,kids,none,none,middle,GSC_IMPRESSIONS_68D:4,GSC_AVG_POSITION:83.2,44.9,MEDIUM,/courses/quran-classes-for-kids,/courses/quran-classes-for-kids,MEDIUM,service,CLUSTER SUPPORT,GSC_SEARCH_ANALYTICS_2026-06-02_TO_2026-08-08,MEDIUM
quran female teacher,quran female teacher,commercial,quran-learning-service,service,Pakistan,,women,none,gender-preference,middle,GSC_IMPRESSIONS_68D:4,GSC_AVG_POSITION:98.5,44.9,MEDIUM,/female-quran-teacher-online,/female-quran-teacher-online,LOW,service,CLUSTER SUPPORT,GSC_SEARCH_ANALYTICS_2026-06-02_TO_2026-08-08,MEDIUM
rizq ki dua in english,rizq ki dua in english,informational,duas-supplications,guide,United States,,none,none,none,top,GSC_IMPRESSIONS_68D:8,GSC_AVG_POSITION:21.6,44.7,HIGH,/blog/dua-for-rizq-arabic-english,/blog/dua-for-rizq-arabic-english,LOW,guide,CONTENT REFRESH,GSC_SEARCH_ANALYTICS_2026-06-02_TO_2026-08-08,MEDIUM
attahiyat english,attahiyat english,informational,salah-prayer,guide,United States,,none,none,none,top,GSC_IMPRESSIONS_68D:16,GSC_AVG_POSITION:19.8,44.6,LOW,/blog/attahiyat-full-arabic-english-tashahhud,/blog/attahiyat-full-arabic-english-tashahhud,LOW,guide,PROTECT,GSC_SEARCH_ANALYTICS_2026-06-02_TO_2026-08-08,HIGH
akbar meaning,akbar meaning,informational,unclustered,unknown,Sweden,,none,none,none,top,GSC_IMPRESSIONS_68D:3,GSC_AVG_POSITION:43.3,44.4,HIGH,/blog/allahu-akbar-meaning-in-english,/blog/allahu-akbar-meaning-in-english,LOW,unknown,MONITOR,GSC_SEARCH_ANALYTICS_2026-06-02_TO_2026-08-08,MEDIUM
atahiato,atahiato,informational,unclustered,unknown,Sweden,,none,none,none,top,GSC_IMPRESSIONS_68D:3,GSC_AVG_POSITION:10.7,44.4,LOW,/blog/attahiyat-full-arabic-english-tashahhud,/blog/attahiyat-full-arabic-english-tashahhud,LOW,unknown,PROTECT,GSC_SEARCH_ANALYTICS_2026-06-02_TO_2026-08-08,MEDIUM
attahiyat 2nd part,attahiyat 2nd part,informational,salah-prayer,guide,Nigeria,,none,none,none,top,GSC_IMPRESSIONS_68D:7,GSC_AVG_POSITION:9,44.4,LOW,/blog/attahiyat-full-arabic-english-tashahhud,/blog/attahiyat-full-arabic-english-tashahhud,LOW,guide,PROTECT,GSC_SEARCH_ANALYTICS_2026-06-02_TO_2026-08-08,MEDIUM
attahiyat arabic text,attahiyat arabic text,informational,salah-prayer,guide,India,,none,none,none,top,GSC_IMPRESSIONS_68D:7,GSC_AVG_POSITION:8,44.4,LOW,/blog/attahiyat-full-arabic-english-tashahhud,/blog/attahiyat-full-arabic-english-tashahhud,LOW,guide,PROTECT,GSC_SEARCH_ANALYTICS_2026-06-02_TO_2026-08-08,MEDIUM
attahiyat transliteration,attahiyat transliteration,informational,salah-prayer,guide,United Kingdom,,none,none,none,top,GSC_IMPRESSIONS_68D:14,GSC_AVG_POSITION:12.8,44.4,LOW,/blog/attahiyat-full-arabic-english-tashahhud,/blog/attahiyat-full-arabic-english-tashahhud,LOW,guide,PROTECT,GSC_SEARCH_ANALYTICS_2026-06-02_TO_2026-08-08,HIGH
full attahiyat,full attahiyat,informational,salah-prayer,guide,United Kingdom,,none,none,none,top,GSC_IMPRESSIONS_68D:14,GSC_AVG_POSITION:18.9,44.4,LOW,/blog/attahiyat-full-arabic-english-tashahhud,/blog/attahiyat-full-arabic-english-tashahhud,LOW,guide,PROTECT,GSC_SEARCH_ANALYTICS_2026-06-02_TO_2026-08-08,HIGH
inshallah means,inshallah means,informational,islamic-terms,definition,Sweden,,none,none,none,top,GSC_IMPRESSIONS_68D:14,GSC_AVG_POSITION:66,44.4,HIGH,/blog/inshallah-meaning-in-english,/blog/inshallah-meaning-in-english,LOW,definition,MONITOR,GSC_SEARCH_ANALYTICS_2026-06-02_TO_2026-08-08,HIGH
labbaik allahumma labbaik meaning in english,labbaik allahumma labbaik meaning in english,informational,islamic-terms,definition,Australia,,none,none,none,top,GSC_IMPRESSIONS_68D:3,GSC_AVG_POSITION:22.3,44.4,HIGH,/blog/labbaik-allahumma-labbaik,/blog/labbaik-allahumma-labbaik,LOW,definition,MONITOR,GSC_SEARCH_ANALYTICS_2026-06-02_TO_2026-08-08,MEDIUM
labbaik allahumma labbaik meaning in urdu,labbaik allahumma labbaik meaning in urdu,informational,islamic-terms,definition,Australia,,none,none,none,top,GSC_IMPRESSIONS_68D:3,GSC_AVG_POSITION:25.3,44.4,HIGH,/blog/labbaik-allahumma-labbaik,/blog/labbaik-allahumma-labbaik,LOW,definition,MONITOR,GSC_SEARCH_ANALYTICS_2026-06-02_TO_2026-08-08,MEDIUM
tahiyat translation,tahiyat translation,informational,salah-prayer,guide,United Kingdom,,none,none,none,top,GSC_IMPRESSIONS_68D:3,GSC_AVG_POSITION:35.7,44.4,HIGH,/blog/attahiyat-full-arabic-english-tashahhud,/blog/attahiyat-full-arabic-english-tashahhud,LOW,guide,MONITOR,GSC_SEARCH_ANALYTICS_2026-06-02_TO_2026-08-08,MEDIUM
tashahhud in english,tashahhud in english,informational,salah-prayer,guide,United Kingdom,,none,none,none,top,GSC_IMPRESSIONS_68D:3,GSC_AVG_POSITION:29.7,44.4,HIGH,/blog/attahiyat-full-arabic-english-tashahhud,/blog/attahiyat-full-arabic-english-tashahhud,LOW,guide,MONITOR,GSC_SEARCH_ANALYTICS_2026-06-02_TO_2026-08-08,MEDIUM
translation of attahiyat in english,translation of attahiyat in english,informational,salah-prayer,guide,United States,,none,none,none,top,GSC_IMPRESSIONS_68D:3,GSC_AVG_POSITION:22.3,44.4,HIGH,/blog/attahiyat-full-arabic-english-tashahhud,/blog/attahiyat-full-arabic-english-tashahhud,LOW,guide,MONITOR,GSC_SEARCH_ANALYTICS_2026-06-02_TO_2026-08-08,MEDIUM
allahu akbar meaning in arabic,allahu akbar meaning in arabic,informational,islamic-terms,definition,Netherlands,,none,none,none,top,GSC_IMPRESSIONS_68D:1,GSC_AVG_POSITION:34,44.3,HIGH,/blog/allahu-akbar-meaning-in-english,/blog/allahu-akbar-meaning-in-english,LOW,definition,MONITOR,GSC_SEARCH_ANALYTICS_2026-06-02_TO_2026-08-08,LOW
astaghfirullah meaning in english,astaghfirullah meaning in english,informational,islamic-terms,definition,United States,,none,none,none,top,GSC_IMPRESSIONS_68D:13,GSC_AVG_POSITION:37.8,44.3,HIGH,/blog/astaghfirullah-meaning,/blog/astaghfirullah-meaning,MEDIUM,definition,CONTENT REFRESH,GSC_SEARCH_ANALYTICS_2026-06-02_TO_2026-08-08,HIGH
athahiyath salath dua full,athahiyath salath dua full,informational,salah-prayer,guide,MEX,,none,none,none,top,GSC_IMPRESSIONS_68D:1,GSC_AVG_POSITION:18,44.3,MEDIUM,/blog/attahiyat-full-arabic-english-tashahhud,/blog/attahiyat-full-arabic-english-tashahhud,LOW,guide,PROTECT,GSC_SEARCH_ANALYTICS_2026-06-02_TO_2026-08-08,LOW
attahiat,attahiat,informational,unclustered,unknown,Norway,,none,none,none,top,GSC_IMPRESSIONS_68D:1,GSC_AVG_POSITION:11,44.3,LOW,/blog/attahiyat-full-arabic-english-tashahhud,/blog/attahiyat-full-arabic-english-tashahhud,LOW,unknown,PROTECT,GSC_SEARCH_ANALYTICS_2026-06-02_TO_2026-08-08,LOW
attahiyat for prayer,attahiyat for prayer,informational,salah-prayer,guide,BRB,,none,none,none,top,GSC_IMPRESSIONS_68D:1,GSC_AVG_POSITION:8,44.3,LOW,/blog/attahiyat-full-arabic-english-tashahhud,/blog/attahiyat-full-arabic-english-tashahhud,LOW,guide,PROTECT,GSC_SEARCH_ANALYTICS_2026-06-02_TO_2026-08-08,LOW
attahiyatul mubarakatus full,attahiyatul mubarakatus full,informational,salah-prayer,guide,Qatar,,none,none,none,top,GSC_IMPRESSIONS_68D:1,GSC_AVG_POSITION:2,44.3,LOW,/blog/attahiyat-full-arabic-english-tashahhud,/blog/attahiyat-full-arabic-english-tashahhud,LOW,guide,PROTECT,GSC_SEARCH_ANALYTICS_2026-06-02_TO_2026-08-08,LOW
barak allah feek meaning,barak allah feek meaning,informational,islamic-terms,definition,India,,none,none,none,top,GSC_IMPRESSIONS_68D:1,GSC_AVG_POSITION:11,44.3,HIGH,/blog/barakallah-meaning,/blog/barakallah-meaning,LOW,definition,PROTECT,GSC_SEARCH_ANALYTICS_2026-06-02_TO_2026-08-08,LOW
barakallah reply in arabic,barakallah reply in arabic,informational,islamic-terms,definition,India,,none,none,none,top,GSC_IMPRESSIONS_68D:1,GSC_AVG_POSITION:10,44.3,MEDIUM,/blog/barakallah-meaning,/blog/barakallah-meaning,LOW,definition,PROTECT,GSC_SEARCH_ANALYTICS_2026-06-02_TO_2026-08-08,LOW
barakallahu feekum reply in english,barakallahu feekum reply in english,informational,islamic-terms,definition,India,,none,none,none,top,GSC_IMPRESSIONS_68D:1,GSC_AVG_POSITION:13,44.3,HIGH,/blog/barakallah-meaning,/blog/barakallah-meaning,LOW,definition,PROTECT,GSC_SEARCH_ANALYTICS_2026-06-02_TO_2026-08-08,LOW
dua e masura transliteration,dua e masura transliteration,informational,duas-supplications,guide,United States,,none,none,none,top,GSC_IMPRESSIONS_68D:1,GSC_AVG_POSITION:17,44.3,MEDIUM,/blog/dua-e-masura-arabic-english,/blog/dua-e-masura-arabic-english,LOW,guide,PROTECT,GSC_SEARCH_ANALYTICS_2026-06-02_TO_2026-08-08,LOW
etthiyatu,etthiyatu,informational,unclustered,unknown,Germany,,none,none,none,top,GSC_IMPRESSIONS_68D:1,GSC_AVG_POSITION:10,44.3,LOW,/blog/attahiyat-full-arabic-english-tashahhud,/blog/attahiyat-full-arabic-english-tashahhud,LOW,unknown,PROTECT,GSC_SEARCH_ANALYTICS_2026-06-02_TO_2026-08-08,LOW
inshallah meaning bangla,inshallah meaning bangla,informational,islamic-terms,definition,Netherlands,,none,none,none,top,GSC_IMPRESSIONS_68D:1,GSC_AVG_POSITION:39,44.3,HIGH,/blog/inshallah-meaning-in-english,/blog/inshallah-meaning-in-english,LOW,definition,MONITOR,GSC_SEARCH_ANALYTICS_2026-06-02_TO_2026-08-08,LOW
insya allah in english,insya allah in english,informational,islamic-general,reference,Singapore,,none,none,none,top,GSC_IMPRESSIONS_68D:1,GSC_AVG_POSITION:33,44.3,HIGH,/blog/inshallah-meaning-in-english,/blog/inshallah-meaning-in-english,LOW,reference,MONITOR,GSC_SEARCH_ANALYTICS_2026-06-02_TO_2026-08-08,LOW
mashallah barakallahu feek meaning,mashallah barakallahu feek meaning,informational,islamic-terms,definition,Bangladesh,,none,none,none,top,GSC_IMPRESSIONS_68D:1,GSC_AVG_POSITION:11,44.3,HIGH,/blog/barakallah-meaning,/blog/barakallah-meaning,LOW,definition,PROTECT,GSC_SEARCH_ANALYTICS_2026-06-02_TO_2026-08-08,LOW
meaning of labaik,meaning of labaik,informational,islamic-terms,definition,Pakistan,,none,none,none,top,GSC_IMPRESSIONS_68D:1,GSC_AVG_POSITION:19,44.3,HIGH,/blog/labbaik-allahumma-labbaik,/blog/labbaik-allahumma-labbaik,LOW,definition,PROTECT,GSC_SEARCH_ANALYTICS_2026-06-02_TO_2026-08-08,LOW
meaning of labbaik allahumma labbaik,meaning of labbaik allahumma labbaik,informational,islamic-terms,definition,India,,none,none,none,top,GSC_IMPRESSIONS_68D:1,GSC_AVG_POSITION:16,44.3,HIGH,/blog/labbaik-allahumma-labbaik,/blog/labbaik-allahumma-labbaik,LOW,definition,PROTECT,GSC_SEARCH_ANALYTICS_2026-06-02_TO_2026-08-08,LOW
online quran education,online quran education,commercial,islamic-general,reference,New Zealand,,none,none,none,middle,GSC_IMPRESSIONS_68D:1,GSC_AVG_POSITION:84,44.3,MEDIUM,/locations/online-quran-classes-new-zealand,/locations/online-quran-classes-new-zealand,LOW,reference,CLUSTER SUPPORT,GSC_SEARCH_ANALYTICS_2026-06-02_TO_2026-08-08,LOW
quran learning center,quran learning center,commercial,islamic-general,reference,New Zealand,,none,none,none,middle,GSC_IMPRESSIONS_68D:1,GSC_AVG_POSITION:91,44.3,MEDIUM,/locations/online-quran-classes-new-zealand,/locations/online-quran-classes-new-zealand,LOW,reference,CLUSTER SUPPORT,GSC_SEARCH_ANALYTICS_2026-06-02_TO_2026-08-08,LOW
quran teacher net,quran teacher net,commercial,quran-learning-service,service,Pakistan,,none,none,none,middle,GSC_IMPRESSIONS_68D:1,GSC_AVG_POSITION:58,44.3,MEDIUM,/quran-teacher-online,/quran-teacher-online,LOW,service,CLUSTER SUPPORT,GSC_SEARCH_ANALYTICS_2026-06-02_TO_2026-08-08,LOW
rabbana atina fid dunya in arabic,rabbana atina fid dunya in arabic,informational,duas-supplications,guide,United States,,none,none,none,top,GSC_IMPRESSIONS_68D:1,GSC_AVG_POSITION:20,44.3,MEDIUM,/blog/rabbana-atina-fid-dunya,/blog/rabbana-atina-fid-dunya,LOW,guide,PROTECT,GSC_SEARCH_ANALYTICS_2026-06-02_TO_2026-08-08,LOW
safar ki dua in english transliteration,safar ki dua in english transliteration,informational,duas-supplications,guide,Australia,,none,none,none,top,GSC_IMPRESSIONS_68D:1,GSC_AVG_POSITION:33,44.3,HIGH,/blog/safar-ki-dua-travel-dua-arabic-english,/blog/safar-ki-dua-travel-dua-arabic-english,LOW,guide,MONITOR,GSC_SEARCH_ANALYTICS_2026-06-02_TO_2026-08-08,LOW
seen arabic,seen arabic,informational,noorani-qaida,course,New Zealand,,none,none,none,top,GSC_IMPRESSIONS_68D:1,GSC_AVG_POSITION:42,44.3,LOW,/noorani-qaida/arabic-letters/seen,/noorani-qaida/arabic-letters/seen,LOW,course,MONITOR,GSC_SEARCH_ANALYTICS_2026-06-02_TO_2026-08-08,LOW
surah baqarah last ayat,surah baqarah last ayat,informational,quran-surahs,reference,Norway,,none,none,none,top,GSC_IMPRESSIONS_68D:1,GSC_AVG_POSITION:31,44.3,MEDIUM,/blog/last-two-ayahs-surah-baqarah,/blog/last-two-ayahs-surah-baqarah,LOW,reference,MONITOR,GSC_SEARCH_ANALYTICS_2026-06-02_TO_2026-08-08,LOW
surah baqarah last two,surah baqarah last two,informational,quran-surahs,reference,United States,,none,none,none,top,GSC_IMPRESSIONS_68D:1,GSC_AVG_POSITION:20,44.3,MEDIUM,/blog/last-two-ayahs-surah-baqarah,/blog/last-two-ayahs-surah-baqarah,LOW,reference,PROTECT,GSC_SEARCH_ANALYTICS_2026-06-02_TO_2026-08-08,LOW
translation of yaseen,translation of yaseen,informational,quran-surahs,reference,Canada,,none,none,none,top,GSC_IMPRESSIONS_68D:1,GSC_AVG_POSITION:40,44.3,HIGH,/blog/surah-yaseen-arabic-english,/blog/surah-yaseen-arabic-english,LOW,reference,MONITOR,GSC_SEARCH_ANALYTICS_2026-06-02_TO_2026-08-08,LOW
uk census 2021 muslim population england wales percentage ons,uk census 2021 muslim population england wales percentage ons,informational,islamic-demographics,reference,UKR,,none,none,none,top,GSC_IMPRESSIONS_68D:1,GSC_AVG_POSITION:10,44.3,MEDIUM,/blog/muslim-population-statistics-uk-usa,/blog/muslim-population-statistics-uk-usa,LOW,reference,PROTECT,GSC_SEARCH_ANALYTICS_2026-06-02_TO_2026-08-08,LOW
what does labaik allahumma labaik mean,what does labaik allahumma labaik mean,informational,islamic-terms,definition,Bangladesh,,none,none,none,top,GSC_IMPRESSIONS_68D:1,GSC_AVG_POSITION:12,44.3,HIGH,/blog/labbaik-allahumma-labbaik,/blog/labbaik-allahumma-labbaik,LOW,definition,PROTECT,GSC_SEARCH_ANALYTICS_2026-06-02_TO_2026-08-08,LOW
what is labbaik,what is labbaik,informational,islamic-terms,definition,India,,none,none,none,top,GSC_IMPRESSIONS_68D:1,GSC_AVG_POSITION:11,44.3,HIGH,/blog/labbaik-allahumma-labbaik,/blog/labbaik-allahumma-labbaik,LOW,definition,PROTECT,GSC_SEARCH_ANALYTICS_2026-06-02_TO_2026-08-08,LOW
last rakat attahiyat,last rakat attahiyat,informational,salah-prayer,guide,India,,none,none,none,top,GSC_IMPRESSIONS_68D:5,GSC_AVG_POSITION:7.2,43.9,LOW,/blog/attahiyat-full-arabic-english-tashahhud,/blog/attahiyat-full-arabic-english-tashahhud,LOW,guide,PROTECT,GSC_SEARCH_ANALYTICS_2026-06-02_TO_2026-08-08,MEDIUM
attahiyat in namaz,attahiyat in namaz,informational,salah-prayer,guide,India,,none,none,none,top,GSC_IMPRESSIONS_68D:2,GSC_AVG_POSITION:2,43.7,LOW,/blog/attahiyat-full-arabic-english-tashahhud,/blog/attahiyat-full-arabic-english-tashahhud,LOW,guide,PROTECT,GSC_SEARCH_ANALYTICS_2026-06-02_TO_2026-08-08,LOW
99 names of allah list english hindi meanings standard,99 names of allah list english hindi meanings standard,informational,99-names,reference,United States,,none,none,none,top,GSC_IMPRESSIONS_68D:2,GSC_AVG_POSITION:20,43.7,MEDIUM,/blog/99-names-of-allah-asmaul-husna,/blog/99-names-of-allah-asmaul-husna,LOW,reference,PROTECT,GSC_SEARCH_ANALYTICS_2026-06-02_TO_2026-08-08,LOW
allahu akbar meaning in english,allahu akbar meaning in english,informational,islamic-terms,definition,Italy,,none,none,none,top,GSC_IMPRESSIONS_68D:2,GSC_AVG_POSITION:41.5,43.7,HIGH,/blog/allahu-akbar-meaning-in-english,/blog/allahu-akbar-meaning-in-english,LOW,definition,MONITOR,GSC_SEARCH_ANALYTICS_2026-06-02_TO_2026-08-08,LOW
atahiyaatu,atahiyaatu,informational,salah-prayer,guide,Kuwait,,none,none,none,top,GSC_IMPRESSIONS_68D:2,GSC_AVG_POSITION:5,43.7,LOW,/blog/attahiyat-full-arabic-english-tashahhud,/blog/attahiyat-full-arabic-english-tashahhud,LOW,guide,PROTECT,GSC_SEARCH_ANALYTICS_2026-06-02_TO_2026-08-08,LOW
atahiyat,atahiyat,informational,salah-prayer,guide,Australia,,none,none,none,top,GSC_IMPRESSIONS_68D:2,GSC_AVG_POSITION:19,43.7,LOW,/blog/attahiyat-full-arabic-english-tashahhud,/blog/attahiyat-full-arabic-english-tashahhud,LOW,guide,PROTECT,GSC_SEARCH_ANALYTICS_2026-06-02_TO_2026-08-08,LOW
baarakallah meaning,baarakallah meaning,informational,islamic-general,reference,India,,none,none,none,top,GSC_IMPRESSIONS_68D:2,GSC_AVG_POSITION:16.5,43.7,HIGH,/blog/barakallah-meaning,/blog/barakallah-meaning,LOW,reference,PROTECT,GSC_SEARCH_ANALYTICS_2026-06-02_TO_2026-08-08,LOW
barakkallah,barakkallah,informational,islamic-general,reference,India,,none,none,none,top,GSC_IMPRESSIONS_68D:10,GSC_AVG_POSITION:9.5,43.7,LOW,/blog/barakallah-meaning,/blog/barakallah-meaning,LOW,reference,PROTECT,GSC_SEARCH_ANALYTICS_2026-06-02_TO_2026-08-08,HIGH
female quran tutor at home,female quran tutor at home,commercial,quran-learning-service,service,Pakistan,,women,none,learn-from-home,middle,GSC_IMPRESSIONS_68D:2,GSC_AVG_POSITION:75.5,43.7,MEDIUM,/female-quran-teacher-online,/female-quran-teacher-online,LOW,service,CLUSTER SUPPORT,GSC_SEARCH_ANALYTICS_2026-06-02_TO_2026-08-08,LOW
how many haroof e tahaji in arabic,how many haroof e tahaji in arabic,informational,islamic-general,reference,India,,none,none,none,top,GSC_IMPRESSIONS_68D:2,GSC_AVG_POSITION:11,43.7,HIGH,/blog/arabic-alphabet-for-kids,/blog/arabic-alphabet-for-kids,LOW,reference,PROTECT,GSC_SEARCH_ANALYTICS_2026-06-02_TO_2026-08-08,LOW
inshaallah meaning,inshaallah meaning,informational,islamic-terms,definition,Canada,,none,none,none,top,GSC_IMPRESSIONS_68D:2,GSC_AVG_POSITION:39.5,43.7,HIGH,/blog/inshallah-meaning-in-english,/blog/inshallah-meaning-in-english,LOW,definition,MONITOR,GSC_SEARCH_ANALYTICS_2026-06-02_TO_2026-08-08,LOW
kursi in english,kursi in english,informational,quran-surahs,reference,United States,,none,none,none,top,GSC_IMPRESSIONS_68D:20,GSC_AVG_POSITION:43.9,43.7,HIGH,/blog/ayatul-kursi-arabic-english-benefits,/blog/ayatul-kursi-arabic-english-benefits,LOW,reference,CONTENT REFRESH,GSC_SEARCH_ANALYTICS_2026-06-02_TO_2026-08-08,HIGH
labaik allahuma labaik meaning in english,labaik allahuma labaik meaning in english,informational,islamic-terms,definition,Australia,,none,none,none,top,GSC_IMPRESSIONS_68D:2,GSC_AVG_POSITION:35,43.7,HIGH,/blog/labbaik-allahumma-labbaik,/blog/labbaik-allahumma-labbaik,LOW,definition,MONITOR,GSC_SEARCH_ANALYTICS_2026-06-02_TO_2026-08-08,LOW
meaning of attahiyat,meaning of attahiyat,informational,salah-prayer,guide,United Kingdom,,none,none,none,top,GSC_IMPRESSIONS_68D:2,GSC_AVG_POSITION:32.5,43.7,HIGH,/blog/attahiyat-full-arabic-english-tashahhud,/blog/attahiyat-full-arabic-english-tashahhud,LOW,guide,MONITOR,GSC_SEARCH_ANALYTICS_2026-06-02_TO_2026-08-08,LOW
quran in qatar,quran in qatar,informational,islamic-general,reference,United States,,none,none,none,top,GSC_IMPRESSIONS_68D:2,GSC_AVG_POSITION:3,43.7,LOW,/locations/online-quran-classes-qatar,/locations/online-quran-classes-qatar,LOW,reference,PROTECT,GSC_SEARCH_ANALYTICS_2026-06-02_TO_2026-08-08,LOW
uk muslim population 2021 census england wales,uk muslim population 2021 census england wales,informational,islamic-demographics,reference,United Kingdom,,none,none,none,top,GSC_IMPRESSIONS_68D:10,GSC_AVG_POSITION:15.2,43.7,MEDIUM,/blog/muslim-population-statistics-uk-usa,/blog/muslim-population-statistics-uk-usa,LOW,reference,PROTECT,GSC_SEARCH_ANALYTICS_2026-06-02_TO_2026-08-08,HIGH
uk muslim population 2021 census england wales scotland northern ireland total,uk muslim population 2021 census england wales scotland northern ireland total,informational,islamic-demographics,reference,UAE,,none,none,none,top,GSC_IMPRESSIONS_68D:2,GSC_AVG_POSITION:8,43.7,MEDIUM,/blog/muslim-population-statistics-uk-usa,/blog/muslim-population-statistics-uk-usa,LOW,reference,PROTECT,GSC_SEARCH_ANALYTICS_2026-06-02_TO_2026-08-08,LOW
what is tahajjud,what is tahajjud,informational,salah-prayer,guide,Canada,,none,none,none,top,GSC_IMPRESSIONS_68D:2,GSC_AVG_POSITION:48,43.7,HIGH,/blog/tahajjud-prayer,/blog/tahajjud-prayer,LOW,guide,MONITOR,GSC_SEARCH_ANALYTICS_2026-06-02_TO_2026-08-08,LOW
dua e istikhara with english translation,dua e istikhara with english translation,informational,duas-supplications,guide,Australia,,none,none,none,top,GSC_IMPRESSIONS_68D:4,GSC_AVG_POSITION:45.5,43.4,HIGH,/blog/dua-e-istikhara,/blog/dua-e-istikhara,LOW,guide,MONITOR,GSC_SEARCH_ANALYTICS_2026-06-02_TO_2026-08-08,MEDIUM
rabbana atina fid dunya hasanah meaning,rabbana atina fid dunya hasanah meaning,informational,duas-supplications,guide,United Kingdom,,none,none,none,top,GSC_IMPRESSIONS_68D:4,GSC_AVG_POSITION:23.5,43.4,HIGH,/blog/rabbana-atina-fid-dunya,/blog/rabbana-atina-fid-dunya,LOW,guide,MONITOR,GSC_SEARCH_ANALYTICS_2026-06-02_TO_2026-08-08,MEDIUM
rabbana atina fid dunya meaning,rabbana atina fid dunya meaning,informational,duas-supplications,guide,United States,,none,none,none,top,GSC_IMPRESSIONS_68D:4,GSC_AVG_POSITION:22.5,43.4,HIGH,/blog/rabbana-atina-fid-dunya,/blog/rabbana-atina-fid-dunya,LOW,guide,MONITOR,GSC_SEARCH_ANALYTICS_2026-06-02_TO_2026-08-08,MEDIUM
allah 99 names in english,allah 99 names in english,informational,99-names,reference,Australia,,none,none,none,top,GSC_IMPRESSIONS_68D:8,GSC_AVG_POSITION:41.1,43.3,HIGH,/blog/99-names-of-allah-asmaul-husna,/blog/99-names-of-allah-asmaul-husna,MEDIUM,reference,CONTENT REFRESH,GSC_SEARCH_ANALYTICS_2026-06-02_TO_2026-08-08,MEDIUM
"""share-of-individuals-using-the-internet"" csv","""share-of-individuals-using-the-internet"" csv",informational,unclustered,unknown,United States,,none,none,none,top,GSC_IMPRESSIONS_68D:3,GSC_AVG_POSITION:7.7,43.0,LOW,/blog/internet-access-statistics-nine-markets,/blog/internet-access-statistics-nine-markets,LOW,unknown,PROTECT,GSC_SEARCH_ANALYTICS_2026-06-02_TO_2026-08-08,MEDIUM
attahiyat full in arabic,attahiyat full in arabic,informational,salah-prayer,guide,India,,none,none,none,top,GSC_IMPRESSIONS_68D:3,GSC_AVG_POSITION:11,43.0,MEDIUM,/blog/attahiyat-full-arabic-english-tashahhud,/blog/attahiyat-full-arabic-english-tashahhud,LOW,guide,PROTECT,GSC_SEARCH_ANALYTICS_2026-06-02_TO_2026-08-08,MEDIUM
attahiyat lillahi wa salawatu transliteration,attahiyat lillahi wa salawatu transliteration,informational,salah-prayer,guide,India,,none,none,none,top,GSC_IMPRESSIONS_68D:3,GSC_AVG_POSITION:17.3,43.0,MEDIUM,/blog/attahiyat-full-arabic-english-tashahhud,/blog/attahiyat-full-arabic-english-tashahhud,LOW,guide,PROTECT,GSC_SEARCH_ANALYTICS_2026-06-02_TO_2026-08-08,MEDIUM
barekellah,barekellah,informational,islamic-terms,definition,BIH,,none,none,none,top,GSC_IMPRESSIONS_68D:3,GSC_AVG_POSITION:6.7,43.0,LOW,/blog/barakallah-meaning,/blog/barakallah-meaning,LOW,definition,PROTECT,GSC_SEARCH_ANALYTICS_2026-06-02_TO_2026-08-08,MEDIUM
dua sajdah tilawat,dua sajdah tilawat,informational,salah-prayer,guide,India,,none,none,none,top,GSC_IMPRESSIONS_68D:3,GSC_AVG_POSITION:8.7,43.0,LOW,/blog/sajdah-tilawat-dua-arabic-english,/blog/sajdah-tilawat-dua-arabic-english,LOW,guide,PROTECT,GSC_SEARCH_ANALYTICS_2026-06-02_TO_2026-08-08,MEDIUM
how long does it take to memorize the quran,how long does it take to memorize the quran,informational,hifz-memorisation,course,Egypt,,none,none,none,top,GSC_IMPRESSIONS_68D:3,GSC_AVG_POSITION:40.7,43.0,HIGH,/blog/how-long-to-memorize-quran,/blog/how-long-to-memorize-quran,LOW,course,MONITOR,GSC_SEARCH_ANALYTICS_2026-06-02_TO_2026-08-08,MEDIUM
names of allah with meaning,names of allah with meaning,informational,99-names,reference,Germany,,none,none,none,top,GSC_IMPRESSIONS_68D:7,GSC_AVG_POSITION:45,43.0,HIGH,/blog/99-names-of-allah-asmaul-husna,/blog/99-names-of-allah-asmaul-husna,LOW,reference,CONTENT REFRESH,GSC_SEARCH_ANALYTICS_2026-06-02_TO_2026-08-08,MEDIUM
what is bismillah,what is bismillah,informational,islamic-terms,definition,Canada,,none,none,none,top,GSC_IMPRESSIONS_68D:7,GSC_AVG_POSITION:44.6,43.0,HIGH,/blog/bismillah-meaning-in-english,/blog/bismillah-meaning-in-english,LOW,definition,CONTENT REFRESH,GSC_SEARCH_ANALYTICS_2026-06-02_TO_2026-08-08,MEDIUM
"""wa feeki barakallah""","""wa feeki barakallah""",informational,islamic-terms,definition,United States,,none,none,none,top,GSC_IMPRESSIONS_68D:1,GSC_AVG_POSITION:10,42.9,LOW,/blog/barakallah-meaning,/blog/barakallah-meaning,LOW,definition,PROTECT,GSC_SEARCH_ANALYTICS_2026-06-02_TO_2026-08-08,LOW
99 names of allah asma ul husna english hindi meanings list,99 names of allah asma ul husna english hindi meanings list,informational,99-names,reference,United States,,none,none,none,top,GSC_IMPRESSIONS_68D:1,GSC_AVG_POSITION:17,42.9,MEDIUM,/blog/99-names-of-allah-asmaul-husna,/blog/99-names-of-allah-asmaul-husna,LOW,reference,PROTECT,GSC_SEARCH_ANALYTICS_2026-06-02_TO_2026-08-08,LOW
99 names of allah asma ul husna standard list with english and hindi meanings,99 names of allah asma ul husna standard list with english and hindi meanings,informational,99-names,reference,United States,,none,none,none,top,GSC_IMPRESSIONS_68D:1,GSC_AVG_POSITION:18,42.9,MEDIUM,/blog/99-names-of-allah-asmaul-husna,/blog/99-names-of-allah-asmaul-husna,LOW,reference,PROTECT,GSC_SEARCH_ANALYTICS_2026-06-02_TO_2026-08-08,LOW
al akbar meaning,al akbar meaning,informational,unclustered,unknown,Netherlands,,none,none,none,top,GSC_IMPRESSIONS_68D:1,GSC_AVG_POSITION:40,42.9,HIGH,/blog/allahu-akbar-meaning-in-english,/blog/allahu-akbar-meaning-in-english,LOW,unknown,MONITOR,GSC_SEARCH_ANALYTICS_2026-06-02_TO_2026-08-08,LOW
al tashahhud in english,al tashahhud in english,informational,salah-prayer,guide,United Kingdom,,none,none,none,top,GSC_IMPRESSIONS_68D:1,GSC_AVG_POSITION:35,42.9,HIGH,/blog/attahiyat-full-arabic-english-tashahhud,/blog/attahiyat-full-arabic-english-tashahhud,LOW,guide,MONITOR,GSC_SEARCH_ANALYTICS_2026-06-02_TO_2026-08-08,LOW
allah 99 name in english,allah 99 name in english,informational,99-names,reference,Canada,,none,none,none,top,GSC_IMPRESSIONS_68D:1,GSC_AVG_POSITION:38,42.9,HIGH,/blog/99-names-of-allah-asmaul-husna,/blog/99-names-of-allah-asmaul-husna,LOW,reference,MONITOR,GSC_SEARCH_ANALYTICS_2026-06-02_TO_2026-08-08,LOW
astaghfirullah hal adzim meaning,astaghfirullah hal adzim meaning,informational,islamic-terms,definition,Norway,,none,none,none,top,GSC_IMPRESSIONS_68D:1,GSC_AVG_POSITION:59,42.9,HIGH,/blog/astaghfirullah-meaning,/blog/astaghfirullah-meaning,LOW,definition,MONITOR,GSC_SEARCH_ANALYTICS_2026-06-02_TO_2026-08-08,LOW
astaghfirullahalazim meaning,astaghfirullahalazim meaning,informational,islamic-terms,definition,Singapore,,none,none,none,top,GSC_IMPRESSIONS_68D:1,GSC_AVG_POSITION:44,42.9,HIGH,/blog/astaghfirullah-meaning,/blog/astaghfirullah-meaning,LOW,definition,MONITOR,GSC_SEARCH_ANALYTICS_2026-06-02_TO_2026-08-08,LOW
at tashahhud in english,at tashahhud in english,informational,salah-prayer,guide,United States,,none,none,none,top,GSC_IMPRESSIONS_68D:1,GSC_AVG_POSITION:30,42.9,HIGH,/blog/attahiyat-full-arabic-english-tashahhud,/blog/attahiyat-full-arabic-english-tashahhud,LOW,guide,MONITOR,GSC_SEARCH_ANALYTICS_2026-06-02_TO_2026-08-08,LOW
atayat,atayat,informational,salah-prayer,guide,India,,none,none,none,top,GSC_IMPRESSIONS_68D:1,GSC_AVG_POSITION:2,42.9,LOW,/blog/attahiyat-full-arabic-english-tashahhud,/blog/attahiyat-full-arabic-english-tashahhud,LOW,guide,PROTECT,GSC_SEARCH_ANALYTICS_2026-06-02_TO_2026-08-08,LOW
atiyat in english,atiyat in english,informational,unclustered,unknown,India,,none,none,none,top,GSC_IMPRESSIONS_68D:1,GSC_AVG_POSITION:20,42.9,HIGH,/blog/attahiyat-full-arabic-english-tashahhud,/blog/attahiyat-full-arabic-english-tashahhud,LOW,unknown,PROTECT,GSC_SEARCH_ANALYTICS_2026-06-02_TO_2026-08-08,LOW
attahiyat dua in english,attahiyat dua in english,informational,salah-prayer,guide,United Kingdom,,none,none,none,top,GSC_IMPRESSIONS_68D:1,GSC_AVG_POSITION:29,42.9,HIGH,/blog/attahiyat-full-arabic-english-tashahhud,/blog/attahiyat-full-arabic-english-tashahhud,LOW,guide,MONITOR,GSC_SEARCH_ANALYTICS_2026-06-02_TO_2026-08-08,LOW
attahiyat in english translation,attahiyat in english translation,informational,salah-prayer,guide,United States,,none,none,none,top,GSC_IMPRESSIONS_68D:1,GSC_AVG_POSITION:26,42.9,HIGH,/blog/attahiyat-full-arabic-english-tashahhud,/blog/attahiyat-full-arabic-english-tashahhud,LOW,guide,MONITOR,GSC_SEARCH_ANALYTICS_2026-06-02_TO_2026-08-08,LOW
attahiyat with meaning,attahiyat with meaning,informational,salah-prayer,guide,United Kingdom,,none,none,none,top,GSC_IMPRESSIONS_68D:1,GSC_AVG_POSITION:27,42.9,HIGH,/blog/attahiyat-full-arabic-english-tashahhud,/blog/attahiyat-full-arabic-english-tashahhud,LOW,guide,MONITOR,GSC_SEARCH_ANALYTICS_2026-06-02_TO_2026-08-08,LOW
attahiyat with translation,attahiyat with translation,informational,salah-prayer,guide,United Kingdom,,none,none,none,top,GSC_IMPRESSIONS_68D:1,GSC_AVG_POSITION:28,42.9,HIGH,/blog/attahiyat-full-arabic-english-tashahhud,/blog/attahiyat-full-arabic-english-tashahhud,LOW,guide,MONITOR,GSC_SEARCH_ANALYTICS_2026-06-02_TO_2026-08-08,LOW
best online quran classes usa,best online quran classes usa,commercial,quran-learning-service,service,Pakistan,,none,none,none,middle,GSC_IMPRESSIONS_68D:1,GSC_AVG_POSITION:185,42.9,MEDIUM,/locations/online-quran-classes-usa,/locations/online-quran-classes-usa,LOW,service,CLUSTER SUPPORT,GSC_SEARCH_ANALYTICS_2026-06-02_TO_2026-08-08,LOW
dua e masura,dua e masura,informational,duas-supplications,guide,Saudi Arabia,,none,none,none,top,GSC_IMPRESSIONS_68D:1,GSC_AVG_POSITION:2,42.9,LOW,/blog/dua-e-masura-arabic-english,/blog/dua-e-masura-arabic-english,LOW,guide,PROTECT,GSC_SEARCH_ANALYTICS_2026-06-02_TO_2026-08-08,LOW
dua for an ill person,dua for an ill person,informational,duas-supplications,guide,RUS,,none,none,none,top,GSC_IMPRESSIONS_68D:1,GSC_AVG_POSITION:20,42.9,MEDIUM,/blog/dua-for-sick-person-arabic-english,/blog/dua-for-sick-person-arabic-english,LOW,guide,PROTECT,GSC_SEARCH_ANALYTICS_2026-06-02_TO_2026-08-08,LOW
en france,en france,informational,unclustered,unknown,France,,none,none,none,top,GSC_IMPRESSIONS_68D:1,GSC_AVG_POSITION:6,42.9,LOW,/locations/online-quran-classes-france,/locations/online-quran-classes-france,LOW,unknown,PROTECT,GSC_SEARCH_ANALYTICS_2026-06-02_TO_2026-08-08,LOW
how long does hifdh take,how long does hifdh take,informational,hifz-memorisation,course,United Kingdom,,none,hifz,none,top,GSC_IMPRESSIONS_68D:1,GSC_AVG_POSITION:54,42.9,HIGH,/blog/how-long-to-memorize-quran,/blog/how-long-to-memorize-quran,LOW,course,MONITOR,GSC_SEARCH_ANALYTICS_2026-06-02_TO_2026-08-08,LOW
how to do sajdah tilawat,how to do sajdah tilawat,informational,salah-prayer,guide,United States,,none,none,none,top,GSC_IMPRESSIONS_68D:1,GSC_AVG_POSITION:34,42.9,HIGH,/blog/sajdah-tilawat-dua-arabic-english,/blog/sajdah-tilawat-dua-arabic-english,LOW,guide,MONITOR,GSC_SEARCH_ANALYTICS_2026-06-02_TO_2026-08-08,LOW
ilaha meaning in arabic,ilaha meaning in arabic,informational,islamic-general,reference,India,,none,none,none,top,GSC_IMPRESSIONS_68D:1,GSC_AVG_POSITION:20,42.9,HIGH,/blog/la-ilaha-illallah-meaning,/blog/la-ilaha-illallah-meaning,LOW,reference,PROTECT,GSC_SEARCH_ANALYTICS_2026-06-02_TO_2026-08-08,LOW
in salah meaning,in salah meaning,informational,salah-prayer,guide,Spain,,none,none,none,top,GSC_IMPRESSIONS_68D:1,GSC_AVG_POSITION:53,42.9,HIGH,/blog/inshallah-meaning-in-english,/blog/inshallah-meaning-in-english,LOW,guide,MONITOR,GSC_SEARCH_ANALYTICS_2026-06-02_TO_2026-08-08,LOW
insahallah meaning,insahallah meaning,informational,islamic-general,reference,Bangladesh,,none,none,none,top,GSC_IMPRESSIONS_68D:1,GSC_AVG_POSITION:18,42.9,HIGH,/blog/inshallah-meaning-in-english,/blog/inshallah-meaning-in-english,LOW,reference,PROTECT,GSC_SEARCH_ANALYTICS_2026-06-02_TO_2026-08-08,LOW
istikhara for marriage by name,istikhara for marriage by name,informational,unclustered,unknown,India,,none,none,none,top,GSC_IMPRESSIONS_68D:1,GSC_AVG_POSITION:10,42.9,MEDIUM,/blog/istikhara-for-marriage-step-by-step,/blog/istikhara-for-marriage-step-by-step,LOW,unknown,PROTECT,GSC_SEARCH_ANALYTICS_2026-06-02_TO_2026-08-08,LOW
labbaik allahuma labbaik meaning in urdu,labbaik allahuma labbaik meaning in urdu,informational,islamic-terms,definition,Australia,,none,none,none,top,GSC_IMPRESSIONS_68D:1,GSC_AVG_POSITION:27,42.9,HIGH,/blog/labbaik-allahumma-labbaik,/blog/labbaik-allahumma-labbaik,LOW,definition,MONITOR,GSC_SEARCH_ANALYTICS_2026-06-02_TO_2026-08-08,LOW
labbaik allahumma labbaik labbaik la sharika laka labbaik meaning,labbaik allahumma labbaik labbaik la sharika laka labbaik meaning,informational,islamic-terms,definition,Australia,,none,none,none,top,GSC_IMPRESSIONS_68D:1,GSC_AVG_POSITION:40,42.9,HIGH,/blog/labbaik-allahumma-labbaik,/blog/labbaik-allahumma-labbaik,LOW,definition,MONITOR,GSC_SEARCH_ANALYTICS_2026-06-02_TO_2026-08-08,LOW
labbaik meaning in english,labbaik meaning in english,informational,islamic-terms,definition,Australia,,none,none,none,top,GSC_IMPRESSIONS_68D:1,GSC_AVG_POSITION:27,42.9,HIGH,/blog/labbaik-allahumma-labbaik,/blog/labbaik-allahumma-labbaik,LOW,definition,MONITOR,GSC_SEARCH_ANALYTICS_2026-06-02_TO_2026-08-08,LOW
labbaik meaning in islam,labbaik meaning in islam,informational,islamic-terms,definition,Australia,,none,none,none,top,GSC_IMPRESSIONS_68D:1,GSC_AVG_POSITION:30,42.9,HIGH,/blog/labbaik-allahumma-labbaik,/blog/labbaik-allahumma-labbaik,LOW,definition,MONITOR,GSC_SEARCH_ANALYTICS_2026-06-02_TO_2026-08-08,LOW
namaz atiyat,namaz atiyat,informational,salah-prayer,guide,India,,none,none,none,top,GSC_IMPRESSIONS_68D:1,GSC_AVG_POSITION:2,42.9,LOW,/blog/attahiyat-full-arabic-english-tashahhud,/blog/attahiyat-full-arabic-english-tashahhud,LOW,guide,PROTECT,GSC_SEARCH_ANALYTICS_2026-06-02_TO_2026-08-08,LOW
namaz attahiyat,namaz attahiyat,informational,salah-prayer,guide,Pakistan,,none,none,none,top,GSC_IMPRESSIONS_68D:1,GSC_AVG_POSITION:1,42.9,LOW,/blog/attahiyat-full-arabic-english-tashahhud,/blog/attahiyat-full-arabic-english-tashahhud,LOW,guide,PROTECT,GSC_SEARCH_ANALYTICS_2026-06-02_TO_2026-08-08,LOW
online hifz classes,online hifz classes,commercial,quran-learning-service,service,Pakistan,,none,hifz,none,middle,GSC_IMPRESSIONS_68D:1,GSC_AVG_POSITION:99,42.9,MEDIUM,/hifz-quran-online,/hifz-quran-online,LOW,service,CLUSTER SUPPORT,GSC_SEARCH_ANALYTICS_2026-06-02_TO_2026-08-08,LOW
online quran academy free,online quran academy free,commercial,quran-learning-service,service,Pakistan,,none,none,cost,middle,GSC_IMPRESSIONS_68D:1,GSC_AVG_POSITION:93,42.9,MEDIUM,/free-quran-classes-online,/free-quran-classes-online,LOW,service,CLUSTER SUPPORT,GSC_SEARCH_ANALYTICS_2026-06-02_TO_2026-08-08,LOW
quran classes for my kids,quran classes for my kids,commercial,quran-learning-service,service,Pakistan,,kids,none,none,middle,GSC_IMPRESSIONS_68D:1,GSC_AVG_POSITION:99,42.9,MEDIUM,/courses/quran-classes-for-kids.html,/courses/quran-classes-for-kids.html,LOW,service,CLUSTER SUPPORT,GSC_SEARCH_ANALYTICS_2026-06-02_TO_2026-08-08,LOW
saad arabic meaning,saad arabic meaning,informational,noorani-qaida,course,United States,,none,none,none,top,GSC_IMPRESSIONS_68D:1,GSC_AVG_POSITION:73,42.9,HIGH,/noorani-qaida/arabic-letters/saad,/noorani-qaida/arabic-letters/saad,LOW,course,MONITOR,GSC_SEARCH_ANALYTICS_2026-06-02_TO_2026-08-08,LOW
short istighfar dua,short istighfar dua,informational,duas-supplications,guide,ETH,,none,none,none,top,GSC_IMPRESSIONS_68D:1,GSC_AVG_POSITION:8,42.9,LOW,/blog/dua-for-forgiveness-istighfar,/blog/dua-for-forgiveness-istighfar,LOW,guide,PROTECT,GSC_SEARCH_ANALYTICS_2026-06-02_TO_2026-08-08,LOW
subhan allah means,subhan allah means,informational,islamic-terms,definition,Italy,,none,none,none,top,GSC_IMPRESSIONS_68D:1,GSC_AVG_POSITION:44,42.9,HIGH,/blog/subhanallah-meaning,/blog/subhanallah-meaning,LOW,definition,MONITOR,GSC_SEARCH_ANALYTICS_2026-06-02_TO_2026-08-08,LOW
tashahhud dua in english,tashahhud dua in english,informational,salah-prayer,guide,United Kingdom,,none,none,none,top,GSC_IMPRESSIONS_68D:1,GSC_AVG_POSITION:32,42.9,HIGH,/blog/attahiyat-full-arabic-english-tashahhud,/blog/attahiyat-full-arabic-english-tashahhud,LOW,guide,MONITOR,GSC_SEARCH_ANALYTICS_2026-06-02_TO_2026-08-08,LOW
tashahhud meaning in english,tashahhud meaning in english,informational,salah-prayer,guide,United Kingdom,,none,none,none,top,GSC_IMPRESSIONS_68D:1,GSC_AVG_POSITION:37,42.9,HIGH,/blog/attahiyat-full-arabic-english-tashahhud,/blog/attahiyat-full-arabic-english-tashahhud,LOW,guide,MONITOR,GSC_SEARCH_ANALYTICS_2026-06-02_TO_2026-08-08,LOW
tashahhud prayer in english,tashahhud prayer in english,informational,salah-prayer,guide,United States,,none,none,none,top,GSC_IMPRESSIONS_68D:1,GSC_AVG_POSITION:33,42.9,HIGH,/blog/attahiyat-full-arabic-english-tashahhud,/blog/attahiyat-full-arabic-english-tashahhud,LOW,guide,MONITOR,GSC_SEARCH_ANALYTICS_2026-06-02_TO_2026-08-08,LOW
waqf ka qaida,waqf ka qaida,informational,noorani-qaida,course,India,,none,noorani-qaida,none,top,GSC_IMPRESSIONS_68D:1,GSC_AVG_POSITION:11,42.9,LOW,/noorani-qaida/tajweed/waqf,/noorani-qaida/tajweed/waqf,LOW,course,PROTECT,GSC_SEARCH_ANALYTICS_2026-06-02_TO_2026-08-08,LOW
what breaks your wudu,what breaks your wudu,informational,salah-prayer,guide,United Kingdom,,none,none,none,top,GSC_IMPRESSIONS_68D:1,GSC_AVG_POSITION:23,42.9,HIGH,/blog/what-breaks-wudu,/blog/what-breaks-wudu,LOW,guide,MONITOR,GSC_SEARCH_ANALYTICS_2026-06-02_TO_2026-08-08,LOW
what does akbar mean in english,what does akbar mean in english,informational,unclustered,unknown,Netherlands,,none,none,none,top,GSC_IMPRESSIONS_68D:1,GSC_AVG_POSITION:32,42.9,HIGH,/blog/allahu-akbar-meaning-in-english,/blog/allahu-akbar-meaning-in-english,LOW,unknown,MONITOR,GSC_SEARCH_ANALYTICS_2026-06-02_TO_2026-08-08,LOW
what time can i pray tahajjud,what time can i pray tahajjud,informational,salah-prayer,guide,United Kingdom,,none,none,none,top,GSC_IMPRESSIONS_68D:1,GSC_AVG_POSITION:35,42.9,HIGH,/blog/tahajjud-prayer,/blog/tahajjud-prayer,LOW,guide,MONITOR,GSC_SEARCH_ANALYTICS_2026-06-02_TO_2026-08-08,LOW
janazah darood sharif,janazah darood sharif,informational,salah-prayer,guide,United Kingdom,,none,none,none,top,GSC_IMPRESSIONS_68D:6,GSC_AVG_POSITION:10.5,42.7,LOW,/blog/salatul-janazah-funeral-prayer-guide,/blog/salatul-janazah-funeral-prayer-guide,LOW,guide,PROTECT,GSC_SEARCH_ANALYTICS_2026-06-02_TO_2026-08-08,MEDIUM
subhan allah meaning,subhan allah meaning,informational,islamic-terms,definition,Australia,,none,none,none,top,GSC_IMPRESSIONS_68D:6,GSC_AVG_POSITION:43.7,42.7,HIGH,/blog/subhanallah-meaning,/blog/subhanallah-meaning,LOW,definition,CONTENT REFRESH,GSC_SEARCH_ANALYTICS_2026-06-02_TO_2026-08-08,MEDIUM
astaghfirullah meaning,astaghfirullah meaning,informational,islamic-terms,definition,United States,,none,none,none,top,GSC_IMPRESSIONS_68D:93,GSC_AVG_POSITION:54.5,42.6,HIGH,/blog/astaghfirullah-meaning,/blog/astaghfirullah-meaning,MEDIUM,definition,MONITOR,GSC_SEARCH_ANALYTICS_2026-06-02_TO_2026-08-08,HIGH
quran ijazah,quran ijazah,informational,quran-learning-service,service,United States,,none,none,none,top,GSC_IMPRESSIONS_68D:12,GSC_AVG_POSITION:35.4,42.6,LOW,/blog/what-is-ijazah-in-quran-teaching,/blog/what-is-ijazah-in-quran-teaching,LOW,service,CONTENT REFRESH,GSC_SEARCH_ANALYTICS_2026-06-02_TO_2026-08-08,HIGH
ayatul kursi translation,ayatul kursi translation,informational,quran-surahs,reference,United States,,none,none,none,top,GSC_IMPRESSIONS_68D:11,GSC_AVG_POSITION:47.1,42.4,HIGH,/blog/ayatul-kursi-arabic-english-benefits,/blog/ayatul-kursi-arabic-english-benefits,LOW,reference,CONTENT REFRESH,GSC_SEARCH_ANALYTICS_2026-06-02_TO_2026-08-08,HIGH
definition inshallah,definition inshallah,informational,islamic-terms,definition,Australia,,none,none,none,top,GSC_IMPRESSIONS_68D:5,GSC_AVG_POSITION:43,42.4,HIGH,/blog/inshallah-meaning-in-english,/blog/inshallah-meaning-in-english,LOW,definition,CONTENT REFRESH,GSC_SEARCH_ANALYTICS_2026-06-02_TO_2026-08-08,MEDIUM
la ilaha meaning,la ilaha meaning,informational,islamic-terms,definition,United Kingdom,,none,none,none,top,GSC_IMPRESSIONS_68D:5,GSC_AVG_POSITION:26.8,42.4,HIGH,/blog/la-ilaha-illallah-meaning,/blog/la-ilaha-illallah-meaning,LOW,definition,CONTENT REFRESH,GSC_SEARCH_ANALYTICS_2026-06-02_TO_2026-08-08,MEDIUM
at tahiyat meaning,at tahiyat meaning,informational,salah-prayer,guide,Philippines,,none,none,none,top,GSC_IMPRESSIONS_68D:2,GSC_AVG_POSITION:32.5,42.3,HIGH,/blog/attahiyat-full-arabic-english-tashahhud,/blog/attahiyat-full-arabic-english-tashahhud,LOW,guide,MONITOR,GSC_SEARCH_ANALYTICS_2026-06-02_TO_2026-08-08,LOW
attahiyat full dua in english,attahiyat full dua in english,informational,salah-prayer,guide,Bangladesh,,none,none,none,top,GSC_IMPRESSIONS_68D:10,GSC_AVG_POSITION:21.2,42.3,HIGH,/blog/attahiyat-full-arabic-english-tashahhud,/blog/attahiyat-full-arabic-english-tashahhud,LOW,guide,CONTENT REFRESH,GSC_SEARCH_ANALYTICS_2026-06-02_TO_2026-08-08,HIGH
attahiyat in roman english,attahiyat in roman english,informational,salah-prayer,guide,India,,none,none,none,top,GSC_IMPRESSIONS_68D:2,GSC_AVG_POSITION:19,42.3,MEDIUM,/blog/attahiyat-full-arabic-english-tashahhud,/blog/attahiyat-full-arabic-english-tashahhud,LOW,guide,PROTECT,GSC_SEARCH_ANALYTICS_2026-06-02_TO_2026-08-08,LOW
attahiyat meaning in english,attahiyat meaning in english,informational,salah-prayer,guide,Vietnam,,none,none,none,top,GSC_IMPRESSIONS_68D:2,GSC_AVG_POSITION:22,42.3,HIGH,/blog/attahiyat-full-arabic-english-tashahhud,/blog/attahiyat-full-arabic-english-tashahhud,LOW,guide,MONITOR,GSC_SEARCH_ANALYTICS_2026-06-02_TO_2026-08-08,LOW
dua before sleeping in english,dua before sleeping in english,informational,duas-supplications,guide,Australia,,none,none,none,top,GSC_IMPRESSIONS_68D:2,GSC_AVG_POSITION:41.5,42.3,HIGH,/blog/dua-before-sleeping-islam,/blog/dua-before-sleeping-islam,LOW,guide,MONITOR,GSC_SEARCH_ANALYTICS_2026-06-02_TO_2026-08-08,LOW
how to do tahiyat in prayer,how to do tahiyat in prayer,informational,salah-prayer,guide,RUS,,none,none,none,top,GSC_IMPRESSIONS_68D:2,GSC_AVG_POSITION:22,42.3,HIGH,/blog/attahiyat-full-arabic-english-tashahhud,/blog/attahiyat-full-arabic-english-tashahhud,LOW,guide,MONITOR,GSC_SEARCH_ANALYTICS_2026-06-02_TO_2026-08-08,LOW
meaning of rabbana atina fid dunya,meaning of rabbana atina fid dunya,informational,duas-supplications,guide,United Kingdom,,none,none,none,top,GSC_IMPRESSIONS_68D:2,GSC_AVG_POSITION:22,42.3,HIGH,/blog/rabbana-atina-fid-dunya,/blog/rabbana-atina-fid-dunya,LOW,guide,MONITOR,GSC_SEARCH_ANALYTICS_2026-06-02_TO_2026-08-08,LOW
prayer attahiyat full,prayer attahiyat full,informational,salah-prayer,guide,India,,none,none,none,top,GSC_IMPRESSIONS_68D:2,GSC_AVG_POSITION:10,42.3,LOW,/blog/attahiyat-full-arabic-english-tashahhud,/blog/attahiyat-full-arabic-english-tashahhud,LOW,guide,PROTECT,GSC_SEARCH_ANALYTICS_2026-06-02_TO_2026-08-08,LOW
rabbana atina dua in english,rabbana atina dua in english,informational,duas-supplications,guide,United Kingdom,,none,none,none,top,GSC_IMPRESSIONS_68D:2,GSC_AVG_POSITION:22,42.3,HIGH,/blog/rabbana-atina-fid-dunya,/blog/rabbana-atina-fid-dunya,LOW,guide,MONITOR,GSC_SEARCH_ANALYTICS_2026-06-02_TO_2026-08-08,LOW
the tashahhud in english,the tashahhud in english,informational,salah-prayer,guide,Vietnam,,none,none,none,top,GSC_IMPRESSIONS_68D:2,GSC_AVG_POSITION:28.5,42.3,HIGH,/blog/attahiyat-full-arabic-english-tashahhud,/blog/attahiyat-full-arabic-english-tashahhud,LOW,guide,MONITOR,GSC_SEARCH_ANALYTICS_2026-06-02_TO_2026-08-08,LOW
attahiyat lillahi full,attahiyat lillahi full,informational,salah-prayer,guide,Norway,,none,none,none,top,GSC_IMPRESSIONS_68D:4,GSC_AVG_POSITION:21,42.0,LOW,/blog/attahiyat-full-arabic-english-tashahhud,/blog/attahiyat-full-arabic-english-tashahhud,LOW,guide,MONITOR,GSC_SEARCH_ANALYTICS_2026-06-02_TO_2026-08-08,MEDIUM
bismillah meaning in english,bismillah meaning in english,informational,islamic-terms,definition,United States,,none,none,none,top,GSC_IMPRESSIONS_68D:4,GSC_AVG_POSITION:39.8,42.0,HIGH,/blog/bismillah-meaning-in-english,/blog/bismillah-meaning-in-english,LOW,definition,MONITOR,GSC_SEARCH_ANALYTICS_2026-06-02_TO_2026-08-08,MEDIUM
inshallah definition,inshallah definition,informational,islamic-terms,definition,United Kingdom,,none,none,none,top,GSC_IMPRESSIONS_68D:4,GSC_AVG_POSITION:39.8,42.0,HIGH,/blog/inshallah-meaning-in-english,/blog/inshallah-meaning-in-english,LOW,definition,MONITOR,GSC_SEARCH_ANALYTICS_2026-06-02_TO_2026-08-08,MEDIUM
meaning of labbaik,meaning of labbaik,informational,islamic-terms,definition,United Kingdom,,none,none,none,top,GSC_IMPRESSIONS_68D:4,GSC_AVG_POSITION:22.2,42.0,HIGH,/blog/labbaik-allahumma-labbaik,/blog/labbaik-allahumma-labbaik,LOW,definition,MONITOR,GSC_SEARCH_ANALYTICS_2026-06-02_TO_2026-08-08,MEDIUM
what is the meaning of labbaik allahumma labbaik,what is the meaning of labbaik allahumma labbaik,informational,islamic-terms,definition,United Kingdom,,none,none,none,top,GSC_IMPRESSIONS_68D:4,GSC_AVG_POSITION:30.8,42.0,HIGH,/blog/labbaik-allahumma-labbaik,/blog/labbaik-allahumma-labbaik,LOW,definition,MONITOR,GSC_SEARCH_ANALYTICS_2026-06-02_TO_2026-08-08,MEDIUM
how to do ghusl,how to do ghusl,informational,salah-prayer,guide,United States,,none,none,none,top,GSC_IMPRESSIONS_68D:17,GSC_AVG_POSITION:56.1,41.9,HIGH,/blog/how-to-do-ghusl-step-by-step,/blog/how-to-do-ghusl-step-by-step,LOW,guide,MONITOR,GSC_SEARCH_ANALYTICS_2026-06-02_TO_2026-08-08,HIGH
inshallah meaning in english,inshallah meaning in english,informational,islamic-terms,definition,India,,none,none,none,top,GSC_IMPRESSIONS_68D:33,GSC_AVG_POSITION:35.2,41.9,HIGH,/blog/inshallah-meaning-in-english,/blog/inshallah-meaning-in-english,LOW,definition,CONTENT REFRESH,GSC_SEARCH_ANALYTICS_2026-06-02_TO_2026-08-08,HIGH
allah names with meaning,allah names with meaning,informational,99-names,reference,Germany,,none,none,none,top,GSC_IMPRESSIONS_68D:3,GSC_AVG_POSITION:45,41.6,HIGH,/blog/99-names-of-allah-asmaul-husna,/blog/99-names-of-allah-asmaul-husna,LOW,reference,MONITOR,GSC_SEARCH_ANALYTICS_2026-06-02_TO_2026-08-08,MEDIUM
attahiyat english transliteration,attahiyat english transliteration,informational,salah-prayer,guide,United Kingdom,,none,none,none,top,GSC_IMPRESSIONS_68D:3,GSC_AVG_POSITION:18,41.6,LOW,/blog/attahiyat-full-arabic-english-tashahhud,/blog/attahiyat-full-arabic-english-tashahhud,LOW,guide,PROTECT,GSC_SEARCH_ANALYTICS_2026-06-02_TO_2026-08-08,MEDIUM
attahiyat in quran,attahiyat in quran,informational,salah-prayer,guide,United Kingdom,,none,none,none,top,GSC_IMPRESSIONS_68D:3,GSC_AVG_POSITION:15,41.6,LOW,/blog/attahiyat-full-arabic-english-tashahhud,/blog/attahiyat-full-arabic-english-tashahhud,LOW,guide,PROTECT,GSC_SEARCH_ANALYTICS_2026-06-02_TO_2026-08-08,MEDIUM
barakallah in arabic,barakallah in arabic,informational,islamic-terms,definition,UAE,,none,none,none,top,GSC_IMPRESSIONS_68D:3,GSC_AVG_POSITION:7.3,41.6,LOW,/blog/barakallah-meaning,/blog/barakallah-meaning,LOW,definition,PROTECT,GSC_SEARCH_ANALYTICS_2026-06-02_TO_2026-08-08,MEDIUM
how to pray witr,how to pray witr,informational,salah-prayer,guide,Canada,,none,none,none,top,GSC_IMPRESSIONS_68D:3,GSC_AVG_POSITION:60,41.6,HIGH,/blog/how-to-pray-witr,/blog/how-to-pray-witr,LOW,guide,MONITOR,GSC_SEARCH_ANALYTICS_2026-06-02_TO_2026-08-08,MEDIUM
istighfar dua in english,istighfar dua in english,informational,duas-supplications,guide,DZA,,none,none,none,top,GSC_IMPRESSIONS_68D:3,GSC_AVG_POSITION:36.3,41.6,HIGH,/blog/dua-for-forgiveness-istighfar,/blog/dua-for-forgiveness-istighfar,LOW,guide,MONITOR,GSC_SEARCH_ANALYTICS_2026-06-02_TO_2026-08-08,MEDIUM
mashallah dua for nazar,mashallah dua for nazar,informational,duas-supplications,guide,Pakistan,,none,none,none,top,GSC_IMPRESSIONS_68D:3,GSC_AVG_POSITION:11.7,41.6,MEDIUM,/blog/evil-eye-dua-nazar-ruqyah,/blog/evil-eye-dua-nazar-ruqyah,LOW,guide,PROTECT,GSC_SEARCH_ANALYTICS_2026-06-02_TO_2026-08-08,MEDIUM
safar ki dua airplane,safar ki dua airplane,informational,duas-supplications,guide,India,,none,none,none,top,GSC_IMPRESSIONS_68D:3,GSC_AVG_POSITION:12,41.6,MEDIUM,/blog/safar-ki-dua-travel-dua-arabic-english,/blog/safar-ki-dua-travel-dua-arabic-english,LOW,guide,PROTECT,GSC_SEARCH_ANALYTICS_2026-06-02_TO_2026-08-08,MEDIUM
what does allahu akbar mean,what does allahu akbar mean,informational,islamic-terms,definition,United States,,none,none,none,top,GSC_IMPRESSIONS_68D:3,GSC_AVG_POSITION:29.3,41.6,HIGH,/blog/allahu-akbar-meaning-in-english,/blog/allahu-akbar-meaning-in-english,LOW,definition,MONITOR,GSC_SEARCH_ANALYTICS_2026-06-02_TO_2026-08-08,MEDIUM
what does in sha allah mean,what does in sha allah mean,informational,islamic-terms,definition,Australia,,none,none,none,top,GSC_IMPRESSIONS_68D:3,GSC_AVG_POSITION:44.7,41.6,HIGH,/blog/inshallah-meaning-in-english,/blog/inshallah-meaning-in-english,LOW,definition,MONITOR,GSC_SEARCH_ANALYTICS_2026-06-02_TO_2026-08-08,MEDIUM
when to pray tahajjud,when to pray tahajjud,informational,salah-prayer,guide,Australia,,none,none,none,top,GSC_IMPRESSIONS_68D:3,GSC_AVG_POSITION:57,41.6,HIGH,/blog/tahajjud-prayer,/blog/tahajjud-prayer,LOW,guide,MONITOR,GSC_SEARCH_ANALYTICS_2026-06-02_TO_2026-08-08,MEDIUM
4 qul surah in english,4 qul surah in english,informational,quran-surahs,reference,United States,,none,none,none,top,GSC_IMPRESSIONS_68D:1,GSC_AVG_POSITION:40,41.4,HIGH,/blog/4-quls,/blog/4-quls,LOW,reference,MONITOR,GSC_SEARCH_ANALYTICS_2026-06-02_TO_2026-08-08,LOW
99 names of allah with meanings english and hindi,99 names of allah with meanings english and hindi,informational,99-names,reference,POL,,none,none,none,top,GSC_IMPRESSIONS_68D:1,GSC_AVG_POSITION:19,41.4,MEDIUM,/blog/99-names-of-allah-asmaul-husna,/blog/99-names-of-allah-asmaul-husna,LOW,reference,PROTECT,GSC_SEARCH_ANALYTICS_2026-06-02_TO_2026-08-08,LOW
alhamdulillah translation english,alhamdulillah translation english,informational,islamic-terms,definition,Ireland,,none,none,none,top,GSC_IMPRESSIONS_68D:1,GSC_AVG_POSITION:66,41.4,HIGH,/blog/alhamdulillah-meaning-in-english,/blog/alhamdulillah-meaning-in-english,LOW,definition,MONITOR,GSC_SEARCH_ANALYTICS_2026-06-02_TO_2026-08-08,LOW
allahu akbar definition,allahu akbar definition,informational,islamic-terms,definition,Netherlands,,none,none,none,top,GSC_IMPRESSIONS_68D:1,GSC_AVG_POSITION:44,41.4,HIGH,/blog/allahu-akbar-meaning-in-english,/blog/allahu-akbar-meaning-in-english,LOW,definition,MONITOR,GSC_SEARCH_ANALYTICS_2026-06-02_TO_2026-08-08,LOW
allahu akbar translation,allahu akbar translation,informational,islamic-terms,definition,Netherlands,,none,none,none,top,GSC_IMPRESSIONS_68D:1,GSC_AVG_POSITION:43,41.4,HIGH,/blog/allahu-akbar-meaning-in-english,/blog/allahu-akbar-meaning-in-english,LOW,definition,MONITOR,GSC_SEARCH_ANALYTICS_2026-06-02_TO_2026-08-08,LOW
arabic alphabet haa,arabic alphabet haa,informational,noorani-qaida,course,Canada,,none,none,none,top,GSC_IMPRESSIONS_68D:1,GSC_AVG_POSITION:33,41.4,LOW,/noorani-qaida/arabic-letters/haa,/noorani-qaida/arabic-letters/haa,LOW,course,MONITOR,GSC_SEARCH_ANALYTICS_2026-06-02_TO_2026-08-08,LOW
astaghfirullah translation,astaghfirullah translation,informational,islamic-terms,definition,Norway,,none,none,none,top,GSC_IMPRESSIONS_68D:1,GSC_AVG_POSITION:65,41.4,HIGH,/blog/astaghfirullah-meaning,/blog/astaghfirullah-meaning,LOW,definition,MONITOR,GSC_SEARCH_ANALYTICS_2026-06-02_TO_2026-08-08,LOW
atahiyat in english,atahiyat in english,informational,salah-prayer,guide,Vietnam,,none,none,none,top,GSC_IMPRESSIONS_68D:1,GSC_AVG_POSITION:25,41.4,HIGH,/blog/attahiyat-full-arabic-english-tashahhud,/blog/attahiyat-full-arabic-english-tashahhud,LOW,guide,MONITOR,GSC_SEARCH_ANALYTICS_2026-06-02_TO_2026-08-08,LOW
athayathu surah,athayathu surah,informational,quran-surahs,reference,India,,none,none,none,top,GSC_IMPRESSIONS_68D:1,GSC_AVG_POSITION:3,41.4,LOW,/blog/attahiyat-full-arabic-english-tashahhud,/blog/attahiyat-full-arabic-english-tashahhud,LOW,reference,PROTECT,GSC_SEARCH_ANALYTICS_2026-06-02_TO_2026-08-08,LOW
attahiyat 3rd part,attahiyat 3rd part,informational,salah-prayer,guide,Nigeria,,none,none,none,top,GSC_IMPRESSIONS_68D:1,GSC_AVG_POSITION:10,41.4,LOW,/blog/attahiyat-full-arabic-english-tashahhud,/blog/attahiyat-full-arabic-english-tashahhud,LOW,guide,PROTECT,GSC_SEARCH_ANALYTICS_2026-06-02_TO_2026-08-08,LOW
attahiyat after,attahiyat after,informational,salah-prayer,guide,Pakistan,,none,none,none,top,GSC_IMPRESSIONS_68D:1,GSC_AVG_POSITION:9,41.4,LOW,/blog/attahiyat-full-arabic-english-tashahhud,/blog/attahiyat-full-arabic-english-tashahhud,LOW,guide,PROTECT,GSC_SEARCH_ANALYTICS_2026-06-02_TO_2026-08-08,LOW
attahiyat dua english,attahiyat dua english,informational,salah-prayer,guide,Pakistan,,none,none,none,top,GSC_IMPRESSIONS_68D:1,GSC_AVG_POSITION:7,41.4,LOW,/blog/attahiyat-full-arabic-english-tashahhud,/blog/attahiyat-full-arabic-english-tashahhud,LOW,guide,PROTECT,GSC_SEARCH_ANALYTICS_2026-06-02_TO_2026-08-08,LOW
attahiyat dua meaning,attahiyat dua meaning,informational,salah-prayer,guide,Philippines,,none,none,none,top,GSC_IMPRESSIONS_68D:1,GSC_AVG_POSITION:22,41.4,HIGH,/blog/attahiyat-full-arabic-english-tashahhud,/blog/attahiyat-full-arabic-english-tashahhud,LOW,guide,MONITOR,GSC_SEARCH_ANALYTICS_2026-06-02_TO_2026-08-08,LOW
attahiyat full dua transliteration,attahiyat full dua transliteration,informational,salah-prayer,guide,India,,none,none,none,top,GSC_IMPRESSIONS_68D:1,GSC_AVG_POSITION:11,41.4,MEDIUM,/blog/attahiyat-full-arabic-english-tashahhud,/blog/attahiyat-full-arabic-english-tashahhud,LOW,guide,PROTECT,GSC_SEARCH_ANALYTICS_2026-06-02_TO_2026-08-08,LOW
attahiyat reading,attahiyat reading,informational,salah-prayer,guide,UAE,,none,quran-reading,none,top,GSC_IMPRESSIONS_68D:13,GSC_AVG_POSITION:11.2,41.4,LOW,/blog/attahiyat-full-arabic-english-tashahhud,/blog/attahiyat-full-arabic-english-tashahhud,LOW,guide,PROTECT,GSC_SEARCH_ANALYTICS_2026-06-02_TO_2026-08-08,HIGH
barakallah.,barakallah.,informational,islamic-terms,definition,Sri Lanka,,none,none,none,top,GSC_IMPRESSIONS_68D:1,GSC_AVG_POSITION:7,41.4,LOW,/blog/barakallah-meaning,/blog/barakallah-meaning,LOW,definition,PROTECT,GSC_SEARCH_ANALYTICS_2026-06-02_TO_2026-08-08,LOW
barakallahu khair,barakallahu khair,informational,islamic-terms,definition,Sri Lanka,,none,none,none,top,GSC_IMPRESSIONS_68D:1,GSC_AVG_POSITION:6,41.4,LOW,/blog/barakallah-meaning,/blog/barakallah-meaning,LOW,definition,PROTECT,GSC_SEARCH_ANALYTICS_2026-06-02_TO_2026-08-08,LOW
barallah,barallah,informational,islamic-general,reference,United States,,none,none,none,top,GSC_IMPRESSIONS_68D:1,GSC_AVG_POSITION:6,41.4,LOW,/blog/barakallah-meaning,/blog/barakallah-meaning,LOW,reference,PROTECT,GSC_SEARCH_ANALYTICS_2026-06-02_TO_2026-08-08,LOW
darood with english translation,darood with english translation,informational,duas-supplications,guide,United Kingdom,,none,none,none,top,GSC_IMPRESSIONS_68D:1,GSC_AVG_POSITION:39,41.4,HIGH,/blog/darood-sharif,/blog/darood-sharif,LOW,guide,MONITOR,GSC_SEARCH_ANALYTICS_2026-06-02_TO_2026-08-08,LOW
dua at the end of salah before salam in arabic,dua at the end of salah before salam in arabic,informational,salah-prayer,guide,Pakistan,,none,none,none,top,GSC_IMPRESSIONS_68D:1,GSC_AVG_POSITION:12,41.4,MEDIUM,/blog/dua-e-masura-arabic-english,/blog/dua-e-masura-arabic-english,LOW,guide,PROTECT,GSC_SEARCH_ANALYTICS_2026-06-02_TO_2026-08-08,LOW
dua e istikhara in english,dua e istikhara in english,informational,duas-supplications,guide,United States,,none,none,none,top,GSC_IMPRESSIONS_68D:1,GSC_AVG_POSITION:37,41.4,HIGH,/blog/dua-e-istikhara,/blog/dua-e-istikhara,LOW,guide,MONITOR,GSC_SEARCH_ANALYTICS_2026-06-02_TO_2026-08-08,LOW
dua e mashura,dua e mashura,informational,duas-supplications,guide,India,,none,none,none,top,GSC_IMPRESSIONS_68D:1,GSC_AVG_POSITION:1,41.4,LOW,/blog/dua-e-masura-arabic-english,/blog/dua-e-masura-arabic-english,LOW,guide,PROTECT,GSC_SEARCH_ANALYTICS_2026-06-02_TO_2026-08-08,LOW
dua e safar in english,dua e safar in english,informational,duas-supplications,guide,Canada,,none,none,none,top,GSC_IMPRESSIONS_68D:1,GSC_AVG_POSITION:49,41.4,HIGH,/blog/safar-ki-dua-travel-dua-arabic-english,/blog/safar-ki-dua-travel-dua-arabic-english,LOW,guide,MONITOR,GSC_SEARCH_ANALYTICS_2026-06-02_TO_2026-08-08,LOW
dua to remove stress worry and anxiety,dua to remove stress worry and anxiety,informational,duas-supplications,guide,Ireland,,none,none,none,top,GSC_IMPRESSIONS_68D:1,GSC_AVG_POSITION:44,41.4,MEDIUM,/blog/dua-for-anxiety-stress-depression,/blog/dua-for-anxiety-stress-depression,LOW,guide,MONITOR,GSC_SEARCH_ANALYTICS_2026-06-02_TO_2026-08-08,LOW
durood shareef in english translation,durood shareef in english translation,informational,duas-supplications,guide,United States,,none,none,none,top,GSC_IMPRESSIONS_68D:1,GSC_AVG_POSITION:37,41.4,HIGH,/blog/darood-sharif,/blog/darood-sharif,LOW,guide,MONITOR,GSC_SEARCH_ANALYTICS_2026-06-02_TO_2026-08-08,LOW
durood shareef translation,durood shareef translation,informational,duas-supplications,guide,United States,,none,none,none,top,GSC_IMPRESSIONS_68D:1,GSC_AVG_POSITION:36,41.4,HIGH,/blog/darood-sharif,/blog/darood-sharif,LOW,guide,MONITOR,GSC_SEARCH_ANALYTICS_2026-06-02_TO_2026-08-08,LOW
how to memorize quran faster,how to memorize quran faster,informational,hifz-memorisation,course,United States,,none,none,none,top,GSC_IMPRESSIONS_68D:1,GSC_AVG_POSITION:96,41.4,HIGH,/blog/how-to-memorize-quran-faster,/blog/how-to-memorize-quran-faster,LOW,course,MONITOR,GSC_SEARCH_ANALYTICS_2026-06-02_TO_2026-08-08,LOW
how to memorize the quran faster,how to memorize the quran faster,informational,hifz-memorisation,course,United States,,none,none,none,top,GSC_IMPRESSIONS_68D:1,GSC_AVG_POSITION:96,41.4,HIGH,/blog/how-to-memorize-quran-faster,/blog/how-to-memorize-quran-faster,LOW,course,MONITOR,GSC_SEARCH_ANALYTICS_2026-06-02_TO_2026-08-08,LOW
how to perform ghusl,how to perform ghusl,informational,salah-prayer,guide,United States,,none,none,none,top,GSC_IMPRESSIONS_68D:13,GSC_AVG_POSITION:55.2,41.4,HIGH,/blog/how-to-do-ghusl-step-by-step,/blog/how-to-do-ghusl-step-by-step,LOW,guide,MONITOR,GSC_SEARCH_ANALYTICS_2026-06-02_TO_2026-08-08,HIGH
kha arabic letter,kha arabic letter,informational,noorani-qaida,course,Canada,,none,none,none,top,GSC_IMPRESSIONS_68D:1,GSC_AVG_POSITION:36,41.4,LOW,/noorani-qaida/arabic-letters/kha,/noorani-qaida/arabic-letters/kha,LOW,course,MONITOR,GSC_SEARCH_ANALYTICS_2026-06-02_TO_2026-08-08,LOW
labbaik,labbaik,informational,islamic-terms,definition,United States,,none,none,none,top,GSC_IMPRESSIONS_68D:13,GSC_AVG_POSITION:15.8,41.4,LOW,/blog/labbaik-allahumma-labbaik,/blog/labbaik-allahumma-labbaik,LOW,definition,PROTECT,GSC_SEARCH_ANALYTICS_2026-06-02_TO_2026-08-08,HIGH
labbaik allahumma labbaik in arabic,labbaik allahumma labbaik in arabic,informational,islamic-terms,definition,ALB,,none,none,none,top,GSC_IMPRESSIONS_68D:1,GSC_AVG_POSITION:11,41.4,MEDIUM,/blog/labbaik-allahumma-labbaik,/blog/labbaik-allahumma-labbaik,LOW,definition,PROTECT,GSC_SEARCH_ANALYTICS_2026-06-02_TO_2026-08-08,LOW
meaning of attahiyat in namaz,meaning of attahiyat in namaz,informational,salah-prayer,guide,THA,,none,none,none,top,GSC_IMPRESSIONS_68D:1,GSC_AVG_POSITION:29,41.4,HIGH,/blog/attahiyat-full-arabic-english-tashahhud,/blog/attahiyat-full-arabic-english-tashahhud,LOW,guide,MONITOR,GSC_SEARCH_ANALYTICS_2026-06-02_TO_2026-08-08,LOW
noon arabic letter,noon arabic letter,informational,noorani-qaida,course,Canada,,none,none,none,top,GSC_IMPRESSIONS_68D:1,GSC_AVG_POSITION:40,41.4,LOW,/noorani-qaida/arabic-letters/noon,/noorani-qaida/arabic-letters/noon,LOW,course,MONITOR,GSC_SEARCH_ANALYTICS_2026-06-02_TO_2026-08-08,LOW
quran learning online,quran learning online,commercial,islamic-general,reference,Singapore,,none,none,none,middle,GSC_IMPRESSIONS_68D:1,GSC_AVG_POSITION:85,41.4,MEDIUM,/locations/online-quran-classes-singapore,/locations/online-quran-classes-singapore,LOW,reference,CLUSTER SUPPORT,GSC_SEARCH_ANALYTICS_2026-06-02_TO_2026-08-08,LOW
rabbana atina fid dunya,rabbana atina fid dunya,informational,duas-supplications,guide,Singapore,,none,none,none,top,GSC_IMPRESSIONS_68D:1,GSC_AVG_POSITION:26,41.4,MEDIUM,/blog/rabbana-atina-fid-dunya,/blog/rabbana-atina-fid-dunya,LOW,guide,MONITOR,GSC_SEARCH_ANALYTICS_2026-06-02_TO_2026-08-08,LOW
rabbana atina fid dunya translation,rabbana atina fid dunya translation,informational,duas-supplications,guide,United States,,none,none,none,top,GSC_IMPRESSIONS_68D:1,GSC_AVG_POSITION:24,41.4,HIGH,/blog/rabbana-atina-fid-dunya,/blog/rabbana-atina-fid-dunya,LOW,guide,MONITOR,GSC_SEARCH_ANALYTICS_2026-06-02_TO_2026-08-08,LOW
summer quran camp,summer quran camp,informational,islamic-general,reference,United Kingdom,,none,none,none,top,GSC_IMPRESSIONS_68D:1,GSC_AVG_POSITION:10,41.4,LOW,/blog/online-summer-quran-camp-for-kids,/blog/online-summer-quran-camp-for-kids,LOW,reference,PROTECT,GSC_SEARCH_ANALYTICS_2026-06-02_TO_2026-08-08,LOW
tahiyat meaning in english,tahiyat meaning in english,informational,salah-prayer,guide,JOR,,none,none,none,top,GSC_IMPRESSIONS_68D:1,GSC_AVG_POSITION:24,41.4,HIGH,/blog/attahiyat-full-arabic-english-tashahhud,/blog/attahiyat-full-arabic-english-tashahhud,LOW,guide,MONITOR,GSC_SEARCH_ANALYTICS_2026-06-02_TO_2026-08-08,LOW
waw arabic,waw arabic,informational,noorani-qaida,course,Canada,,none,none,none,top,GSC_IMPRESSIONS_68D:1,GSC_AVG_POSITION:31,41.4,LOW,/noorani-qaida/arabic-letters/waw,/noorani-qaida/arabic-letters/waw,LOW,course,MONITOR,GSC_SEARCH_ANALYTICS_2026-06-02_TO_2026-08-08,LOW
waw in arabic,waw in arabic,informational,noorani-qaida,course,Canada,,none,none,none,top,GSC_IMPRESSIONS_68D:1,GSC_AVG_POSITION:37,41.4,LOW,/noorani-qaida/arabic-letters/waw,/noorani-qaida/arabic-letters/waw,LOW,course,MONITOR,GSC_SEARCH_ANALYTICS_2026-06-02_TO_2026-08-08,LOW
what do inshallah mean,what do inshallah mean,informational,islamic-terms,definition,Netherlands,,none,none,none,top,GSC_IMPRESSIONS_68D:1,GSC_AVG_POSITION:47,41.4,HIGH,/blog/inshallah-meaning-in-english,/blog/inshallah-meaning-in-english,LOW,definition,MONITOR,GSC_SEARCH_ANALYTICS_2026-06-02_TO_2026-08-08,LOW
when can you read tahajjud,when can you read tahajjud,informational,salah-prayer,guide,RUS,,none,quran-reading,none,top,GSC_IMPRESSIONS_68D:1,GSC_AVG_POSITION:33,41.4,HIGH,/blog/tahajjud-prayer,/blog/tahajjud-prayer,LOW,guide,MONITOR,GSC_SEARCH_ANALYTICS_2026-06-02_TO_2026-08-08,LOW
yaseen translation,yaseen translation,informational,quran-surahs,reference,Canada,,none,none,none,top,GSC_IMPRESSIONS_68D:1,GSC_AVG_POSITION:43,41.4,HIGH,/blog/surah-yaseen-arabic-english,/blog/surah-yaseen-arabic-english,LOW,reference,MONITOR,GSC_SEARCH_ANALYTICS_2026-06-02_TO_2026-08-08,LOW
حركات,حركات,informational,unclustered,unknown,BHR,,none,none,none,top,GSC_IMPRESSIONS_68D:1,GSC_AVG_POSITION:1,41.4,LOW,/noorani-qaida/games/harakat-quiz,/noorani-qaida/games/harakat-quiz,LOW,unknown,PROTECT,GSC_SEARCH_ANALYTICS_2026-06-02_TO_2026-08-08,LOW
barakallah reply,barakallah reply,informational,islamic-terms,definition,India,,none,none,none,top,GSC_IMPRESSIONS_68D:6,GSC_AVG_POSITION:7.8,41.3,LOW,/blog/barakallah-meaning,/blog/barakallah-meaning,LOW,definition,PROTECT,GSC_SEARCH_ANALYTICS_2026-06-02_TO_2026-08-08,MEDIUM
safar ki dua,safar ki dua,informational,duas-supplications,guide,New Zealand,,none,none,none,top,GSC_IMPRESSIONS_68D:6,GSC_AVG_POSITION:29.8,41.3,LOW,/blog/safar-ki-dua-travel-dua-arabic-english,/blog/safar-ki-dua-travel-dua-arabic-english,LOW,guide,CONTENT REFRESH,GSC_SEARCH_ANALYTICS_2026-06-02_TO_2026-08-08,MEDIUM
alhamdulillah meaning,alhamdulillah meaning,informational,islamic-terms,definition,United States,,none,none,none,top,GSC_IMPRESSIONS_68D:95,GSC_AVG_POSITION:71.7,41.1,HIGH,/blog/alhamdulillah-meaning-in-english,/blog/alhamdulillah-meaning-in-english,MEDIUM,definition,MONITOR,GSC_SEARCH_ANALYTICS_2026-06-02_TO_2026-08-08,HIGH
astaghfirullah meaning in urdu,astaghfirullah meaning in urdu,informational,islamic-terms,definition,United States,,none,none,none,top,GSC_IMPRESSIONS_68D:12,GSC_AVG_POSITION:45.9,41.1,HIGH,/blog/astaghfirullah-meaning.html,/blog/astaghfirullah-meaning.html,LOW,definition,CONTENT REFRESH,GSC_SEARCH_ANALYTICS_2026-06-02_TO_2026-08-08,HIGH
atayat in english,atayat in english,informational,salah-prayer,guide,India,,none,none,none,top,GSC_IMPRESSIONS_68D:5,GSC_AVG_POSITION:27.2,41.0,HIGH,/blog/attahiyat-full-arabic-english-tashahhud,/blog/attahiyat-full-arabic-english-tashahhud,LOW,guide,CONTENT REFRESH,GSC_SEARCH_ANALYTICS_2026-06-02_TO_2026-08-08,MEDIUM
online quran teaching,online quran teaching,commercial,islamic-general,reference,Australia,,none,none,none,middle,GSC_IMPRESSIONS_68D:5,GSC_AVG_POSITION:82.4,41.0,MEDIUM,/locations/online-quran-classes-australia,/locations/online-quran-classes-australia,HIGH,reference,DIFFERENTIATE INTENT,GSC_SEARCH_ANALYTICS_2026-06-02_TO_2026-08-08,MEDIUM
ahad surah meaning,ahad surah meaning,informational,quran-surahs,reference,MEX,,none,none,none,top,GSC_IMPRESSIONS_68D:2,GSC_AVG_POSITION:20.5,40.9,HIGH,/blog/surah-ikhlas-benefits,/blog/surah-ikhlas-benefits,LOW,reference,MONITOR,GSC_SEARCH_ANALYTICS_2026-06-02_TO_2026-08-08,LOW
allah's name and benefits,allah's name and benefits,informational,99-names,reference,Italy,,none,none,none,top,GSC_IMPRESSIONS_68D:2,GSC_AVG_POSITION:35.5,40.9,MEDIUM,/blog/99-names-of-allah-asmaul-husna,/blog/99-names-of-allah-asmaul-husna,LOW,reference,MONITOR,GSC_SEARCH_ANALYTICS_2026-06-02_TO_2026-08-08,LOW
atahyatu,atahyatu,informational,unclustered,unknown,MAR,,none,none,none,top,GSC_IMPRESSIONS_68D:2,GSC_AVG_POSITION:9.5,40.9,LOW,/blog/attahiyat-full-arabic-english-tashahhud,/blog/attahiyat-full-arabic-english-tashahhud,LOW,unknown,PROTECT,GSC_SEARCH_ANALYTICS_2026-06-02_TO_2026-08-08,LOW
attahiyat complete,attahiyat complete,informational,salah-prayer,guide,United Kingdom,,none,none,none,top,GSC_IMPRESSIONS_68D:2,GSC_AVG_POSITION:17,40.9,LOW,/blog/attahiyat-full-arabic-english-tashahhud,/blog/attahiyat-full-arabic-english-tashahhud,LOW,guide,PROTECT,GSC_SEARCH_ANALYTICS_2026-06-02_TO_2026-08-08,LOW
attahiyat full transliteration,attahiyat full transliteration,informational,salah-prayer,guide,United Kingdom,,none,none,none,top,GSC_IMPRESSIONS_68D:2,GSC_AVG_POSITION:15,40.9,LOW,/blog/attahiyat-full-arabic-english-tashahhud,/blog/attahiyat-full-arabic-english-tashahhud,LOW,guide,PROTECT,GSC_SEARCH_ANALYTICS_2026-06-02_TO_2026-08-08,LOW
attahiyat in arabic,attahiyat in arabic,informational,salah-prayer,guide,United Kingdom,,none,none,none,top,GSC_IMPRESSIONS_68D:2,GSC_AVG_POSITION:16.5,40.9,LOW,/blog/attahiyat-full-arabic-english-tashahhud,/blog/attahiyat-full-arabic-english-tashahhud,LOW,guide,PROTECT,GSC_SEARCH_ANALYTICS_2026-06-02_TO_2026-08-08,LOW
darood sharif in english,darood sharif in english,informational,duas-supplications,guide,India,,none,none,none,top,GSC_IMPRESSIONS_68D:10,GSC_AVG_POSITION:31.7,40.9,HIGH,/blog/darood-sharif,/blog/darood-sharif,LOW,guide,CONTENT REFRESH,GSC_SEARCH_ANALYTICS_2026-06-02_TO_2026-08-08,HIGH
dua e masura when to read,dua e masura when to read,informational,duas-supplications,guide,India,,none,quran-reading,none,top,GSC_IMPRESSIONS_68D:2,GSC_AVG_POSITION:11,40.9,MEDIUM,/blog/dua-e-masura-arabic-english,/blog/dua-e-masura-arabic-english,LOW,guide,PROTECT,GSC_SEARCH_ANALYTICS_2026-06-02_TO_2026-08-08,LOW
in sha allah meaning,in sha allah meaning,informational,islamic-terms,definition,United Kingdom,,none,none,none,top,GSC_IMPRESSIONS_68D:10,GSC_AVG_POSITION:45.7,40.9,HIGH,/blog/inshallah-meaning-in-english,/blog/inshallah-meaning-in-english,LOW,definition,CONTENT REFRESH,GSC_SEARCH_ANALYTICS_2026-06-02_TO_2026-08-08,HIGH
meaning of astaghfirullah in english,meaning of astaghfirullah in english,informational,islamic-terms,definition,United States,,none,none,none,top,GSC_IMPRESSIONS_68D:10,GSC_AVG_POSITION:40.4,40.9,HIGH,/blog/astaghfirullah-meaning,/blog/astaghfirullah-meaning,MEDIUM,definition,CONTENT REFRESH,GSC_SEARCH_ANALYTICS_2026-06-02_TO_2026-08-08,HIGH
names of islamic months in english,names of islamic months in english,informational,islamic-calendar,reference,New Zealand,,none,none,none,top,GSC_IMPRESSIONS_68D:2,GSC_AVG_POSITION:65.5,40.9,HIGH,/blog/islamic-months-names-in-order,/blog/islamic-months-names-in-order,LOW,reference,MONITOR,GSC_SEARCH_ANALYTICS_2026-06-02_TO_2026-08-08,LOW
uk muslim population percentage 2021 census ons england wales scotland northern ireland,uk muslim population percentage 2021 census ons england wales scotland northern ireland,informational,islamic-demographics,reference,United States,,none,none,none,top,GSC_IMPRESSIONS_68D:2,GSC_AVG_POSITION:10.5,40.9,MEDIUM,/blog/muslim-population-statistics-uk-usa,/blog/muslim-population-statistics-uk-usa,LOW,reference,PROTECT,GSC_SEARCH_ANALYTICS_2026-06-02_TO_2026-08-08,LOW
alhamdulillah definition,alhamdulillah definition,informational,islamic-terms,definition,Australia,,none,none,none,top,GSC_IMPRESSIONS_68D:19,GSC_AVG_POSITION:74.6,40.7,HIGH,/blog/alhamdulillah-meaning-in-english,/blog/alhamdulillah-meaning-in-english,MEDIUM,definition,MONITOR,GSC_SEARCH_ANALYTICS_2026-06-02_TO_2026-08-08,HIGH
baraqallah,baraqallah,informational,islamic-terms,definition,India,,none,none,none,top,GSC_IMPRESSIONS_68D:4,GSC_AVG_POSITION:7.8,40.6,LOW,/blog/barakallah-meaning,/blog/barakallah-meaning,LOW,definition,PROTECT,GSC_SEARCH_ANALYTICS_2026-06-02_TO_2026-08-08,MEDIUM
dua for anxiety and depression,dua for anxiety and depression,informational,duas-supplications,guide,Canada,,none,none,none,top,GSC_IMPRESSIONS_68D:4,GSC_AVG_POSITION:38.2,40.6,MEDIUM,/blog/dua-for-anxiety-stress-depression,/blog/dua-for-anxiety-stress-depression,LOW,guide,MONITOR,GSC_SEARCH_ANALYTICS_2026-06-02_TO_2026-08-08,MEDIUM
dua for entering the house and leaving,dua for entering the house and leaving,informational,duas-supplications,guide,Canada,,none,none,learn-from-home,top,GSC_IMPRESSIONS_68D:4,GSC_AVG_POSITION:40,40.6,MEDIUM,/blog/dua-entering-leaving-home,/blog/dua-entering-leaving-home,LOW,guide,MONITOR,GSC_SEARCH_ANALYTICS_2026-06-02_TO_2026-08-08,MEDIUM
labbayk allahumma labbayk meaning,labbayk allahumma labbayk meaning,informational,islamic-general,reference,United Kingdom,,none,none,none,top,GSC_IMPRESSIONS_68D:4,GSC_AVG_POSITION:20.8,40.6,HIGH,/blog/labbaik-allahumma-labbaik,/blog/labbaik-allahumma-labbaik,LOW,reference,MONITOR,GSC_SEARCH_ANALYTICS_2026-06-02_TO_2026-08-08,MEDIUM
mashallah barakallahu feek in arabic,mashallah barakallahu feek in arabic,informational,islamic-terms,definition,India,,none,none,none,top,GSC_IMPRESSIONS_68D:4,GSC_AVG_POSITION:12.2,40.6,MEDIUM,/blog/barakallah-meaning,/blog/barakallah-meaning,LOW,definition,PROTECT,GSC_SEARCH_ANALYTICS_2026-06-02_TO_2026-08-08,MEDIUM
uk 2021 census muslim percentage,uk 2021 census muslim percentage,informational,islamic-demographics,reference,BRA,,none,none,none,top,GSC_IMPRESSIONS_68D:4,GSC_AVG_POSITION:19.2,40.6,MEDIUM,/blog/muslim-population-statistics-uk-usa,/blog/muslim-population-statistics-uk-usa,LOW,reference,PROTECT,GSC_SEARCH_ANALYTICS_2026-06-02_TO_2026-08-08,MEDIUM
virtual madrasa abu dhabi,virtual madrasa abu dhabi,informational,quran-learning-service,service,United States,abu dhabi,none,none,none,top,GSC_IMPRESSIONS_68D:4,GSC_AVG_POSITION:59.5,40.6,MEDIUM,/locations/online-quran-classes-uae,/locations/online-quran-classes-uae,MEDIUM,service,MONITOR,GSC_SEARCH_ANALYTICS_2026-06-02_TO_2026-08-08,MEDIUM
al ikhlas meaning,al ikhlas meaning,informational,quran-surahs,reference,Australia,,none,none,none,top,GSC_IMPRESSIONS_68D:8,GSC_AVG_POSITION:66.2,40.4,HIGH,/blog/surah-ikhlas-benefits,/blog/surah-ikhlas-benefits,LOW,reference,MONITOR,GSC_SEARCH_ANALYTICS_2026-06-02_TO_2026-08-08,MEDIUM
dua masura in english,dua masura in english,informational,duas-supplications,guide,India,,none,none,none,top,GSC_IMPRESSIONS_68D:8,GSC_AVG_POSITION:21.9,40.4,HIGH,/blog/dua-e-masura-arabic-english,/blog/dua-e-masura-arabic-english,LOW,guide,CONTENT REFRESH,GSC_SEARCH_ANALYTICS_2026-06-02_TO_2026-08-08,MEDIUM
inshallah meaning,inshallah meaning,informational,islamic-terms,definition,Philippines,,none,none,none,top,GSC_IMPRESSIONS_68D:125,GSC_AVG_POSITION:66.0,40.3,HIGH,/blog/inshallah-meaning-in-english,/blog/inshallah-meaning-in-english,LOW,definition,MONITOR,GSC_SEARCH_ANALYTICS_2026-06-02_TO_2026-08-08,HIGH
al kursi in english,al kursi in english,informational,quran-surahs,reference,Australia,,none,none,none,top,GSC_IMPRESSIONS_68D:3,GSC_AVG_POSITION:50.7,40.1,HIGH,/blog/ayatul-kursi-arabic-english-benefits,/blog/ayatul-kursi-arabic-english-benefits,LOW,reference,MONITOR,GSC_SEARCH_ANALYTICS_2026-06-02_TO_2026-08-08,MEDIUM
alhamdulillah english meaning,alhamdulillah english meaning,informational,islamic-terms,definition,Australia,,none,none,none,top,GSC_IMPRESSIONS_68D:14,GSC_AVG_POSITION:69.4,40.1,HIGH,/blog/alhamdulillah-meaning-in-english,/blog/alhamdulillah-meaning-in-english,LOW,definition,MONITOR,GSC_SEARCH_ANALYTICS_2026-06-02_TO_2026-08-08,HIGH
asmaul husna with meaning,asmaul husna with meaning,informational,99-names,reference,United States,,none,none,none,top,GSC_IMPRESSIONS_68D:7,GSC_AVG_POSITION:44.6,40.1,HIGH,/blog/99-names-of-allah-asmaul-husna,/blog/99-names-of-allah-asmaul-husna,MEDIUM,reference,CONTENT REFRESH,GSC_SEARCH_ANALYTICS_2026-06-02_TO_2026-08-08,MEDIUM
atahyat,atahyat,informational,unclustered,unknown,Canada,,none,none,none,top,GSC_IMPRESSIONS_68D:3,GSC_AVG_POSITION:16.7,40.1,LOW,/blog/attahiyat-full-arabic-english-tashahhud,/blog/attahiyat-full-arabic-english-tashahhud,LOW,unknown,PROTECT,GSC_SEARCH_ANALYTICS_2026-06-02_TO_2026-08-08,MEDIUM
dua masura transliteration,dua masura transliteration,informational,duas-supplications,guide,United Kingdom,,none,none,none,top,GSC_IMPRESSIONS_68D:3,GSC_AVG_POSITION:17.7,40.1,LOW,/blog/dua-e-masura-arabic-english,/blog/dua-e-masura-arabic-english,LOW,guide,PROTECT,GSC_SEARCH_ANALYTICS_2026-06-02_TO_2026-08-08,MEDIUM
reply to barakallah,reply to barakallah,informational,islamic-terms,definition,India,,none,none,none,top,GSC_IMPRESSIONS_68D:3,GSC_AVG_POSITION:8.3,40.1,LOW,/blog/barakallah-meaning,/blog/barakallah-meaning,LOW,definition,PROTECT,GSC_SEARCH_ANALYTICS_2026-06-02_TO_2026-08-08,MEDIUM
surah yaseen meaning,surah yaseen meaning,informational,quran-surahs,reference,United States,,none,none,none,top,GSC_IMPRESSIONS_68D:3,GSC_AVG_POSITION:47,40.1,HIGH,/blog/surah-yaseen-arabic-english,/blog/surah-yaseen-arabic-english,LOW,reference,MONITOR,GSC_SEARCH_ANALYTICS_2026-06-02_TO_2026-08-08,MEDIUM
translation ayatul kursi,translation ayatul kursi,informational,quran-surahs,reference,United States,,none,none,none,top,GSC_IMPRESSIONS_68D:3,GSC_AVG_POSITION:45.3,40.1,HIGH,/blog/ayatul-kursi-arabic-english-benefits,/blog/ayatul-kursi-arabic-english-benefits,LOW,reference,MONITOR,GSC_SEARCH_ANALYTICS_2026-06-02_TO_2026-08-08,MEDIUM
uk muslim population percentage 2021 census,uk muslim population percentage 2021 census,informational,islamic-demographics,reference,COL,,none,none,none,top,GSC_IMPRESSIONS_68D:3,GSC_AVG_POSITION:19.3,40.1,MEDIUM,/blog/muslim-population-statistics-uk-usa,/blog/muslim-population-statistics-uk-usa,LOW,reference,PROTECT,GSC_SEARCH_ANALYTICS_2026-06-02_TO_2026-08-08,MEDIUM
2021 census england and wales muslim percentage 6.5,2021 census england and wales muslim percentage 6.5,informational,islamic-demographics,reference,United States,,none,none,none,top,GSC_IMPRESSIONS_68D:1,GSC_AVG_POSITION:11,40.0,MEDIUM,/blog/muslim-population-statistics-uk-usa,/blog/muslim-population-statistics-uk-usa,LOW,reference,PROTECT,GSC_SEARCH_ANALYTICS_2026-06-02_TO_2026-08-08,LOW
2021 census england wales muslim population 3.9 million ons,2021 census england wales muslim population 3.9 million ons,informational,islamic-demographics,reference,United States,,none,none,none,top,GSC_IMPRESSIONS_68D:1,GSC_AVG_POSITION:11,40.0,MEDIUM,/blog/muslim-population-statistics-uk-usa,/blog/muslim-population-statistics-uk-usa,LOW,reference,PROTECT,GSC_SEARCH_ANALYTICS_2026-06-02_TO_2026-08-08,LOW
99 name of allah and meaning,99 name of allah and meaning,informational,99-names,reference,United States,,none,none,none,top,GSC_IMPRESSIONS_68D:1,GSC_AVG_POSITION:38,40.0,HIGH,/blog/99-names-of-allah-asmaul-husna,/blog/99-names-of-allah-asmaul-husna,LOW,reference,MONITOR,GSC_SEARCH_ANALYTICS_2026-06-02_TO_2026-08-08,LOW
99 names allah in english,99 names allah in english,informational,99-names,reference,United States,,none,none,none,top,GSC_IMPRESSIONS_68D:1,GSC_AVG_POSITION:26,40.0,HIGH,/blog/99-names-of-allah-asmaul-husna,/blog/99-names-of-allah-asmaul-husna,LOW,reference,MONITOR,GSC_SEARCH_ANALYTICS_2026-06-02_TO_2026-08-08,LOW
99 names of allah in english and arabic,99 names of allah in english and arabic,informational,99-names,reference,United Kingdom,,none,none,none,top,GSC_IMPRESSIONS_68D:1,GSC_AVG_POSITION:38,40.0,HIGH,/blog/99-names-of-allah-asmaul-husna,/blog/99-names-of-allah-asmaul-husna,LOW,reference,MONITOR,GSC_SEARCH_ANALYTICS_2026-06-02_TO_2026-08-08,LOW
aeroplane ki dua,aeroplane ki dua,informational,duas-supplications,guide,Pakistan,,none,none,none,top,GSC_IMPRESSIONS_68D:1,GSC_AVG_POSITION:5,40.0,LOW,/blog/safar-ki-dua-travel-dua-arabic-english,/blog/safar-ki-dua-travel-dua-arabic-english,LOW,guide,PROTECT,GSC_SEARCH_ANALYTICS_2026-06-02_TO_2026-08-08,LOW
allah huma labaik meaning,allah huma labaik meaning,informational,islamic-terms,definition,United States,,none,none,none,top,GSC_IMPRESSIONS_68D:1,GSC_AVG_POSITION:33,40.0,HIGH,/blog/labbaik-allahumma-labbaik,/blog/labbaik-allahumma-labbaik,LOW,definition,MONITOR,GSC_SEARCH_ANALYTICS_2026-06-02_TO_2026-08-08,LOW
atahaya,atahaya,informational,unclustered,unknown,ISL,,none,none,none,top,GSC_IMPRESSIONS_68D:1,GSC_AVG_POSITION:10,40.0,LOW,/blog/attahiyat-full-arabic-english-tashahhud,/blog/attahiyat-full-arabic-english-tashahhud,LOW,unknown,PROTECT,GSC_SEARCH_ANALYTICS_2026-06-02_TO_2026-08-08,LOW
attahiyat and allahumma salli,attahiyat and allahumma salli,informational,salah-prayer,guide,Australia,,none,none,none,top,GSC_IMPRESSIONS_68D:1,GSC_AVG_POSITION:28,40.0,MEDIUM,/blog/attahiyat-full-arabic-english-tashahhud,/blog/attahiyat-full-arabic-english-tashahhud,LOW,guide,MONITOR,GSC_SEARCH_ANALYTICS_2026-06-02_TO_2026-08-08,LOW
attahiyatu full,attahiyatu full,informational,salah-prayer,guide,United Kingdom,,none,none,none,top,GSC_IMPRESSIONS_68D:1,GSC_AVG_POSITION:16,40.0,LOW,/blog/attahiyat-full-arabic-english-tashahhud,/blog/attahiyat-full-arabic-english-tashahhud,LOW,guide,PROTECT,GSC_SEARCH_ANALYTICS_2026-06-02_TO_2026-08-08,LOW
attaiyat,attaiyat,informational,unclustered,unknown,Netherlands,,none,none,none,top,GSC_IMPRESSIONS_68D:1,GSC_AVG_POSITION:11,40.0,LOW,/blog/attahiyat-full-arabic-english-tashahhud,/blog/attahiyat-full-arabic-english-tashahhud,LOW,unknown,PROTECT,GSC_SEARCH_ANALYTICS_2026-06-02_TO_2026-08-08,LOW
attayihat,attayihat,informational,unclustered,unknown,Netherlands,,none,none,none,top,GSC_IMPRESSIONS_68D:1,GSC_AVG_POSITION:11,40.0,LOW,/blog/attahiyat-full-arabic-english-tashahhud,/blog/attahiyat-full-arabic-english-tashahhud,LOW,unknown,PROTECT,GSC_SEARCH_ANALYTICS_2026-06-02_TO_2026-08-08,LOW
dua e astaghfar in english,dua e astaghfar in english,informational,duas-supplications,guide,Vietnam,,none,none,none,top,GSC_IMPRESSIONS_68D:1,GSC_AVG_POSITION:38,40.0,HIGH,/blog/dua-for-forgiveness-istighfar,/blog/dua-for-forgiveness-istighfar,LOW,guide,MONITOR,GSC_SEARCH_ANALYTICS_2026-06-02_TO_2026-08-08,LOW
dua for travelling on plane in arabic,dua for travelling on plane in arabic,informational,duas-supplications,guide,Pakistan,,none,none,none,top,GSC_IMPRESSIONS_68D:1,GSC_AVG_POSITION:12,40.0,MEDIUM,/blog/safar-ki-dua-travel-dua-arabic-english,/blog/safar-ki-dua-travel-dua-arabic-english,LOW,guide,PROTECT,GSC_SEARCH_ANALYTICS_2026-06-02_TO_2026-08-08,LOW
england wales census 2021 muslim population percentage ons,england wales census 2021 muslim population percentage ons,informational,islamic-demographics,reference,United States,,none,none,none,top,GSC_IMPRESSIONS_68D:1,GSC_AVG_POSITION:11,40.0,MEDIUM,/blog/muslim-population-statistics-uk-usa,/blog/muslim-population-statistics-uk-usa,LOW,reference,PROTECT,GSC_SEARCH_ANALYTICS_2026-06-02_TO_2026-08-08,LOW
ettihiyatu,ettihiyatu,informational,unclustered,unknown,ALB,,none,none,none,top,GSC_IMPRESSIONS_68D:1,GSC_AVG_POSITION:9,40.0,LOW,/blog/attahiyat-full-arabic-english-tashahhud,/blog/attahiyat-full-arabic-english-tashahhud,LOW,unknown,PROTECT,GSC_SEARCH_ANALYTICS_2026-06-02_TO_2026-08-08,LOW
how to do ghusl quickly,how to do ghusl quickly,informational,salah-prayer,guide,United States,,none,none,none,top,GSC_IMPRESSIONS_68D:1,GSC_AVG_POSITION:47,40.0,HIGH,/blog/how-to-do-ghusl-step-by-step,/blog/how-to-do-ghusl-step-by-step,LOW,guide,MONITOR,GSC_SEARCH_ANALYTICS_2026-06-02_TO_2026-08-08,LOW
how to make ghusl step by step,how to make ghusl step by step,informational,salah-prayer,guide,United States,,none,none,none,top,GSC_IMPRESSIONS_68D:1,GSC_AVG_POSITION:44,40.0,HIGH,/blog/how-to-do-ghusl-step-by-step,/blog/how-to-do-ghusl-step-by-step,LOW,guide,MONITOR,GSC_SEARCH_ANALYTICS_2026-06-02_TO_2026-08-08,LOW
how to say allahu akbar,how to say allahu akbar,informational,islamic-terms,definition,United States,,none,none,none,top,GSC_IMPRESSIONS_68D:1,GSC_AVG_POSITION:34,40.0,HIGH,/blog/allahu-akbar-meaning-in-english,/blog/allahu-akbar-meaning-in-english,LOW,definition,MONITOR,GSC_SEARCH_ANALYTICS_2026-06-02_TO_2026-08-08,LOW
how to write inshallah correctly in english,how to write inshallah correctly in english,informational,islamic-terms,definition,United States,,none,none,none,top,GSC_IMPRESSIONS_68D:1,GSC_AVG_POSITION:36,40.0,HIGH,/blog/inshallah-meaning-in-english,/blog/inshallah-meaning-in-english,LOW,definition,MONITOR,GSC_SEARCH_ANALYTICS_2026-06-02_TO_2026-08-08,LOW
labbaik translation,labbaik translation,informational,islamic-terms,definition,United Kingdom,,none,none,none,top,GSC_IMPRESSIONS_68D:1,GSC_AVG_POSITION:39,40.0,HIGH,/blog/labbaik-allahumma-labbaik,/blog/labbaik-allahumma-labbaik,LOW,definition,MONITOR,GSC_SEARCH_ANALYTICS_2026-06-02_TO_2026-08-08,LOW
last ayat surah baqarah,last ayat surah baqarah,informational,quran-surahs,reference,Netherlands,,none,none,none,top,GSC_IMPRESSIONS_68D:1,GSC_AVG_POSITION:40,40.0,MEDIUM,/blog/last-two-ayahs-surah-baqarah,/blog/last-two-ayahs-surah-baqarah,LOW,reference,MONITOR,GSC_SEARCH_ANALYTICS_2026-06-02_TO_2026-08-08,LOW
meaning of barakallahu feek,meaning of barakallahu feek,informational,islamic-terms,definition,Australia,,none,none,none,top,GSC_IMPRESSIONS_68D:1,GSC_AVG_POSITION:42,40.0,HIGH,/blog/barakallah-meaning,/blog/barakallah-meaning,LOW,definition,MONITOR,GSC_SEARCH_ANALYTICS_2026-06-02_TO_2026-08-08,LOW
meaning of barakallahu feekum,meaning of barakallahu feekum,informational,islamic-terms,definition,Australia,,none,none,none,top,GSC_IMPRESSIONS_68D:1,GSC_AVG_POSITION:50,40.0,HIGH,/blog/barakallah-meaning,/blog/barakallah-meaning,LOW,definition,MONITOR,GSC_SEARCH_ANALYTICS_2026-06-02_TO_2026-08-08,LOW
muslim population england 2021 census,muslim population england 2021 census,informational,islamic-demographics,reference,United States,,none,none,none,top,GSC_IMPRESSIONS_68D:1,GSC_AVG_POSITION:17,40.0,MEDIUM,/blog/muslim-population-statistics-uk-usa,/blog/muslim-population-statistics-uk-usa,LOW,reference,PROTECT,GSC_SEARCH_ANALYTICS_2026-06-02_TO_2026-08-08,LOW
name of allah 99 and the meaning of the name,name of allah 99 and the meaning of the name,informational,islamic-general,reference,Ireland,,none,none,none,top,GSC_IMPRESSIONS_68D:1,GSC_AVG_POSITION:87,40.0,HIGH,/blog/99-names-of-allah-asmaul-husna.html,/blog/99-names-of-allah-asmaul-husna.html,LOW,reference,MONITOR,GSC_SEARCH_ANALYTICS_2026-06-02_TO_2026-08-08,LOW
quran tutoring online,quran tutoring online,informational,quran-learning-service,service,New Zealand,,none,none,none,top,GSC_IMPRESSIONS_68D:1,GSC_AVG_POSITION:91,40.0,LOW,/locations/online-quran-classes-new-zealand,/locations/online-quran-classes-new-zealand,LOW,service,MONITOR,GSC_SEARCH_ANALYTICS_2026-06-02_TO_2026-08-08,LOW
rabbana atina,rabbana atina,informational,duas-supplications,guide,India,,none,none,none,top,GSC_IMPRESSIONS_68D:1,GSC_AVG_POSITION:5,40.0,LOW,/blog/rabbana-atina-fid-dunya,/blog/rabbana-atina-fid-dunya,LOW,guide,PROTECT,GSC_SEARCH_ANALYTICS_2026-06-02_TO_2026-08-08,LOW
sajda quran dua,sajda quran dua,informational,salah-prayer,guide,United States,,none,none,none,top,GSC_IMPRESSIONS_68D:1,GSC_AVG_POSITION:19,40.0,LOW,/blog/sajdah-tilawat-dua-arabic-english,/blog/sajdah-tilawat-dua-arabic-english,LOW,guide,PROTECT,GSC_SEARCH_ANALYTICS_2026-06-02_TO_2026-08-08,LOW
salat al istikhara in english,salat al istikhara in english,informational,salah-prayer,guide,United States,,none,none,none,top,GSC_IMPRESSIONS_68D:1,GSC_AVG_POSITION:47,40.0,HIGH,/blog/dua-e-istikhara,/blog/dua-e-istikhara,LOW,guide,MONITOR,GSC_SEARCH_ANALYTICS_2026-06-02_TO_2026-08-08,LOW
surah baqarah last 2 ayats benefits of reciting last 2 ayats,surah baqarah last 2 ayats benefits of reciting last 2 ayats,informational,quran-surahs,reference,Indonesia,,none,none,none,top,GSC_IMPRESSIONS_68D:1,GSC_AVG_POSITION:13,40.0,MEDIUM,/blog/last-two-ayahs-surah-baqarah,/blog/last-two-ayahs-surah-baqarah,LOW,reference,PROTECT,GSC_SEARCH_ANALYTICS_2026-06-02_TO_2026-08-08,LOW
tahiyat transliteration,tahiyat transliteration,informational,salah-prayer,guide,United Kingdom,,none,none,none,top,GSC_IMPRESSIONS_68D:1,GSC_AVG_POSITION:14,40.0,LOW,/blog/attahiyat-full-arabic-english-tashahhud,/blog/attahiyat-full-arabic-english-tashahhud,LOW,guide,PROTECT,GSC_SEARCH_ANALYTICS_2026-06-02_TO_2026-08-08,LOW
uk muslim population 2021 census percentage england wales ons,uk muslim population 2021 census percentage england wales ons,informational,islamic-demographics,reference,United Kingdom,,none,none,none,top,GSC_IMPRESSIONS_68D:1,GSC_AVG_POSITION:11,40.0,MEDIUM,/blog/muslim-population-statistics-uk-usa,/blog/muslim-population-statistics-uk-usa,LOW,reference,PROTECT,GSC_SEARCH_ANALYTICS_2026-06-02_TO_2026-08-08,LOW
what are the 12 months in arabic,what are the 12 months in arabic,informational,islamic-general,reference,New Zealand,,none,none,none,top,GSC_IMPRESSIONS_68D:1,GSC_AVG_POSITION:64,40.0,HIGH,/blog/islamic-months-names-in-order,/blog/islamic-months-names-in-order,LOW,reference,MONITOR,GSC_SEARCH_ANALYTICS_2026-06-02_TO_2026-08-08,LOW
what are the 99 names of allah in english,what are the 99 names of allah in english,informational,99-names,reference,United States,,none,none,none,top,GSC_IMPRESSIONS_68D:1,GSC_AVG_POSITION:34,40.0,HIGH,/blog/99-names-of-allah-asmaul-husna,/blog/99-names-of-allah-asmaul-husna,LOW,reference,MONITOR,GSC_SEARCH_ANALYTICS_2026-06-02_TO_2026-08-08,LOW
what does astaghfirullah mean in english,what does astaghfirullah mean in english,informational,islamic-terms,definition,United States,,none,none,none,top,GSC_IMPRESSIONS_68D:1,GSC_AVG_POSITION:35,40.0,HIGH,/blog/astaghfirullah-meaning,/blog/astaghfirullah-meaning,LOW,definition,MONITOR,GSC_SEARCH_ANALYTICS_2026-06-02_TO_2026-08-08,LOW
what is the time for tahajjud,what is the time for tahajjud,informational,salah-prayer,guide,United Kingdom,,none,none,none,top,GSC_IMPRESSIONS_68D:1,GSC_AVG_POSITION:46,40.0,HIGH,/blog/tahajjud-prayer,/blog/tahajjud-prayer,LOW,guide,MONITOR,GSC_SEARCH_ANALYTICS_2026-06-02_TO_2026-08-08,LOW
when can i pray tahajjud,when can i pray tahajjud,informational,salah-prayer,guide,United Kingdom,,none,none,none,top,GSC_IMPRESSIONS_68D:1,GSC_AVG_POSITION:47,40.0,HIGH,/blog/tahajjud-prayer,/blog/tahajjud-prayer,LOW,guide,MONITOR,GSC_SEARCH_ANALYTICS_2026-06-02_TO_2026-08-08,LOW
when can you pray tahajjud prayer,when can you pray tahajjud prayer,informational,salah-prayer,guide,United States,,none,none,none,top,GSC_IMPRESSIONS_68D:1,GSC_AVG_POSITION:41,40.0,HIGH,/blog/tahajjud-prayer,/blog/tahajjud-prayer,LOW,guide,MONITOR,GSC_SEARCH_ANALYTICS_2026-06-02_TO_2026-08-08,LOW
when is tahajjud prayed,when is tahajjud prayed,informational,salah-prayer,guide,United Kingdom,,none,none,none,top,GSC_IMPRESSIONS_68D:1,GSC_AVG_POSITION:48,40.0,HIGH,/blog/tahajjud-prayer,/blog/tahajjud-prayer,LOW,guide,MONITOR,GSC_SEARCH_ANALYTICS_2026-06-02_TO_2026-08-08,LOW
when should i pray tahajjud,when should i pray tahajjud,informational,salah-prayer,guide,United Kingdom,,none,none,none,top,GSC_IMPRESSIONS_68D:1,GSC_AVG_POSITION:49,40.0,HIGH,/blog/tahajjud-prayer,/blog/tahajjud-prayer,LOW,guide,MONITOR,GSC_SEARCH_ANALYTICS_2026-06-02_TO_2026-08-08,LOW
when to pray tahajjud prayer,when to pray tahajjud prayer,informational,salah-prayer,guide,United Kingdom,,none,none,none,top,GSC_IMPRESSIONS_68D:1,GSC_AVG_POSITION:47,40.0,HIGH,/blog/tahajjud-prayer,/blog/tahajjud-prayer,LOW,guide,MONITOR,GSC_SEARCH_ANALYTICS_2026-06-02_TO_2026-08-08,LOW
why do people say allahu akbar,why do people say allahu akbar,informational,islamic-terms,definition,United States,,none,none,none,top,GSC_IMPRESSIONS_68D:1,GSC_AVG_POSITION:33,40.0,HIGH,/blog/allahu-akbar-meaning-in-english,/blog/allahu-akbar-meaning-in-english,LOW,definition,MONITOR,GSC_SEARCH_ANALYTICS_2026-06-02_TO_2026-08-08,LOW
напиши с транскрипцией,напиши с транскрипцией,informational,unclustered,unknown,RUS,,none,none,none,top,GSC_IMPRESSIONS_68D:1,GSC_AVG_POSITION:4,40.0,LOW,/blog/attahiyat-full-arabic-english-tashahhud,/blog/attahiyat-full-arabic-english-tashahhud,LOW,unknown,PROTECT,GSC_SEARCH_ANALYTICS_2026-06-02_TO_2026-08-08,LOW
بالكويت,بالكويت,informational,unclustered,unknown,DZA,,none,none,none,top,GSC_IMPRESSIONS_68D:1,GSC_AVG_POSITION:10,40.0,LOW,/locations/online-quran-classes-kuwait,/locations/online-quran-classes-kuwait,LOW,unknown,PROTECT,GSC_SEARCH_ANALYTICS_2026-06-02_TO_2026-08-08,LOW
al-ikhlas meaning,al-ikhlas meaning,informational,quran-surahs,reference,Australia,,none,none,none,top,GSC_IMPRESSIONS_68D:6,GSC_AVG_POSITION:64.2,39.9,HIGH,/blog/surah-ikhlas-benefits,/blog/surah-ikhlas-benefits,LOW,reference,MONITOR,GSC_SEARCH_ANALYTICS_2026-06-02_TO_2026-08-08,MEDIUM
ayat al kursi meaning,ayat al kursi meaning,informational,quran-surahs,reference,Australia,,none,none,none,top,GSC_IMPRESSIONS_68D:6,GSC_AVG_POSITION:63,39.9,HIGH,/blog/ayatul-kursi-arabic-english-benefits,/blog/ayatul-kursi-arabic-english-benefits,MEDIUM,reference,MONITOR,GSC_SEARCH_ANALYTICS_2026-06-02_TO_2026-08-08,MEDIUM
bismillah definition,bismillah definition,informational,islamic-terms,definition,Australia,,none,none,none,top,GSC_IMPRESSIONS_68D:6,GSC_AVG_POSITION:55.7,39.9,HIGH,/blog/bismillah-meaning-in-english,/blog/bismillah-meaning-in-english,LOW,definition,MONITOR,GSC_SEARCH_ANALYTICS_2026-06-02_TO_2026-08-08,MEDIUM
attahiyat surah in english,attahiyat surah in english,informational,quran-surahs,reference,India,,none,none,none,top,GSC_IMPRESSIONS_68D:5,GSC_AVG_POSITION:24.6,39.6,HIGH,/blog/attahiyat-full-arabic-english-tashahhud,/blog/attahiyat-full-arabic-english-tashahhud,LOW,reference,CONTENT REFRESH,GSC_SEARCH_ANALYTICS_2026-06-02_TO_2026-08-08,MEDIUM
4 qul,4 qul,informational,quran-surahs,reference,Sweden,,none,none,none,top,GSC_IMPRESSIONS_68D:5,GSC_AVG_POSITION:36.6,39.6,LOW,/blog/4-quls,/blog/4-quls,LOW,reference,CONTENT REFRESH,GSC_SEARCH_ANALYTICS_2026-06-02_TO_2026-08-08,MEDIUM
allahu akbar meaning,allahu akbar meaning,informational,islamic-terms,definition,South Africa,,none,none,none,top,GSC_IMPRESSIONS_68D:5,GSC_AVG_POSITION:43.4,39.6,HIGH,/blog/allahu-akbar-meaning-in-english,/blog/allahu-akbar-meaning-in-english,LOW,definition,CONTENT REFRESH,GSC_SEARCH_ANALYTICS_2026-06-02_TO_2026-08-08,MEDIUM
definition of inshallah,definition of inshallah,informational,islamic-terms,definition,Australia,,none,none,none,top,GSC_IMPRESSIONS_68D:5,GSC_AVG_POSITION:53.6,39.6,HIGH,/blog/inshallah-meaning-in-english,/blog/inshallah-meaning-in-english,LOW,definition,MONITOR,GSC_SEARCH_ANALYTICS_2026-06-02_TO_2026-08-08,MEDIUM
noor academy online classes,noor academy online classes,navigational,brand,brand,United States,,none,none,none,brand,GSC_IMPRESSIONS_68D:5,GSC_AVG_POSITION:44.2,39.6,LOW,/,/,LOW,brand,PROTECT,GSC_SEARCH_ANALYTICS_2026-06-02_TO_2026-08-08,MEDIUM
surah al-ikhlas meaning,surah al-ikhlas meaning,informational,quran-surahs,reference,Australia,,none,none,none,top,GSC_IMPRESSIONS_68D:5,GSC_AVG_POSITION:65,39.6,HIGH,/blog/surah-ikhlas-benefits,/blog/surah-ikhlas-benefits,LOW,reference,MONITOR,GSC_SEARCH_ANALYTICS_2026-06-02_TO_2026-08-08,MEDIUM
99 names of allah with meaning in english,99 names of allah with meaning in english,informational,99-names,reference,BHR,,none,none,none,top,GSC_IMPRESSIONS_68D:10,GSC_AVG_POSITION:42.3,39.4,HIGH,/blog/99-names-of-allah-asmaul-husna,/blog/99-names-of-allah-asmaul-husna,MEDIUM,reference,CONTENT REFRESH,GSC_SEARCH_ANALYTICS_2026-06-02_TO_2026-08-08,HIGH
allahu akbar in english,allahu akbar in english,informational,islamic-terms,definition,Philippines,,none,none,none,top,GSC_IMPRESSIONS_68D:2,GSC_AVG_POSITION:32.5,39.4,HIGH,/blog/allahu-akbar-meaning-in-english,/blog/allahu-akbar-meaning-in-english,LOW,definition,MONITOR,GSC_SEARCH_ANALYTICS_2026-06-02_TO_2026-08-08,LOW
ayat ul kursi translation,ayat ul kursi translation,informational,quran-surahs,reference,Canada,,none,none,none,top,GSC_IMPRESSIONS_68D:2,GSC_AVG_POSITION:54,39.4,HIGH,/blog/ayatul-kursi-arabic-english-benefits.html,/blog/ayatul-kursi-arabic-english-benefits.html,LOW,reference,MONITOR,GSC_SEARCH_ANALYTICS_2026-06-02_TO_2026-08-08,LOW
ayatul kursi in english and arabic,ayatul kursi in english and arabic,informational,quran-surahs,reference,United States,,none,none,none,top,GSC_IMPRESSIONS_68D:2,GSC_AVG_POSITION:46.5,39.4,HIGH,/blog/ayatul-kursi-arabic-english-benefits,/blog/ayatul-kursi-arabic-english-benefits,LOW,reference,MONITOR,GSC_SEARCH_ANALYTICS_2026-06-02_TO_2026-08-08,LOW
ayatul kursi in english arabic,ayatul kursi in english arabic,informational,quran-surahs,reference,United Kingdom,,none,none,none,top,GSC_IMPRESSIONS_68D:2,GSC_AVG_POSITION:48,39.4,HIGH,/blog/ayatul-kursi-arabic-english-benefits,/blog/ayatul-kursi-arabic-english-benefits,MEDIUM,reference,MONITOR,GSC_SEARCH_ANALYTICS_2026-06-02_TO_2026-08-08,LOW
barakallah mean,barakallah mean,informational,islamic-terms,definition,India,,none,none,none,top,GSC_IMPRESSIONS_68D:2,GSC_AVG_POSITION:6,39.4,LOW,/blog/barakallah-meaning,/blog/barakallah-meaning,LOW,definition,PROTECT,GSC_SEARCH_ANALYTICS_2026-06-02_TO_2026-08-08,LOW
barakllah,barakllah,informational,islamic-terms,definition,India,,none,none,none,top,GSC_IMPRESSIONS_68D:2,GSC_AVG_POSITION:8,39.4,LOW,/blog/barakallah-meaning,/blog/barakallah-meaning,LOW,definition,PROTECT,GSC_SEARCH_ANALYTICS_2026-06-02_TO_2026-08-08,LOW
in sha allah arabic,in sha allah arabic,informational,islamic-terms,definition,Belgium,,none,none,none,top,GSC_IMPRESSIONS_68D:2,GSC_AVG_POSITION:35,39.4,MEDIUM,/blog/inshallah-meaning-in-english,/blog/inshallah-meaning-in-english,LOW,definition,MONITOR,GSC_SEARCH_ANALYTICS_2026-06-02_TO_2026-08-08,LOW
inshallah ko english mein kya kahate hain,inshallah ko english mein kya kahate hain,informational,islamic-terms,definition,India,,none,none,none,top,GSC_IMPRESSIONS_68D:2,GSC_AVG_POSITION:10.5,39.4,MEDIUM,/blog/inshallah-meaning-in-english,/blog/inshallah-meaning-in-english,LOW,definition,PROTECT,GSC_SEARCH_ANALYTICS_2026-06-02_TO_2026-08-08,LOW
inshallah of in sha allah,inshallah of in sha allah,informational,islamic-terms,definition,Netherlands,,none,none,none,top,GSC_IMPRESSIONS_68D:2,GSC_AVG_POSITION:24,39.4,MEDIUM,/blog/inshallah-meaning-in-english,/blog/inshallah-meaning-in-english,LOW,definition,MONITOR,GSC_SEARCH_ANALYTICS_2026-06-02_TO_2026-08-08,LOW
labbayk meaning,labbayk meaning,informational,unclustered,unknown,United Kingdom,,none,none,none,top,GSC_IMPRESSIONS_68D:2,GSC_AVG_POSITION:30.5,39.4,HIGH,/blog/labbaik-allahumma-labbaik,/blog/labbaik-allahumma-labbaik,LOW,unknown,MONITOR,GSC_SEARCH_ANALYTICS_2026-06-02_TO_2026-08-08,LOW
muslim population percentage uk 2021 census,muslim population percentage uk 2021 census,informational,islamic-demographics,reference,Portugal,,none,none,none,top,GSC_IMPRESSIONS_68D:2,GSC_AVG_POSITION:20.5,39.4,MEDIUM,/blog/muslim-population-statistics-uk-usa,/blog/muslim-population-statistics-uk-usa,LOW,reference,MONITOR,GSC_SEARCH_ANALYTICS_2026-06-02_TO_2026-08-08,LOW
quran ijazah meaning,quran ijazah meaning,informational,quran-learning-service,service,Egypt,,none,none,none,top,GSC_IMPRESSIONS_68D:2,GSC_AVG_POSITION:76,39.4,HIGH,/blog/what-is-ijazah-in-quran-teaching,/blog/what-is-ijazah-in-quran-teaching,LOW,service,MONITOR,GSC_SEARCH_ANALYTICS_2026-06-02_TO_2026-08-08,LOW
safar ki dua for plane,safar ki dua for plane,informational,duas-supplications,guide,Australia,,none,none,none,top,GSC_IMPRESSIONS_68D:2,GSC_AVG_POSITION:34,39.4,MEDIUM,/blog/safar-ki-dua-travel-dua-arabic-english,/blog/safar-ki-dua-travel-dua-arabic-english,LOW,guide,MONITOR,GSC_SEARCH_ANALYTICS_2026-06-02_TO_2026-08-08,LOW
safar ki dua transliteration,safar ki dua transliteration,informational,duas-supplications,guide,Australia,,none,none,none,top,GSC_IMPRESSIONS_68D:2,GSC_AVG_POSITION:24,39.4,MEDIUM,/blog/safar-ki-dua-travel-dua-arabic-english,/blog/safar-ki-dua-travel-dua-arabic-english,LOW,guide,MONITOR,GSC_SEARCH_ANALYTICS_2026-06-02_TO_2026-08-08,LOW
surah baqarah last two ayat,surah baqarah last two ayat,informational,quran-surahs,reference,Australia,,none,none,none,top,GSC_IMPRESSIONS_68D:2,GSC_AVG_POSITION:34,39.4,MEDIUM,/blog/last-two-ayahs-surah-baqarah,/blog/last-two-ayahs-surah-baqarah,LOW,reference,MONITOR,GSC_SEARCH_ANALYTICS_2026-06-02_TO_2026-08-08,LOW
what is inshallah,what is inshallah,informational,islamic-terms,definition,RUS,,none,none,none,top,GSC_IMPRESSIONS_68D:2,GSC_AVG_POSITION:23.5,39.4,HIGH,/blog/inshallah-meaning-in-english,/blog/inshallah-meaning-in-english,LOW,definition,MONITOR,GSC_SEARCH_ANALYTICS_2026-06-02_TO_2026-08-08,LOW
allah names in english,allah names in english,informational,99-names,reference,United States,,none,none,none,top,GSC_IMPRESSIONS_68D:4,GSC_AVG_POSITION:43,39.1,HIGH,/blog/99-names-of-allah-asmaul-husna,/blog/99-names-of-allah-asmaul-husna,LOW,reference,MONITOR,GSC_SEARCH_ANALYTICS_2026-06-02_TO_2026-08-08,MEDIUM
ayatul kursi meaning in english,ayatul kursi meaning in english,informational,quran-surahs,reference,India,,none,none,none,top,GSC_IMPRESSIONS_68D:4,GSC_AVG_POSITION:39.8,39.1,HIGH,/blog/ayatul-kursi-arabic-english-benefits,/blog/ayatul-kursi-arabic-english-benefits,LOW,reference,MONITOR,GSC_SEARCH_ANALYTICS_2026-06-02_TO_2026-08-08,MEDIUM
barakallahu feek meaning,barakallahu feek meaning,informational,islamic-terms,definition,United States,,none,none,none,top,GSC_IMPRESSIONS_68D:4,GSC_AVG_POSITION:44.5,39.1,HIGH,/blog/barakallah-meaning,/blog/barakallah-meaning,LOW,definition,MONITOR,GSC_SEARCH_ANALYTICS_2026-06-02_TO_2026-08-08,MEDIUM
how to make ghusl,how to make ghusl,informational,salah-prayer,guide,United States,,none,none,none,top,GSC_IMPRESSIONS_68D:9,GSC_AVG_POSITION:71.1,39.1,HIGH,/blog/how-to-do-ghusl-step-by-step,/blog/how-to-do-ghusl-step-by-step,LOW,guide,MONITOR,GSC_SEARCH_ANALYTICS_2026-06-02_TO_2026-08-08,MEDIUM
inshallah allah meaning,inshallah allah meaning,informational,islamic-terms,definition,United States,,none,none,none,top,GSC_IMPRESSIONS_68D:4,GSC_AVG_POSITION:45.5,39.1,HIGH,/blog/inshallah-meaning-in-english,/blog/inshallah-meaning-in-english,LOW,definition,MONITOR,GSC_SEARCH_ANALYTICS_2026-06-02_TO_2026-08-08,MEDIUM
labaik meaning,labaik meaning,informational,islamic-terms,definition,UAE,,none,none,none,top,GSC_IMPRESSIONS_68D:4,GSC_AVG_POSITION:33,39.1,HIGH,/blog/labbaik-allahumma-labbaik,/blog/labbaik-allahumma-labbaik,LOW,definition,MONITOR,GSC_SEARCH_ANALYTICS_2026-06-02_TO_2026-08-08,MEDIUM
labayk allahuma labayk meaning,labayk allahuma labayk meaning,informational,islamic-general,reference,Vietnam,,none,none,none,top,GSC_IMPRESSIONS_68D:4,GSC_AVG_POSITION:20.8,39.1,HIGH,/blog/labbaik-allahumma-labbaik,/blog/labbaik-allahumma-labbaik,LOW,reference,MONITOR,GSC_SEARCH_ANALYTICS_2026-06-02_TO_2026-08-08,MEDIUM
surah attahiyat in english,surah attahiyat in english,informational,quran-surahs,reference,Bangladesh,,none,none,none,top,GSC_IMPRESSIONS_68D:4,GSC_AVG_POSITION:23.2,39.1,HIGH,/blog/attahiyat-full-arabic-english-tashahhud,/blog/attahiyat-full-arabic-english-tashahhud,LOW,reference,MONITOR,GSC_SEARCH_ANALYTICS_2026-06-02_TO_2026-08-08,MEDIUM
asma ul husna with meaning,asma ul husna with meaning,informational,99-names,reference,India,,none,none,none,top,GSC_IMPRESSIONS_68D:8,GSC_AVG_POSITION:40,39.0,HIGH,/blog/99-names-of-allah-asmaul-husna,/blog/99-names-of-allah-asmaul-husna,LOW,reference,CONTENT REFRESH,GSC_SEARCH_ANALYTICS_2026-06-02_TO_2026-08-08,MEDIUM
insha allah meaning,insha allah meaning,informational,islamic-terms,definition,South Africa,,none,none,none,top,GSC_IMPRESSIONS_68D:17,GSC_AVG_POSITION:54.8,39.0,HIGH,/blog/inshallah-meaning-in-english,/blog/inshallah-meaning-in-english,LOW,definition,MONITOR,GSC_SEARCH_ANALYTICS_2026-06-02_TO_2026-08-08,HIGH
labaik allahuma labaik meaning,labaik allahuma labaik meaning,informational,islamic-terms,definition,India,,none,none,none,top,GSC_IMPRESSIONS_68D:8,GSC_AVG_POSITION:28.2,39.0,HIGH,/blog/labbaik-allahumma-labbaik,/blog/labbaik-allahumma-labbaik,LOW,definition,CONTENT REFRESH,GSC_SEARCH_ANALYTICS_2026-06-02_TO_2026-08-08,MEDIUM
99 names of allah meaning,99 names of allah meaning,informational,99-names,reference,Germany,,none,none,none,top,GSC_IMPRESSIONS_68D:3,GSC_AVG_POSITION:57,38.7,HIGH,/blog/99-names-of-allah-asmaul-husna,/blog/99-names-of-allah-asmaul-husna,LOW,reference,MONITOR,GSC_SEARCH_ANALYTICS_2026-06-02_TO_2026-08-08,MEDIUM
allah 99 names with meaning in english,allah 99 names with meaning in english,informational,99-names,reference,United Kingdom,,none,none,none,top,GSC_IMPRESSIONS_68D:3,GSC_AVG_POSITION:45,38.7,HIGH,/blog/99-names-of-allah-asmaul-husna,/blog/99-names-of-allah-asmaul-husna,MEDIUM,reference,MONITOR,GSC_SEARCH_ANALYTICS_2026-06-02_TO_2026-08-08,MEDIUM
astaghfirullah means,astaghfirullah means,informational,islamic-terms,definition,United States,,none,none,none,top,GSC_IMPRESSIONS_68D:30,GSC_AVG_POSITION:60.2,38.7,HIGH,/blog/astaghfirullah-meaning,/blog/astaghfirullah-meaning,MEDIUM,definition,MONITOR,GSC_SEARCH_ANALYTICS_2026-06-02_TO_2026-08-08,HIGH
meaning alhamdulillah,meaning alhamdulillah,informational,islamic-terms,definition,Belgium,,none,none,none,top,GSC_IMPRESSIONS_68D:3,GSC_AVG_POSITION:77,38.7,HIGH,/blog/alhamdulillah-meaning-in-english,/blog/alhamdulillah-meaning-in-english,MEDIUM,definition,MONITOR,GSC_SEARCH_ANALYTICS_2026-06-02_TO_2026-08-08,MEDIUM
meaning of labaik allahuma labaik,meaning of labaik allahuma labaik,informational,islamic-terms,definition,UAE,,none,none,none,top,GSC_IMPRESSIONS_68D:3,GSC_AVG_POSITION:29.3,38.7,HIGH,/blog/labbaik-allahumma-labbaik,/blog/labbaik-allahumma-labbaik,LOW,definition,MONITOR,GSC_SEARCH_ANALYTICS_2026-06-02_TO_2026-08-08,MEDIUM
noorani qaida online uk,noorani qaida online uk,informational,noorani-qaida,course,United Kingdom,,none,noorani-qaida,none,top,GSC_IMPRESSIONS_68D:3,GSC_AVG_POSITION:75,38.7,MEDIUM,/locations/online-quran-classes-uk,/locations/online-quran-classes-uk,LOW,course,MONITOR,GSC_SEARCH_ANALYTICS_2026-06-02_TO_2026-08-08,MEDIUM
uk muslim population percentage 2021 census england wales scotland northern ireland official,uk muslim population percentage 2021 census england wales scotland northern ireland official,informational,islamic-demographics,reference,UAE,,none,none,none,top,GSC_IMPRESSIONS_68D:3,GSC_AVG_POSITION:10.3,38.7,MEDIUM,/blog/muslim-population-statistics-uk-usa,/blog/muslim-population-statistics-uk-usa,LOW,reference,PROTECT,GSC_SEARCH_ANALYTICS_2026-06-02_TO_2026-08-08,MEDIUM
what does astaghfirullah mean,what does astaghfirullah mean,informational,islamic-terms,definition,United States,,none,none,none,top,GSC_IMPRESSIONS_68D:14,GSC_AVG_POSITION:57.1,38.7,HIGH,/blog/astaghfirullah-meaning,/blog/astaghfirullah-meaning,MEDIUM,definition,MONITOR,GSC_SEARCH_ANALYTICS_2026-06-02_TO_2026-08-08,HIGH
what is astaghfirullah,what is astaghfirullah,informational,islamic-terms,definition,India,,none,none,none,top,GSC_IMPRESSIONS_68D:7,GSC_AVG_POSITION:39.4,38.7,HIGH,/blog/astaghfirullah-meaning,/blog/astaghfirullah-meaning,MEDIUM,definition,CONTENT REFRESH,GSC_SEARCH_ANALYTICS_2026-06-02_TO_2026-08-08,MEDIUM
what is durood sharif,what is durood sharif,informational,duas-supplications,guide,India,,none,none,none,top,GSC_IMPRESSIONS_68D:3,GSC_AVG_POSITION:37.3,38.7,HIGH,/blog/darood-sharif,/blog/darood-sharif,LOW,guide,MONITOR,GSC_SEARCH_ANALYTICS_2026-06-02_TO_2026-08-08,MEDIUM
4 qul surahs in english,4 qul surahs in english,informational,quran-surahs,reference,United States,,none,none,none,top,GSC_IMPRESSIONS_68D:1,GSC_AVG_POSITION:44,38.6,HIGH,/blog/4-quls,/blog/4-quls,LOW,reference,MONITOR,GSC_SEARCH_ANALYTICS_2026-06-02_TO_2026-08-08,LOW
99 attributes of allah with meaning,99 attributes of allah with meaning,informational,islamic-general,reference,United States,,none,none,none,top,GSC_IMPRESSIONS_68D:1,GSC_AVG_POSITION:39,38.6,HIGH,/blog/99-names-of-allah-asmaul-husna,/blog/99-names-of-allah-asmaul-husna,LOW,reference,MONITOR,GSC_SEARCH_ANALYTICS_2026-06-02_TO_2026-08-08,LOW
ahtayatu,ahtayatu,informational,unclustered,unknown,India,,none,none,none,top,GSC_IMPRESSIONS_68D:1,GSC_AVG_POSITION:1,38.6,LOW,/blog/attahiyat-full-arabic-english-tashahhud,/blog/attahiyat-full-arabic-english-tashahhud,LOW,unknown,PROTECT,GSC_SEARCH_ANALYTICS_2026-06-02_TO_2026-08-08,LOW
al akhbar meaning,al akhbar meaning,informational,unclustered,unknown,Australia,,none,none,none,top,GSC_IMPRESSIONS_68D:1,GSC_AVG_POSITION:45,38.6,HIGH,/blog/allahu-akbar-meaning-in-english,/blog/allahu-akbar-meaning-in-english,LOW,unknown,MONITOR,GSC_SEARCH_ANALYTICS_2026-06-02_TO_2026-08-08,LOW
allah hu akbar definition,allah hu akbar definition,informational,islamic-general,reference,Canada,,none,none,none,top,GSC_IMPRESSIONS_68D:1,GSC_AVG_POSITION:46,38.6,HIGH,/blog/allahu-akbar-meaning-in-english,/blog/allahu-akbar-meaning-in-english,LOW,reference,MONITOR,GSC_SEARCH_ANALYTICS_2026-06-02_TO_2026-08-08,LOW
another number,another number,informational,unclustered,unknown,Pakistan,,none,none,none,top,GSC_IMPRESSIONS_68D:1,GSC_AVG_POSITION:2,38.6,LOW,/locations/online-quran-classes-kuwait,/locations/online-quran-classes-kuwait,LOW,unknown,PROTECT,GSC_SEARCH_ANALYTICS_2026-06-02_TO_2026-08-08,LOW
asma ul husna in english,asma ul husna in english,informational,99-names,reference,Sri Lanka,,none,none,none,top,GSC_IMPRESSIONS_68D:1,GSC_AVG_POSITION:35,38.6,HIGH,/blog/99-names-of-allah-asmaul-husna,/blog/99-names-of-allah-asmaul-husna,LOW,reference,MONITOR,GSC_SEARCH_ANALYTICS_2026-06-02_TO_2026-08-08,LOW
asmaul husna in english,asmaul husna in english,informational,99-names,reference,Sri Lanka,,none,none,none,top,GSC_IMPRESSIONS_68D:1,GSC_AVG_POSITION:36,38.6,HIGH,/blog/99-names-of-allah-asmaul-husna,/blog/99-names-of-allah-asmaul-husna,LOW,reference,MONITOR,GSC_SEARCH_ANALYTICS_2026-06-02_TO_2026-08-08,LOW
at-tahiyat,at-tahiyat,informational,salah-prayer,guide,Philippines,,none,none,none,top,GSC_IMPRESSIONS_68D:1,GSC_AVG_POSITION:19,38.6,LOW,/blog/attahiyat-full-arabic-english-tashahhud,/blog/attahiyat-full-arabic-english-tashahhud,LOW,guide,PROTECT,GSC_SEARCH_ANALYTICS_2026-06-02_TO_2026-08-08,LOW
attahiyat and tashahhud,attahiyat and tashahhud,informational,salah-prayer,guide,Philippines,,none,none,none,top,GSC_IMPRESSIONS_68D:1,GSC_AVG_POSITION:15,38.6,LOW,/blog/attahiyat-full-arabic-english-tashahhud,/blog/attahiyat-full-arabic-english-tashahhud,LOW,guide,PROTECT,GSC_SEARCH_ANALYTICS_2026-06-02_TO_2026-08-08,LOW
attayah,attayah,informational,unclustered,unknown,Nigeria,,none,none,none,top,GSC_IMPRESSIONS_68D:1,GSC_AVG_POSITION:2,38.6,LOW,/blog/attahiyat-full-arabic-english-tashahhud,/blog/attahiyat-full-arabic-english-tashahhud,LOW,unknown,PROTECT,GSC_SEARCH_ANALYTICS_2026-06-02_TO_2026-08-08,LOW
atthaiyat,atthaiyat,informational,unclustered,unknown,Germany,,none,none,none,top,GSC_IMPRESSIONS_68D:1,GSC_AVG_POSITION:11,38.6,LOW,/blog/attahiyat-full-arabic-english-tashahhud,/blog/attahiyat-full-arabic-english-tashahhud,LOW,unknown,PROTECT,GSC_SEARCH_ANALYTICS_2026-06-02_TO_2026-08-08,LOW
ayat al kursi with meaning,ayat al kursi with meaning,informational,quran-surahs,reference,United States,,none,none,none,top,GSC_IMPRESSIONS_68D:1,GSC_AVG_POSITION:45,38.6,HIGH,/blog/ayatul-kursi-arabic-english-benefits,/blog/ayatul-kursi-arabic-english-benefits,LOW,reference,MONITOR,GSC_SEARCH_ANALYTICS_2026-06-02_TO_2026-08-08,LOW
ayatul kursi in english translation,ayatul kursi in english translation,informational,quran-surahs,reference,United States,,none,none,none,top,GSC_IMPRESSIONS_68D:1,GSC_AVG_POSITION:50,38.6,HIGH,/blog/ayatul-kursi-arabic-english-benefits,/blog/ayatul-kursi-arabic-english-benefits,LOW,reference,MONITOR,GSC_SEARCH_ANALYTICS_2026-06-02_TO_2026-08-08,LOW
barakallag,barakallag,informational,islamic-terms,definition,Pakistan,,none,none,none,top,GSC_IMPRESSIONS_68D:1,GSC_AVG_POSITION:9,38.6,LOW,/blog/barakallah-meaning,/blog/barakallah-meaning,LOW,definition,PROTECT,GSC_SEARCH_ANALYTICS_2026-06-02_TO_2026-08-08,LOW
barakallaha,barakallaha,informational,islamic-terms,definition,India,,none,none,none,top,GSC_IMPRESSIONS_68D:1,GSC_AVG_POSITION:9,38.6,LOW,/blog/barakallah-meaning,/blog/barakallah-meaning,LOW,definition,PROTECT,GSC_SEARCH_ANALYTICS_2026-06-02_TO_2026-08-08,LOW
barakallahulak,barakallahulak,informational,islamic-terms,definition,Bangladesh,,none,none,none,top,GSC_IMPRESSIONS_68D:1,GSC_AVG_POSITION:7,38.6,LOW,/blog/barakallah-meaning,/blog/barakallah-meaning,LOW,definition,PROTECT,GSC_SEARCH_ANALYTICS_2026-06-02_TO_2026-08-08,LOW
baraklah,baraklah,informational,islamic-terms,definition,India,,none,none,none,top,GSC_IMPRESSIONS_68D:1,GSC_AVG_POSITION:9,38.6,LOW,/blog/barakallah-meaning,/blog/barakallah-meaning,LOW,definition,PROTECT,GSC_SEARCH_ANALYTICS_2026-06-02_TO_2026-08-08,LOW
before sleep dua in english,before sleep dua in english,informational,duas-supplications,guide,United States,,none,none,none,top,GSC_IMPRESSIONS_68D:1,GSC_AVG_POSITION:43,38.6,HIGH,/blog/dua-before-sleeping-islam,/blog/dua-before-sleeping-islam,LOW,guide,MONITOR,GSC_SEARCH_ANALYTICS_2026-06-02_TO_2026-08-08,LOW
both,both,informational,unclustered,unknown,Pakistan,,none,none,none,top,GSC_IMPRESSIONS_68D:1,GSC_AVG_POSITION:3,38.6,LOW,/blog/sajdah-tilawat-dua-arabic-english,/blog/sajdah-tilawat-dua-arabic-english,LOW,unknown,PROTECT,GSC_SEARCH_ANALYTICS_2026-06-02_TO_2026-08-08,LOW
dal arabic letter,dal arabic letter,informational,noorani-qaida,course,United States,,none,none,none,top,GSC_IMPRESSIONS_68D:1,GSC_AVG_POSITION:40,38.6,LOW,/noorani-qaida/arabic-letters/dal,/noorani-qaida/arabic-letters/dal,LOW,course,MONITOR,GSC_SEARCH_ANALYTICS_2026-06-02_TO_2026-08-08,LOW
darood sharif transliteration english,darood sharif transliteration english,informational,duas-supplications,guide,Australia,,none,none,none,top,GSC_IMPRESSIONS_68D:1,GSC_AVG_POSITION:26,38.6,MEDIUM,/blog/darood-sharif,/blog/darood-sharif,LOW,guide,MONITOR,GSC_SEARCH_ANALYTICS_2026-06-02_TO_2026-08-08,LOW
doa masura arabic,doa masura arabic,informational,islamic-general,reference,UAE,,none,none,none,top,GSC_IMPRESSIONS_68D:1,GSC_AVG_POSITION:9,38.6,LOW,/blog/dua-e-masura-arabic-english,/blog/dua-e-masura-arabic-english,LOW,reference,PROTECT,GSC_SEARCH_ANALYTICS_2026-06-02_TO_2026-08-08,LOW
dua istikhara english translation,dua istikhara english translation,informational,duas-supplications,guide,United States,,none,none,none,top,GSC_IMPRESSIONS_68D:1,GSC_AVG_POSITION:49,38.6,HIGH,/blog/dua-e-istikhara,/blog/dua-e-istikhara,LOW,guide,MONITOR,GSC_SEARCH_ANALYTICS_2026-06-02_TO_2026-08-08,LOW
dua safar in arabic,dua safar in arabic,informational,duas-supplications,guide,Canada,,none,none,none,top,GSC_IMPRESSIONS_68D:1,GSC_AVG_POSITION:33,38.6,MEDIUM,/blog/safar-ki-dua-travel-dua-arabic-english,/blog/safar-ki-dua-travel-dua-arabic-english,LOW,guide,MONITOR,GSC_SEARCH_ANALYTICS_2026-06-02_TO_2026-08-08,LOW
durood shareef,durood shareef,informational,duas-supplications,guide,Denmark,,none,none,none,top,GSC_IMPRESSIONS_68D:1,GSC_AVG_POSITION:37,38.6,LOW,/blog/darood-sharif,/blog/darood-sharif,LOW,guide,MONITOR,GSC_SEARCH_ANALYTICS_2026-06-02_TO_2026-08-08,LOW
england and wales census 2021 muslim population percentage ons,england and wales census 2021 muslim population percentage ons,informational,islamic-demographics,reference,UKR,,none,none,none,top,GSC_IMPRESSIONS_68D:1,GSC_AVG_POSITION:11,38.6,MEDIUM,/blog/muslim-population-statistics-uk-usa,/blog/muslim-population-statistics-uk-usa,LOW,reference,PROTECT,GSC_SEARCH_ANALYTICS_2026-06-02_TO_2026-08-08,LOW
how do you perform ghusl,how do you perform ghusl,informational,salah-prayer,guide,Canada,,none,none,none,top,GSC_IMPRESSIONS_68D:1,GSC_AVG_POSITION:74,38.6,HIGH,/blog/how-to-do-ghusl-step-by-step,/blog/how-to-do-ghusl-step-by-step,LOW,guide,MONITOR,GSC_SEARCH_ANALYTICS_2026-06-02_TO_2026-08-08,LOW
how to complete quran in 30 days,how to complete quran in 30 days,informational,islamic-general,reference,United Kingdom,,none,none,none,top,GSC_IMPRESSIONS_68D:1,GSC_AVG_POSITION:40,38.6,HIGH,/blog/finish-quran-in-ramadan-30-day-plan,/blog/finish-quran-in-ramadan-30-day-plan,LOW,reference,MONITOR,GSC_SEARCH_ANALYTICS_2026-06-02_TO_2026-08-08,LOW
how to do ghusl the sunnah way,how to do ghusl the sunnah way,informational,salah-prayer,guide,Philippines,,none,none,none,top,GSC_IMPRESSIONS_68D:1,GSC_AVG_POSITION:43,38.6,HIGH,/blog/how-to-do-ghusl-step-by-step,/blog/how-to-do-ghusl-step-by-step,LOW,guide,MONITOR,GSC_SEARCH_ANALYTICS_2026-06-02_TO_2026-08-08,LOW
how to finish quran in ramadan,how to finish quran in ramadan,informational,islamic-calendar,reference,United States,,none,none,none,top,GSC_IMPRESSIONS_68D:1,GSC_AVG_POSITION:33,38.6,HIGH,/blog/finish-quran-in-ramadan-30-day-plan,/blog/finish-quran-in-ramadan-30-day-plan,LOW,reference,MONITOR,GSC_SEARCH_ANALYTICS_2026-06-02_TO_2026-08-08,LOW
how to improve quran recitation,how to improve quran recitation,informational,islamic-general,reference,United Kingdom,,none,quran-reading,none,top,GSC_IMPRESSIONS_68D:1,GSC_AVG_POSITION:31,38.6,HIGH,/blog/how-to-improve-quran-recitation,/blog/how-to-improve-quran-recitation,LOW,reference,MONITOR,GSC_SEARCH_ANALYTICS_2026-06-02_TO_2026-08-08,LOW
inshalah meaning,inshalah meaning,informational,unclustered,unknown,United States,,none,none,none,top,GSC_IMPRESSIONS_68D:1,GSC_AVG_POSITION:34,38.6,HIGH,/blog/inshallah-meaning-in-english,/blog/inshallah-meaning-in-english,LOW,unknown,MONITOR,GSC_SEARCH_ANALYTICS_2026-06-02_TO_2026-08-08,LOW
ishmallah meaning,ishmallah meaning,informational,islamic-general,reference,United States,,none,none,none,top,GSC_IMPRESSIONS_68D:1,GSC_AVG_POSITION:25,38.6,HIGH,/blog/inshallah-meaning-in-english,/blog/inshallah-meaning-in-english,LOW,reference,MONITOR,GSC_SEARCH_ANALYTICS_2026-06-02_TO_2026-08-08,LOW
la illah ila allah meaning,la illah ila allah meaning,informational,islamic-general,reference,United States,,none,none,none,top,GSC_IMPRESSIONS_68D:1,GSC_AVG_POSITION:39,38.6,HIGH,/blog/la-ilaha-illallah-meaning,/blog/la-ilaha-illallah-meaning,LOW,reference,MONITOR,GSC_SEARCH_ANALYTICS_2026-06-02_TO_2026-08-08,LOW
labaikallah humma labaik meaning,labaikallah humma labaik meaning,informational,islamic-terms,definition,RUS,,none,none,none,top,GSC_IMPRESSIONS_68D:1,GSC_AVG_POSITION:24,38.6,HIGH,/blog/labbaik-allahumma-labbaik,/blog/labbaik-allahumma-labbaik,LOW,definition,MONITOR,GSC_SEARCH_ANALYTICS_2026-06-02_TO_2026-08-08,LOW
lailahaillallah meaning,lailahaillallah meaning,informational,islamic-general,reference,United Kingdom,,none,none,none,top,GSC_IMPRESSIONS_68D:1,GSC_AVG_POSITION:36,38.6,HIGH,/blog/la-ilaha-illallah-meaning,/blog/la-ilaha-illallah-meaning,LOW,reference,MONITOR,GSC_SEARCH_ANALYTICS_2026-06-02_TO_2026-08-08,LOW
saad arabic letter,saad arabic letter,informational,noorani-qaida,course,United States,,none,none,none,top,GSC_IMPRESSIONS_68D:1,GSC_AVG_POSITION:40,38.6,LOW,/noorani-qaida/arabic-letters/saad,/noorani-qaida/arabic-letters/saad,LOW,course,MONITOR,GSC_SEARCH_ANALYTICS_2026-06-02_TO_2026-08-08,LOW
safar dua in english,safar dua in english,informational,duas-supplications,guide,Canada,,none,none,none,top,GSC_IMPRESSIONS_68D:1,GSC_AVG_POSITION:53,38.6,HIGH,/blog/safar-ki-dua-travel-dua-arabic-english,/blog/safar-ki-dua-travel-dua-arabic-english,LOW,guide,MONITOR,GSC_SEARCH_ANALYTICS_2026-06-02_TO_2026-08-08,LOW
salatul istikhara dua in english,salatul istikhara dua in english,informational,duas-supplications,guide,United States,,none,none,none,top,GSC_IMPRESSIONS_68D:1,GSC_AVG_POSITION:42,38.6,HIGH,/blog/dua-e-istikhara,/blog/dua-e-istikhara,LOW,guide,MONITOR,GSC_SEARCH_ANALYTICS_2026-06-02_TO_2026-08-08,LOW
surah baqarah last 2 ayats,surah baqarah last 2 ayats,informational,quran-surahs,reference,Canada,,none,none,none,top,GSC_IMPRESSIONS_68D:1,GSC_AVG_POSITION:32,38.6,MEDIUM,/blog/last-two-ayahs-surah-baqarah,/blog/last-two-ayahs-surah-baqarah,LOW,reference,MONITOR,GSC_SEARCH_ANALYTICS_2026-06-02_TO_2026-08-08,LOW
tahiyyat meaning,tahiyyat meaning,informational,salah-prayer,guide,MAR,,none,none,none,top,GSC_IMPRESSIONS_68D:1,GSC_AVG_POSITION:44,38.6,HIGH,/blog/attahiyat-full-arabic-english-tashahhud,/blog/attahiyat-full-arabic-english-tashahhud,LOW,guide,MONITOR,GSC_SEARCH_ANALYTICS_2026-06-02_TO_2026-08-08,LOW
uk muslim population census 2021,uk muslim population census 2021,informational,islamic-demographics,reference,BRA,,none,none,none,top,GSC_IMPRESSIONS_68D:1,GSC_AVG_POSITION:19,38.6,MEDIUM,/blog/muslim-population-statistics-uk-usa,/blog/muslim-population-statistics-uk-usa,LOW,reference,PROTECT,GSC_SEARCH_ANALYTICS_2026-06-02_TO_2026-08-08,LOW
uk muslim population percentage 2021 census latest estimates 2025 2026,uk muslim population percentage 2021 census latest estimates 2025 2026,informational,islamic-demographics,reference,HUN,,none,none,none,top,GSC_IMPRESSIONS_68D:1,GSC_AVG_POSITION:14,38.6,MEDIUM,/blog/muslim-population-statistics-uk-usa,/blog/muslim-population-statistics-uk-usa,LOW,reference,PROTECT,GSC_SEARCH_ANALYTICS_2026-06-02_TO_2026-08-08,LOW
uk muslim population percentage 2021 census latest estimates 2026,uk muslim population percentage 2021 census latest estimates 2026,informational,islamic-demographics,reference,BRA,,none,none,none,top,GSC_IMPRESSIONS_68D:1,GSC_AVG_POSITION:11,38.6,MEDIUM,/blog/muslim-population-statistics-uk-usa,/blog/muslim-population-statistics-uk-usa,LOW,reference,PROTECT,GSC_SEARCH_ANALYTICS_2026-06-02_TO_2026-08-08,LOW
what does allah akbar mean,what does allah akbar mean,informational,islamic-general,reference,United States,,none,none,none,top,GSC_IMPRESSIONS_68D:1,GSC_AVG_POSITION:29,38.6,HIGH,/blog/allahu-akbar-meaning-in-english,/blog/allahu-akbar-meaning-in-english,LOW,reference,MONITOR,GSC_SEARCH_ANALYTICS_2026-06-02_TO_2026-08-08,LOW
what does inshalla mean,what does inshalla mean,informational,unclustered,unknown,Canada,,none,none,none,top,GSC_IMPRESSIONS_68D:1,GSC_AVG_POSITION:50,38.6,HIGH,/blog/inshallah-meaning-in-english,/blog/inshallah-meaning-in-english,LOW,unknown,MONITOR,GSC_SEARCH_ANALYTICS_2026-06-02_TO_2026-08-08,LOW
what is darood,what is darood,informational,duas-supplications,guide,United States,,none,none,none,top,GSC_IMPRESSIONS_68D:1,GSC_AVG_POSITION:41,38.6,HIGH,/blog/darood-sharif,/blog/darood-sharif,LOW,guide,MONITOR,GSC_SEARCH_ANALYTICS_2026-06-02_TO_2026-08-08,LOW
what is mashalla,what is mashalla,informational,unclustered,unknown,United States,,none,none,none,top,GSC_IMPRESSIONS_68D:1,GSC_AVG_POSITION:39,38.6,HIGH,/blog/mashallah-meaning,/blog/mashallah-meaning,LOW,unknown,MONITOR,GSC_SEARCH_ANALYTICS_2026-06-02_TO_2026-08-08,LOW
when can we pray tahajjud,when can we pray tahajjud,informational,salah-prayer,guide,Bangladesh,,none,none,none,top,GSC_IMPRESSIONS_68D:1,GSC_AVG_POSITION:37,38.6,HIGH,/blog/tahajjud-prayer,/blog/tahajjud-prayer,LOW,guide,MONITOR,GSC_SEARCH_ANALYTICS_2026-06-02_TO_2026-08-08,LOW
where is ayatul kursi in the quran,where is ayatul kursi in the quran,informational,quran-surahs,reference,United States,,none,none,none,top,GSC_IMPRESSIONS_68D:1,GSC_AVG_POSITION:45,38.6,HIGH,/blog/ayatul-kursi-arabic-english-benefits,/blog/ayatul-kursi-arabic-english-benefits,LOW,reference,MONITOR,GSC_SEARCH_ANALYTICS_2026-06-02_TO_2026-08-08,LOW
ya in arabic meaning,ya in arabic meaning,informational,islamic-general,reference,Canada,,none,none,none,top,GSC_IMPRESSIONS_68D:1,GSC_AVG_POSITION:48,38.6,HIGH,/noorani-qaida/arabic-letters/ya,/noorani-qaida/arabic-letters/ya,LOW,reference,MONITOR,GSC_SEARCH_ANALYTICS_2026-06-02_TO_2026-08-08,LOW
yaseen meaning in english,yaseen meaning in english,informational,quran-surahs,reference,United States,,none,none,none,top,GSC_IMPRESSIONS_68D:1,GSC_AVG_POSITION:46,38.6,HIGH,/blog/surah-yaseen-arabic-english,/blog/surah-yaseen-arabic-english,LOW,reference,MONITOR,GSC_SEARCH_ANALYTICS_2026-06-02_TO_2026-08-08,LOW
ن,ن,informational,unclustered,unknown,Canada,,none,none,none,top,GSC_IMPRESSIONS_68D:1,GSC_AVG_POSITION:19,38.6,LOW,/noorani-qaida/arabic-letters/noon,/noorani-qaida/arabic-letters/noon,LOW,unknown,PROTECT,GSC_SEARCH_ANALYTICS_2026-06-02_TO_2026-08-08,LOW
in sha allah meaning in english,in sha allah meaning in english,informational,islamic-terms,definition,Bangladesh,,none,none,none,top,GSC_IMPRESSIONS_68D:6,GSC_AVG_POSITION:37.2,38.4,HIGH,/blog/inshallah-meaning-in-english,/blog/inshallah-meaning-in-english,LOW,definition,CONTENT REFRESH,GSC_SEARCH_ANALYTICS_2026-06-02_TO_2026-08-08,MEDIUM
la ilaha illallah meaning,la ilaha illallah meaning,informational,islamic-terms,definition,India,,none,none,none,top,GSC_IMPRESSIONS_68D:6,GSC_AVG_POSITION:30.8,38.4,HIGH,/blog/la-ilaha-illallah-meaning,/blog/la-ilaha-illallah-meaning,LOW,definition,CONTENT REFRESH,GSC_SEARCH_ANALYTICS_2026-06-02_TO_2026-08-08,MEDIUM
meaning of surah ikhlas,meaning of surah ikhlas,informational,quran-surahs,reference,United Kingdom,,none,none,none,top,GSC_IMPRESSIONS_68D:6,GSC_AVG_POSITION:57,38.4,HIGH,/blog/surah-ikhlas-benefits,/blog/surah-ikhlas-benefits,LOW,reference,MONITOR,GSC_SEARCH_ANALYTICS_2026-06-02_TO_2026-08-08,MEDIUM
astaghfirullah in english,astaghfirullah in english,informational,islamic-terms,definition,India,,none,none,none,top,GSC_IMPRESSIONS_68D:5,GSC_AVG_POSITION:31,38.1,HIGH,/blog/astaghfirullah-meaning,/blog/astaghfirullah-meaning,MEDIUM,definition,CONTENT REFRESH,GSC_SEARCH_ANALYTICS_2026-06-02_TO_2026-08-08,MEDIUM
ayatul kursi english and arabic,ayatul kursi english and arabic,informational,quran-surahs,reference,Australia,,none,none,none,top,GSC_IMPRESSIONS_68D:5,GSC_AVG_POSITION:44.6,38.1,MEDIUM,/blog/ayatul-kursi-arabic-english-benefits,/blog/ayatul-kursi-arabic-english-benefits,LOW,reference,CONTENT REFRESH,GSC_SEARCH_ANALYTICS_2026-06-02_TO_2026-08-08,MEDIUM
bismillah in english,bismillah in english,informational,islamic-terms,definition,CMR,,none,none,none,top,GSC_IMPRESSIONS_68D:5,GSC_AVG_POSITION:43.8,38.1,HIGH,/blog/bismillah-meaning-in-english,/blog/bismillah-meaning-in-english,LOW,definition,CONTENT REFRESH,GSC_SEARCH_ANALYTICS_2026-06-02_TO_2026-08-08,MEDIUM
durood shareef in english,durood shareef in english,informational,duas-supplications,guide,South Africa,,none,none,none,top,GSC_IMPRESSIONS_68D:5,GSC_AVG_POSITION:50.6,38.1,HIGH,/blog/darood-sharif,/blog/darood-sharif,LOW,guide,MONITOR,GSC_SEARCH_ANALYTICS_2026-06-02_TO_2026-08-08,MEDIUM
meaning of astaghfirullah,meaning of astaghfirullah,informational,islamic-terms,definition,United Kingdom,,none,none,none,top,GSC_IMPRESSIONS_68D:11,GSC_AVG_POSITION:57.7,38.1,HIGH,/blog/astaghfirullah-meaning,/blog/astaghfirullah-meaning,MEDIUM,definition,MONITOR,GSC_SEARCH_ANALYTICS_2026-06-02_TO_2026-08-08,HIGH
meaning of inshallah in english,meaning of inshallah in english,informational,islamic-terms,definition,ISR,,none,none,none,top,GSC_IMPRESSIONS_68D:5,GSC_AVG_POSITION:46.8,38.1,HIGH,/blog/inshallah-meaning-in-english,/blog/inshallah-meaning-in-english,LOW,definition,CONTENT REFRESH,GSC_SEARCH_ANALYTICS_2026-06-02_TO_2026-08-08,MEDIUM
safar ki dua in english,safar ki dua in english,informational,duas-supplications,guide,UAE,,none,none,none,top,GSC_IMPRESSIONS_68D:5,GSC_AVG_POSITION:41.2,38.1,HIGH,/blog/safar-ki-dua-travel-dua-arabic-english,/blog/safar-ki-dua-travel-dua-arabic-english,LOW,guide,CONTENT REFRESH,GSC_SEARCH_ANALYTICS_2026-06-02_TO_2026-08-08,MEDIUM
4 quls,4 quls,informational,quran-surahs,reference,Sweden,,none,none,none,top,GSC_IMPRESSIONS_68D:2,GSC_AVG_POSITION:40,38.0,LOW,/blog/4-quls,/blog/4-quls,LOW,reference,MONITOR,GSC_SEARCH_ANALYTICS_2026-06-02_TO_2026-08-08,LOW
99 names of allah translation,99 names of allah translation,informational,99-names,reference,United Kingdom,,none,none,none,top,GSC_IMPRESSIONS_68D:2,GSC_AVG_POSITION:44.5,38.0,HIGH,/blog/99-names-of-allah-asmaul-husna.html,/blog/99-names-of-allah-asmaul-husna.html,LOW,reference,MONITOR,GSC_SEARCH_ANALYTICS_2026-06-02_TO_2026-08-08,LOW
allah 99 names english meaning,allah 99 names english meaning,informational,99-names,reference,Germany,,none,none,none,top,GSC_IMPRESSIONS_68D:2,GSC_AVG_POSITION:58.5,38.0,HIGH,/blog/99-names-of-allah-asmaul-husna,/blog/99-names-of-allah-asmaul-husna,MEDIUM,reference,MONITOR,GSC_SEARCH_ANALYTICS_2026-06-02_TO_2026-08-08,LOW
allah's names in arabic,allah's names in arabic,informational,99-names,reference,Italy,,none,none,none,top,GSC_IMPRESSIONS_68D:2,GSC_AVG_POSITION:42,38.0,MEDIUM,/blog/99-names-of-allah-asmaul-husna,/blog/99-names-of-allah-asmaul-husna,LOW,reference,MONITOR,GSC_SEARCH_ANALYTICS_2026-06-02_TO_2026-08-08,LOW
allahs names in english,allahs names in english,informational,99-names,reference,United Kingdom,,none,none,none,top,GSC_IMPRESSIONS_68D:2,GSC_AVG_POSITION:50,38.0,HIGH,/blog/99-names-of-allah-asmaul-husna,/blog/99-names-of-allah-asmaul-husna,MEDIUM,reference,MONITOR,GSC_SEARCH_ANALYTICS_2026-06-02_TO_2026-08-08,LOW
baralallah,baralallah,informational,islamic-general,reference,India,,none,none,none,top,GSC_IMPRESSIONS_68D:2,GSC_AVG_POSITION:9,38.0,LOW,/blog/barakallah-meaning,/blog/barakallah-meaning,LOW,reference,PROTECT,GSC_SEARCH_ANALYTICS_2026-06-02_TO_2026-08-08,LOW
barrakallah,barrakallah,informational,islamic-general,reference,India,,none,none,none,top,GSC_IMPRESSIONS_68D:2,GSC_AVG_POSITION:9,38.0,LOW,/blog/barakallah-meaning,/blog/barakallah-meaning,LOW,reference,PROTECT,GSC_SEARCH_ANALYTICS_2026-06-02_TO_2026-08-08,LOW
bismillah english translation,bismillah english translation,informational,islamic-terms,definition,United Kingdom,,none,none,none,top,GSC_IMPRESSIONS_68D:2,GSC_AVG_POSITION:41,38.0,HIGH,/blog/bismillah-meaning-in-english,/blog/bismillah-meaning-in-english,LOW,definition,MONITOR,GSC_SEARCH_ANALYTICS_2026-06-02_TO_2026-08-08,LOW
four quls in english,four quls in english,informational,quran-surahs,reference,ECU,,none,none,none,top,GSC_IMPRESSIONS_68D:2,GSC_AVG_POSITION:40.5,38.0,HIGH,/blog/4-quls,/blog/4-quls,LOW,reference,MONITOR,GSC_SEARCH_ANALYTICS_2026-06-02_TO_2026-08-08,LOW
how do you spell inshallah,how do you spell inshallah,informational,islamic-terms,definition,United States,,none,none,none,top,GSC_IMPRESSIONS_68D:2,GSC_AVG_POSITION:48,38.0,HIGH,/blog/inshallah-meaning-in-english,/blog/inshallah-meaning-in-english,LOW,definition,MONITOR,GSC_SEARCH_ANALYTICS_2026-06-02_TO_2026-08-08,LOW
how to pronounce inshallah,how to pronounce inshallah,informational,islamic-terms,definition,United States,,none,none,none,top,GSC_IMPRESSIONS_68D:2,GSC_AVG_POSITION:44,38.0,HIGH,/blog/inshallah-meaning-in-english,/blog/inshallah-meaning-in-english,LOW,definition,MONITOR,GSC_SEARCH_ANALYTICS_2026-06-02_TO_2026-08-08,LOW
how to spell inshallah,how to spell inshallah,informational,islamic-terms,definition,United States,,none,none,none,top,GSC_IMPRESSIONS_68D:2,GSC_AVG_POSITION:49.5,38.0,HIGH,/blog/inshallah-meaning-in-english,/blog/inshallah-meaning-in-english,LOW,definition,MONITOR,GSC_SEARCH_ANALYTICS_2026-06-02_TO_2026-08-08,LOW
in sha allah means,in sha allah means,informational,islamic-terms,definition,Germany,,none,none,none,top,GSC_IMPRESSIONS_68D:2,GSC_AVG_POSITION:52,38.0,HIGH,/blog/inshallah-meaning-in-english,/blog/inshallah-meaning-in-english,LOW,definition,MONITOR,GSC_SEARCH_ANALYTICS_2026-06-02_TO_2026-08-08,LOW
la illah meaning,la illah meaning,informational,unclustered,unknown,RUS,,none,none,none,top,GSC_IMPRESSIONS_68D:2,GSC_AVG_POSITION:27.5,38.0,HIGH,/blog/la-ilaha-illallah-meaning,/blog/la-ilaha-illallah-meaning,LOW,unknown,MONITOR,GSC_SEARCH_ANALYTICS_2026-06-02_TO_2026-08-08,LOW
quran teaching near me,quran teaching near me,commercial,islamic-general,reference,Kuwait,,none,none,no-local-access,middle,GSC_IMPRESSIONS_68D:2,GSC_AVG_POSITION:44.5,38.0,MEDIUM,/locations/online-quran-classes-kuwait,/locations/online-quran-classes-kuwait,MEDIUM,reference,MONITOR,GSC_SEARCH_ANALYTICS_2026-06-02_TO_2026-08-08,LOW
sunnah way to do ghusl,sunnah way to do ghusl,informational,salah-prayer,guide,United Kingdom,,none,none,none,top,GSC_IMPRESSIONS_68D:2,GSC_AVG_POSITION:30.5,38.0,MEDIUM,/blog/how-to-do-ghusl-step-by-step,/blog/how-to-do-ghusl-step-by-step,LOW,guide,MONITOR,GSC_SEARCH_ANALYTICS_2026-06-02_TO_2026-08-08,LOW
what does inshallah,what does inshallah,informational,islamic-terms,definition,Australia,,none,none,none,top,GSC_IMPRESSIONS_68D:2,GSC_AVG_POSITION:58,38.0,HIGH,/blog/inshallah-meaning-in-english,/blog/inshallah-meaning-in-english,LOW,definition,MONITOR,GSC_SEARCH_ANALYTICS_2026-06-02_TO_2026-08-08,LOW
what does labaik allahuma labaik mean,what does labaik allahuma labaik mean,informational,islamic-terms,definition,Saudi Arabia,,none,none,none,top,GSC_IMPRESSIONS_68D:2,GSC_AVG_POSITION:28,38.0,HIGH,/blog/labbaik-allahumma-labbaik,/blog/labbaik-allahumma-labbaik,LOW,definition,MONITOR,GSC_SEARCH_ANALYTICS_2026-06-02_TO_2026-08-08,LOW
what does mean inshallah,what does mean inshallah,informational,islamic-terms,definition,Australia,,none,none,none,top,GSC_IMPRESSIONS_68D:2,GSC_AVG_POSITION:59,38.0,HIGH,/blog/inshallah-meaning-in-english,/blog/inshallah-meaning-in-english,LOW,definition,MONITOR,GSC_SEARCH_ANALYTICS_2026-06-02_TO_2026-08-08,LOW
what does subhanallah mean,what does subhanallah mean,informational,islamic-terms,definition,United Kingdom,,none,none,none,top,GSC_IMPRESSIONS_68D:2,GSC_AVG_POSITION:44,38.0,HIGH,/blog/subhanallah-meaning,/blog/subhanallah-meaning,LOW,definition,MONITOR,GSC_SEARCH_ANALYTICS_2026-06-02_TO_2026-08-08,LOW
ayatul kursi english arabic,ayatul kursi english arabic,informational,quran-surahs,reference,Australia,,none,none,none,top,GSC_IMPRESSIONS_68D:4,GSC_AVG_POSITION:40.5,37.7,MEDIUM,/blog/ayatul-kursi-arabic-english-benefits,/blog/ayatul-kursi-arabic-english-benefits,LOW,reference,MONITOR,GSC_SEARCH_ANALYTICS_2026-06-02_TO_2026-08-08,MEDIUM
inshallah meaning in urdu,inshallah meaning in urdu,informational,islamic-terms,definition,Pakistan,,none,none,none,top,GSC_IMPRESSIONS_68D:4,GSC_AVG_POSITION:38.8,37.7,HIGH,/blog/inshallah-meaning-in-english,/blog/inshallah-meaning-in-english,LOW,definition,MONITOR,GSC_SEARCH_ANALYTICS_2026-06-02_TO_2026-08-08,MEDIUM
what does inshallah mean,what does inshallah mean,informational,islamic-terms,definition,United States,,none,none,none,top,GSC_IMPRESSIONS_68D:17,GSC_AVG_POSITION:72.9,37.6,HIGH,/blog/inshallah-meaning-in-english,/blog/inshallah-meaning-in-english,LOW,definition,MONITOR,GSC_SEARCH_ANALYTICS_2026-06-02_TO_2026-08-08,HIGH
what does alhamdulillah mean,what does alhamdulillah mean,informational,islamic-terms,definition,United States,,none,none,none,top,GSC_IMPRESSIONS_68D:15,GSC_AVG_POSITION:72.1,37.4,HIGH,/blog/alhamdulillah-meaning-in-english,/blog/alhamdulillah-meaning-in-english,MEDIUM,definition,MONITOR,GSC_SEARCH_ANALYTICS_2026-06-02_TO_2026-08-08,HIGH
99 names of allah asma ul husna,99 names of allah asma ul husna,informational,99-names,reference,Netherlands,,none,none,none,top,GSC_IMPRESSIONS_68D:3,GSC_AVG_POSITION:40.3,37.3,MEDIUM,/blog/99-names-of-allah-asmaul-husna,/blog/99-names-of-allah-asmaul-husna,LOW,reference,MONITOR,GSC_SEARCH_ANALYTICS_2026-06-02_TO_2026-08-08,MEDIUM
allah names meaning,allah names meaning,informational,99-names,reference,Germany,,none,none,none,top,GSC_IMPRESSIONS_68D:3,GSC_AVG_POSITION:62.3,37.3,HIGH,/blog/99-names-of-allah-asmaul-husna,/blog/99-names-of-allah-asmaul-husna,MEDIUM,reference,MONITOR,GSC_SEARCH_ANALYTICS_2026-06-02_TO_2026-08-08,MEDIUM
asma ul husna in english with meaning,asma ul husna in english with meaning,informational,99-names,reference,India,,none,none,none,top,GSC_IMPRESSIONS_68D:3,GSC_AVG_POSITION:36.7,37.3,HIGH,/blog/99-names-of-allah-asmaul-husna,/blog/99-names-of-allah-asmaul-husna,LOW,reference,MONITOR,GSC_SEARCH_ANALYTICS_2026-06-02_TO_2026-08-08,MEDIUM
ayatul kursi and meaning,ayatul kursi and meaning,informational,quran-surahs,reference,Nigeria,,none,none,none,top,GSC_IMPRESSIONS_68D:7,GSC_AVG_POSITION:46.4,37.3,HIGH,/blog/ayatul-kursi-arabic-english-benefits,/blog/ayatul-kursi-arabic-english-benefits,LOW,reference,CONTENT REFRESH,GSC_SEARCH_ANALYTICS_2026-06-02_TO_2026-08-08,MEDIUM
dua for anxiety and overthinking,dua for anxiety and overthinking,informational,duas-supplications,guide,Germany,,none,none,none,top,GSC_IMPRESSIONS_68D:3,GSC_AVG_POSITION:44.3,37.3,MEDIUM,/blog/dua-for-anxiety-stress-depression,/blog/dua-for-anxiety-stress-depression,LOW,guide,MONITOR,GSC_SEARCH_ANALYTICS_2026-06-02_TO_2026-08-08,MEDIUM
dua for ill person,dua for ill person,informational,duas-supplications,guide,Australia,,none,none,none,top,GSC_IMPRESSIONS_68D:3,GSC_AVG_POSITION:42.7,37.3,MEDIUM,/blog/dua-for-sick-person-arabic-english,/blog/dua-for-sick-person-arabic-english,LOW,guide,MONITOR,GSC_SEARCH_ANALYTICS_2026-06-02_TO_2026-08-08,MEDIUM
hamdulillah meaning,hamdulillah meaning,informational,islamic-terms,definition,United States,,none,none,none,top,GSC_IMPRESSIONS_68D:14,GSC_AVG_POSITION:67,37.3,HIGH,/blog/alhamdulillah-meaning-in-english,/blog/alhamdulillah-meaning-in-english,MEDIUM,definition,MONITOR,GSC_SEARCH_ANALYTICS_2026-06-02_TO_2026-08-08,HIGH
how to reply to barakallah,how to reply to barakallah,informational,islamic-terms,definition,India,,none,none,none,top,GSC_IMPRESSIONS_68D:3,GSC_AVG_POSITION:28,37.3,HIGH,/blog/barakallah-meaning,/blog/barakallah-meaning,LOW,definition,MONITOR,GSC_SEARCH_ANALYTICS_2026-06-02_TO_2026-08-08,MEDIUM
ijazah quran,ijazah quran,informational,quran-learning-service,service,United States,,none,none,none,top,GSC_IMPRESSIONS_68D:3,GSC_AVG_POSITION:42.7,37.3,LOW,/blog/what-is-ijazah-in-quran-teaching,/blog/what-is-ijazah-in-quran-teaching,LOW,service,MONITOR,GSC_SEARCH_ANALYTICS_2026-06-02_TO_2026-08-08,MEDIUM
insallah meaning,insallah meaning,informational,islamic-terms,definition,Bangladesh,,none,none,none,top,GSC_IMPRESSIONS_68D:3,GSC_AVG_POSITION:38.7,37.3,HIGH,/blog/inshallah-meaning-in-english,/blog/inshallah-meaning-in-english,LOW,definition,MONITOR,GSC_SEARCH_ANALYTICS_2026-06-02_TO_2026-08-08,MEDIUM
inshallah meaning in bengali,inshallah meaning in bengali,informational,islamic-terms,definition,Bangladesh,,none,none,none,top,GSC_IMPRESSIONS_68D:3,GSC_AVG_POSITION:36.3,37.3,HIGH,/blog/inshallah-meaning-in-english,/blog/inshallah-meaning-in-english,LOW,definition,MONITOR,GSC_SEARCH_ANALYTICS_2026-06-02_TO_2026-08-08,MEDIUM
islamic months in order,islamic months in order,informational,islamic-calendar,reference,Canada,,none,none,none,top,GSC_IMPRESSIONS_68D:3,GSC_AVG_POSITION:26.7,37.3,MEDIUM,/blog/islamic-months-names-in-order,/blog/islamic-months-names-in-order,LOW,reference,MONITOR,GSC_SEARCH_ANALYTICS_2026-06-02_TO_2026-08-08,MEDIUM
learn quran online usa,learn quran online usa,commercial,islamic-general,reference,United States,,none,none,none,middle,GSC_IMPRESSIONS_68D:3,GSC_AVG_POSITION:96,37.3,MEDIUM,/locations/online-quran-classes-usa,/locations/online-quran-classes-usa,LOW,reference,CLUSTER SUPPORT,GSC_SEARCH_ANALYTICS_2026-06-02_TO_2026-08-08,MEDIUM
mashallah barakallahu feek,mashallah barakallahu feek,informational,islamic-terms,definition,OMN,,none,none,none,top,GSC_IMPRESSIONS_68D:3,GSC_AVG_POSITION:10.7,37.3,LOW,/blog/barakallah-meaning,/blog/barakallah-meaning,LOW,definition,PROTECT,GSC_SEARCH_ANALYTICS_2026-06-02_TO_2026-08-08,MEDIUM
meaning of insha allah in english,meaning of insha allah in english,informational,islamic-terms,definition,Bangladesh,,none,none,none,top,GSC_IMPRESSIONS_68D:3,GSC_AVG_POSITION:30.7,37.3,HIGH,/blog/inshallah-meaning-in-english,/blog/inshallah-meaning-in-english,LOW,definition,MONITOR,GSC_SEARCH_ANALYTICS_2026-06-02_TO_2026-08-08,MEDIUM
surah al ikhlas meaning,surah al ikhlas meaning,informational,quran-surahs,reference,United Kingdom,,none,none,none,top,GSC_IMPRESSIONS_68D:7,GSC_AVG_POSITION:64.4,37.3,HIGH,/blog/surah-ikhlas-benefits,/blog/surah-ikhlas-benefits,LOW,reference,MONITOR,GSC_SEARCH_ANALYTICS_2026-06-02_TO_2026-08-08,MEDIUM
translation of ayatul kursi,translation of ayatul kursi,informational,quran-surahs,reference,United Kingdom,,none,none,none,top,GSC_IMPRESSIONS_68D:3,GSC_AVG_POSITION:52,37.3,HIGH,/blog/ayatul-kursi-arabic-english-benefits,/blog/ayatul-kursi-arabic-english-benefits,MEDIUM,reference,MONITOR,GSC_SEARCH_ANALYTICS_2026-06-02_TO_2026-08-08,MEDIUM
99 allah names in english,99 allah names in english,informational,99-names,reference,United Kingdom,,none,none,none,top,GSC_IMPRESSIONS_68D:1,GSC_AVG_POSITION:41,37.1,HIGH,/blog/99-names-of-allah-asmaul-husna.html,/blog/99-names-of-allah-asmaul-husna.html,LOW,reference,MONITOR,GSC_SEARCH_ANALYTICS_2026-06-02_TO_2026-08-08,LOW
99 names of god in english,99 names of god in english,informational,99-names,reference,United Kingdom,,none,none,none,top,GSC_IMPRESSIONS_68D:1,GSC_AVG_POSITION:45,37.1,HIGH,/blog/99-names-of-allah-asmaul-husna.html,/blog/99-names-of-allah-asmaul-husna.html,LOW,reference,MONITOR,GSC_SEARCH_ANALYTICS_2026-06-02_TO_2026-08-08,LOW
al asma ul husna meaning,al asma ul husna meaning,informational,99-names,reference,United States,,none,none,none,top,GSC_IMPRESSIONS_68D:1,GSC_AVG_POSITION:43,37.1,HIGH,/blog/99-names-of-allah-asmaul-husna,/blog/99-names-of-allah-asmaul-husna,LOW,reference,MONITOR,GSC_SEARCH_ANALYTICS_2026-06-02_TO_2026-08-08,LOW
al hamdu allah meaning,al hamdu allah meaning,informational,islamic-general,reference,MUS,,none,none,none,top,GSC_IMPRESSIONS_68D:1,GSC_AVG_POSITION:33,37.1,HIGH,/blog/alhamdulillah-meaning-in-english,/blog/alhamdulillah-meaning-in-english,LOW,reference,MONITOR,GSC_SEARCH_ANALYTICS_2026-06-02_TO_2026-08-08,LOW
allah 99 names and meaning,allah 99 names and meaning,informational,99-names,reference,United States,,none,none,none,top,GSC_IMPRESSIONS_68D:1,GSC_AVG_POSITION:41,37.1,HIGH,/blog/99-names-of-allah-asmaul-husna,/blog/99-names-of-allah-asmaul-husna,LOW,reference,MONITOR,GSC_SEARCH_ANALYTICS_2026-06-02_TO_2026-08-08,LOW
arabic inshallah meaning,arabic inshallah meaning,informational,islamic-terms,definition,United States,,none,none,none,top,GSC_IMPRESSIONS_68D:1,GSC_AVG_POSITION:41,37.1,HIGH,/blog/inshallah-meaning-in-english,/blog/inshallah-meaning-in-english,LOW,definition,MONITOR,GSC_SEARCH_ANALYTICS_2026-06-02_TO_2026-08-08,LOW
astaghfar dua in english,astaghfar dua in english,informational,duas-supplications,guide,India,,none,none,none,top,GSC_IMPRESSIONS_68D:1,GSC_AVG_POSITION:29,37.1,HIGH,/blog/dua-for-forgiveness-istighfar,/blog/dua-for-forgiveness-istighfar,LOW,guide,MONITOR,GSC_SEARCH_ANALYTICS_2026-06-02_TO_2026-08-08,LOW
astaghfirullah betydning,astaghfirullah betydning,informational,islamic-terms,definition,Norway,,none,none,none,top,GSC_IMPRESSIONS_68D:1,GSC_AVG_POSITION:40,37.1,LOW,/blog/astaghfirullah-meaning,/blog/astaghfirullah-meaning,LOW,definition,MONITOR,GSC_SEARCH_ANALYTICS_2026-06-02_TO_2026-08-08,LOW
astaghfirullah betyr,astaghfirullah betyr,informational,islamic-terms,definition,Norway,,none,none,none,top,GSC_IMPRESSIONS_68D:1,GSC_AVG_POSITION:37,37.1,LOW,/blog/astaghfirullah-meaning,/blog/astaghfirullah-meaning,LOW,definition,MONITOR,GSC_SEARCH_ANALYTICS_2026-06-02_TO_2026-08-08,LOW
astaghfirullah meaning arabic,astaghfirullah meaning arabic,informational,islamic-terms,definition,United States,,none,none,none,top,GSC_IMPRESSIONS_68D:1,GSC_AVG_POSITION:47,37.1,HIGH,/blog/astaghfirullah-meaning,/blog/astaghfirullah-meaning,LOW,definition,MONITOR,GSC_SEARCH_ANALYTICS_2026-06-02_TO_2026-08-08,LOW
astaghfirullah meaning in arabic,astaghfirullah meaning in arabic,informational,islamic-terms,definition,United States,,none,none,none,top,GSC_IMPRESSIONS_68D:1,GSC_AVG_POSITION:47,37.1,HIGH,/blog/astaghfirullah-meaning,/blog/astaghfirullah-meaning,LOW,definition,MONITOR,GSC_SEARCH_ANALYTICS_2026-06-02_TO_2026-08-08,LOW
attahiyatul,attahiyatul,informational,salah-prayer,guide,Singapore,,none,none,none,top,GSC_IMPRESSIONS_68D:1,GSC_AVG_POSITION:26,37.1,LOW,/blog/attahiyat-full-arabic-english-tashahhud,/blog/attahiyat-full-arabic-english-tashahhud,LOW,guide,MONITOR,GSC_SEARCH_ANALYTICS_2026-06-02_TO_2026-08-08,LOW
baraakallah,baraakallah,informational,islamic-general,reference,India,,none,none,none,top,GSC_IMPRESSIONS_68D:1,GSC_AVG_POSITION:9,37.1,LOW,/blog/barakallah-meaning,/blog/barakallah-meaning,LOW,reference,PROTECT,GSC_SEARCH_ANALYTICS_2026-06-02_TO_2026-08-08,LOW
barakaallah,barakaallah,informational,islamic-general,reference,India,,none,none,none,top,GSC_IMPRESSIONS_68D:1,GSC_AVG_POSITION:10,37.1,LOW,/blog/barakallah-meaning,/blog/barakallah-meaning,LOW,reference,PROTECT,GSC_SEARCH_ANALYTICS_2026-06-02_TO_2026-08-08,LOW
barokallah,barokallah,informational,islamic-general,reference,Bangladesh,,none,none,none,top,GSC_IMPRESSIONS_68D:1,GSC_AVG_POSITION:8,37.1,LOW,/blog/barakallah-meaning,/blog/barakallah-meaning,LOW,reference,PROTECT,GSC_SEARCH_ANALYTICS_2026-06-02_TO_2026-08-08,LOW
bismillah in english language,bismillah in english language,informational,islamic-terms,definition,United States,,none,none,none,top,GSC_IMPRESSIONS_68D:1,GSC_AVG_POSITION:47,37.1,HIGH,/blog/bismillah-meaning-in-english,/blog/bismillah-meaning-in-english,LOW,definition,MONITOR,GSC_SEARCH_ANALYTICS_2026-06-02_TO_2026-08-08,LOW
bismillah in english meaning,bismillah in english meaning,informational,islamic-terms,definition,United States,,none,none,none,top,GSC_IMPRESSIONS_68D:1,GSC_AVG_POSITION:50,37.1,HIGH,/blog/bismillah-meaning-in-english,/blog/bismillah-meaning-in-english,LOW,definition,MONITOR,GSC_SEARCH_ANALYTICS_2026-06-02_TO_2026-08-08,LOW
bismillah meaning in arabic,bismillah meaning in arabic,informational,islamic-terms,definition,United States,,none,none,none,top,GSC_IMPRESSIONS_68D:1,GSC_AVG_POSITION:49,37.1,HIGH,/blog/bismillah-meaning-in-english,/blog/bismillah-meaning-in-english,LOW,definition,MONITOR,GSC_SEARCH_ANALYTICS_2026-06-02_TO_2026-08-08,LOW
can christians say allahu akbar,can christians say allahu akbar,informational,islamic-terms,definition,United States,,none,none,none,top,GSC_IMPRESSIONS_68D:1,GSC_AVG_POSITION:44,37.1,HIGH,/blog/allahu-akbar-meaning-in-english,/blog/allahu-akbar-meaning-in-english,LOW,definition,MONITOR,GSC_SEARCH_ANALYTICS_2026-06-02_TO_2026-08-08,LOW
darood sharif meaning,darood sharif meaning,informational,duas-supplications,guide,India,,none,none,none,top,GSC_IMPRESSIONS_68D:1,GSC_AVG_POSITION:30,37.1,HIGH,/blog/darood-sharif,/blog/darood-sharif,LOW,guide,MONITOR,GSC_SEARCH_ANALYTICS_2026-06-02_TO_2026-08-08,LOW
define inshallah in english,define inshallah in english,informational,islamic-terms,definition,United States,,none,none,none,top,GSC_IMPRESSIONS_68D:1,GSC_AVG_POSITION:46,37.1,HIGH,/blog/inshallah-meaning-in-english,/blog/inshallah-meaning-in-english,LOW,definition,MONITOR,GSC_SEARCH_ANALYTICS_2026-06-02_TO_2026-08-08,LOW
definition of allahu akbar,definition of allahu akbar,informational,islamic-terms,definition,United States,,none,none,none,top,GSC_IMPRESSIONS_68D:1,GSC_AVG_POSITION:47,37.1,HIGH,/blog/allahu-akbar-meaning-in-english,/blog/allahu-akbar-meaning-in-english,LOW,definition,MONITOR,GSC_SEARCH_ANALYTICS_2026-06-02_TO_2026-08-08,LOW
dua a masura in english,dua a masura in english,informational,duas-supplications,guide,India,,none,none,none,top,GSC_IMPRESSIONS_68D:1,GSC_AVG_POSITION:29,37.1,HIGH,/blog/dua-e-masura-arabic-english,/blog/dua-e-masura-arabic-english,LOW,guide,MONITOR,GSC_SEARCH_ANALYTICS_2026-06-02_TO_2026-08-08,LOW
dua for journey in english,dua for journey in english,informational,duas-supplications,guide,India,,none,none,none,top,GSC_IMPRESSIONS_68D:1,GSC_AVG_POSITION:37,37.1,HIGH,/blog/safar-ki-dua-travel-dua-arabic-english,/blog/safar-ki-dua-travel-dua-arabic-english,LOW,guide,MONITOR,GSC_SEARCH_ANALYTICS_2026-06-02_TO_2026-08-08,LOW
durood sharif dua in english,durood sharif dua in english,informational,duas-supplications,guide,India,,none,none,none,top,GSC_IMPRESSIONS_68D:1,GSC_AVG_POSITION:21,37.1,HIGH,/blog/darood-sharif,/blog/darood-sharif,LOW,guide,MONITOR,GSC_SEARCH_ANALYTICS_2026-06-02_TO_2026-08-08,LOW
en shalla meaning,en shalla meaning,informational,islamic-terms,definition,United States,,none,none,none,top,GSC_IMPRESSIONS_68D:1,GSC_AVG_POSITION:42,37.1,HIGH,/blog/inshallah-meaning-in-english,/blog/inshallah-meaning-in-english,LOW,definition,MONITOR,GSC_SEARCH_ANALYTICS_2026-06-02_TO_2026-08-08,LOW
faitg,faitg,informational,unclustered,unknown,Pakistan,,none,none,none,top,GSC_IMPRESSIONS_68D:1,GSC_AVG_POSITION:5,37.1,LOW,/,/,LOW,unknown,PROTECT,GSC_SEARCH_ANALYTICS_2026-06-02_TO_2026-08-08,LOW
faith,faith,informational,unclustered,unknown,Pakistan,,none,none,none,top,GSC_IMPRESSIONS_68D:1,GSC_AVG_POSITION:6,37.1,LOW,/,/,LOW,unknown,PROTECT,GSC_SEARCH_ANALYTICS_2026-06-02_TO_2026-08-08,LOW
how to do ghusal,how to do ghusal,informational,unclustered,unknown,MEX,,none,none,none,top,GSC_IMPRESSIONS_68D:1,GSC_AVG_POSITION:32,37.1,HIGH,/blog/how-to-do-ghusl-step-by-step,/blog/how-to-do-ghusl-step-by-step,LOW,unknown,MONITOR,GSC_SEARCH_ANALYTICS_2026-06-02_TO_2026-08-08,LOW
how to pronounce bismillah,how to pronounce bismillah,informational,islamic-terms,definition,United States,,none,none,none,top,GSC_IMPRESSIONS_68D:1,GSC_AVG_POSITION:43,37.1,HIGH,/blog/bismillah-meaning-in-english,/blog/bismillah-meaning-in-english,LOW,definition,MONITOR,GSC_SEARCH_ANALYTICS_2026-06-02_TO_2026-08-08,LOW
how to read the quran in 30 days,how to read the quran in 30 days,informational,islamic-general,reference,Vietnam,,none,quran-reading,none,top,GSC_IMPRESSIONS_68D:1,GSC_AVG_POSITION:33,37.1,HIGH,/blog/finish-quran-in-ramadan-30-day-plan,/blog/finish-quran-in-ramadan-30-day-plan,LOW,reference,MONITOR,GSC_SEARCH_ANALYTICS_2026-06-02_TO_2026-08-08,LOW
insha’allah meaning,insha’allah meaning,informational,islamic-general,reference,Vietnam,,none,none,none,top,GSC_IMPRESSIONS_68D:1,GSC_AVG_POSITION:28,37.1,HIGH,/blog/inshallah-meaning-in-english,/blog/inshallah-meaning-in-english,LOW,reference,MONITOR,GSC_SEARCH_ANALYTICS_2026-06-02_TO_2026-08-08,LOW
kursi in english meaning,kursi in english meaning,informational,quran-surahs,reference,India,,none,none,none,top,GSC_IMPRESSIONS_68D:1,GSC_AVG_POSITION:34,37.1,HIGH,/blog/ayatul-kursi-arabic-english-benefits,/blog/ayatul-kursi-arabic-english-benefits,LOW,reference,MONITOR,GSC_SEARCH_ANALYTICS_2026-06-02_TO_2026-08-08,LOW
kursi meaning in english,kursi meaning in english,informational,quran-surahs,reference,India,,none,none,none,top,GSC_IMPRESSIONS_68D:1,GSC_AVG_POSITION:24,37.1,HIGH,/blog/ayatul-kursi-arabic-english-benefits,/blog/ayatul-kursi-arabic-english-benefits,LOW,reference,MONITOR,GSC_SEARCH_ANALYTICS_2026-06-02_TO_2026-08-08,LOW
kursi translation,kursi translation,informational,quran-surahs,reference,Nigeria,,none,none,none,top,GSC_IMPRESSIONS_68D:1,GSC_AVG_POSITION:31,37.1,HIGH,/blog/ayatul-kursi-arabic-english-benefits,/blog/ayatul-kursi-arabic-english-benefits,LOW,reference,MONITOR,GSC_SEARCH_ANALYTICS_2026-06-02_TO_2026-08-08,LOW
la hila illallah meaning,la hila illallah meaning,informational,islamic-general,reference,Vietnam,,none,none,none,top,GSC_IMPRESSIONS_68D:1,GSC_AVG_POSITION:34,37.1,HIGH,/blog/la-ilaha-illallah-meaning,/blog/la-ilaha-illallah-meaning,LOW,reference,MONITOR,GSC_SEARCH_ANALYTICS_2026-06-02_TO_2026-08-08,LOW
mashalla meaning,mashalla meaning,informational,unclustered,unknown,Spain,,none,none,none,top,GSC_IMPRESSIONS_68D:1,GSC_AVG_POSITION:82,37.1,HIGH,/blog/mashallah-meaning.html,/blog/mashallah-meaning.html,LOW,unknown,MONITOR,GSC_SEARCH_ANALYTICS_2026-06-02_TO_2026-08-08,LOW
meaning mashallah,meaning mashallah,informational,islamic-terms,definition,Netherlands,,none,none,none,top,GSC_IMPRESSIONS_68D:1,GSC_AVG_POSITION:86,37.1,HIGH,/blog/mashallah-meaning.html,/blog/mashallah-meaning.html,LOW,definition,MONITOR,GSC_SEARCH_ANALYTICS_2026-06-02_TO_2026-08-08,LOW
meaning of asmaul husna,meaning of asmaul husna,informational,99-names,reference,Canada,,none,none,none,top,GSC_IMPRESSIONS_68D:1,GSC_AVG_POSITION:56,37.1,HIGH,/blog/99-names-of-allah-asmaul-husna,/blog/99-names-of-allah-asmaul-husna,LOW,reference,MONITOR,GSC_SEARCH_ANALYTICS_2026-06-02_TO_2026-08-08,LOW
meaning of la ilaha illallah,meaning of la ilaha illallah,informational,islamic-terms,definition,United States,,none,none,none,top,GSC_IMPRESSIONS_68D:1,GSC_AVG_POSITION:49,37.1,HIGH,/blog/la-ilaha-illallah-meaning,/blog/la-ilaha-illallah-meaning,LOW,definition,MONITOR,GSC_SEARCH_ANALYTICS_2026-06-02_TO_2026-08-08,LOW
meaning of subhanallah in english,meaning of subhanallah in english,informational,islamic-terms,definition,United Kingdom,,none,none,none,top,GSC_IMPRESSIONS_68D:1,GSC_AVG_POSITION:46,37.1,HIGH,/blog/subhanallah-meaning,/blog/subhanallah-meaning,LOW,definition,MONITOR,GSC_SEARCH_ANALYTICS_2026-06-02_TO_2026-08-08,LOW
or in pakistan,or in pakistan,informational,unclustered,unknown,Pakistan,,none,none,none,top,GSC_IMPRESSIONS_68D:1,GSC_AVG_POSITION:6,37.1,LOW,/pricing,/pricing,LOW,unknown,PROTECT,GSC_SEARCH_ANALYTICS_2026-06-02_TO_2026-08-08,LOW
rabbana atina translation,rabbana atina translation,informational,duas-supplications,guide,Vietnam,,none,none,none,top,GSC_IMPRESSIONS_68D:1,GSC_AVG_POSITION:42,37.1,HIGH,/blog/rabbana-atina-fid-dunya,/blog/rabbana-atina-fid-dunya,LOW,guide,MONITOR,GSC_SEARCH_ANALYTICS_2026-06-02_TO_2026-08-08,LOW
sajada wajhiya,sajada wajhiya,informational,unclustered,unknown,Pakistan,,none,none,none,top,GSC_IMPRESSIONS_68D:1,GSC_AVG_POSITION:9,37.1,LOW,/blog/sajdah-tilawat-dua-arabic-english,/blog/sajdah-tilawat-dua-arabic-english,LOW,unknown,PROTECT,GSC_SEARCH_ANALYTICS_2026-06-02_TO_2026-08-08,LOW
shallah meaning in english,shallah meaning in english,informational,islamic-general,reference,Philippines,,none,none,none,top,GSC_IMPRESSIONS_68D:1,GSC_AVG_POSITION:32,37.1,HIGH,/blog/inshallah-meaning-in-english,/blog/inshallah-meaning-in-english,LOW,reference,MONITOR,GSC_SEARCH_ANALYTICS_2026-06-02_TO_2026-08-08,LOW
subhan allah meaning in english,subhan allah meaning in english,informational,islamic-terms,definition,United Kingdom,,none,none,none,top,GSC_IMPRESSIONS_68D:1,GSC_AVG_POSITION:41,37.1,HIGH,/blog/subhanallah-meaning,/blog/subhanallah-meaning,LOW,definition,MONITOR,GSC_SEARCH_ANALYTICS_2026-06-02_TO_2026-08-08,LOW
subhanallah meaning in english,subhanallah meaning in english,informational,islamic-terms,definition,United Kingdom,,none,none,none,top,GSC_IMPRESSIONS_68D:1,GSC_AVG_POSITION:41,37.1,HIGH,/blog/subhanallah-meaning,/blog/subhanallah-meaning,LOW,definition,MONITOR,GSC_SEARCH_ANALYTICS_2026-06-02_TO_2026-08-08,LOW
surah ikhlas meaning,surah ikhlas meaning,informational,quran-surahs,reference,UAE,,none,none,none,top,GSC_IMPRESSIONS_68D:13,GSC_AVG_POSITION:50.7,37.1,HIGH,/blog/surah-ikhlas-benefits,/blog/surah-ikhlas-benefits,LOW,reference,MONITOR,GSC_SEARCH_ANALYTICS_2026-06-02_TO_2026-08-08,HIGH
surah rahman meaning,surah rahman meaning,informational,quran-surahs,reference,Australia,,none,none,none,top,GSC_IMPRESSIONS_68D:1,GSC_AVG_POSITION:90,37.1,HIGH,/blog/surah-rahman-benefits,/blog/surah-rahman-benefits,LOW,reference,MONITOR,GSC_SEARCH_ANALYTICS_2026-06-02_TO_2026-08-08,LOW
surah tashahhud in english,surah tashahhud in english,informational,quran-surahs,reference,Pakistan,,none,none,none,top,GSC_IMPRESSIONS_68D:1,GSC_AVG_POSITION:29,37.1,HIGH,/blog/attahiyat-full-arabic-english-tashahhud,/blog/attahiyat-full-arabic-english-tashahhud,LOW,reference,MONITOR,GSC_SEARCH_ANALYTICS_2026-06-02_TO_2026-08-08,LOW
travelling dua in english,travelling dua in english,informational,duas-supplications,guide,Canada,,none,none,none,top,GSC_IMPRESSIONS_68D:1,GSC_AVG_POSITION:62,37.1,HIGH,/blog/safar-ki-dua-travel-dua-arabic-english,/blog/safar-ki-dua-travel-dua-arabic-english,LOW,guide,MONITOR,GSC_SEARCH_ANALYTICS_2026-06-02_TO_2026-08-08,LOW
wazifa,wazifa,informational,duas-supplications,guide,AFG,,none,none,none,top,GSC_IMPRESSIONS_68D:1,GSC_AVG_POSITION:11,37.1,LOW,/blog/what-is-wazifa-in-islam,/blog/what-is-wazifa-in-islam,LOW,guide,PROTECT,GSC_SEARCH_ANALYTICS_2026-06-02_TO_2026-08-08,LOW
what break wudu,what break wudu,informational,salah-prayer,guide,United Kingdom,,none,none,none,top,GSC_IMPRESSIONS_68D:1,GSC_AVG_POSITION:53,37.1,HIGH,/blog/what-breaks-wudu,/blog/what-breaks-wudu,LOW,guide,MONITOR,GSC_SEARCH_ANALYTICS_2026-06-02_TO_2026-08-08,LOW
what breaks wudhu,what breaks wudhu,informational,salah-prayer,guide,United Kingdom,,none,none,none,top,GSC_IMPRESSIONS_68D:1,GSC_AVG_POSITION:51,37.1,HIGH,/blog/what-breaks-wudu,/blog/what-breaks-wudu,LOW,guide,MONITOR,GSC_SEARCH_ANALYTICS_2026-06-02_TO_2026-08-08,LOW
what does allahakbar mean,what does allahakbar mean,informational,islamic-general,reference,MEX,,none,none,none,top,GSC_IMPRESSIONS_68D:1,GSC_AVG_POSITION:38,37.1,HIGH,/blog/allahu-akbar-meaning-in-english,/blog/allahu-akbar-meaning-in-english,LOW,reference,MONITOR,GSC_SEARCH_ANALYTICS_2026-06-02_TO_2026-08-08,LOW
what does astaghfirullah,what does astaghfirullah,informational,islamic-terms,definition,United States,,none,none,none,top,GSC_IMPRESSIONS_68D:1,GSC_AVG_POSITION:47,37.1,HIGH,/blog/astaghfirullah-meaning,/blog/astaghfirullah-meaning,LOW,definition,MONITOR,GSC_SEARCH_ANALYTICS_2026-06-02_TO_2026-08-08,LOW
what is tahajjud prayer,what is tahajjud prayer,informational,salah-prayer,guide,UAE,,none,none,none,top,GSC_IMPRESSIONS_68D:1,GSC_AVG_POSITION:46,37.1,HIGH,/blog/tahajjud-prayer,/blog/tahajjud-prayer,LOW,guide,MONITOR,GSC_SEARCH_ANALYTICS_2026-06-02_TO_2026-08-08,LOW
what is the 99 names of allah,what is the 99 names of allah,informational,99-names,reference,United States,,none,none,none,top,GSC_IMPRESSIONS_68D:1,GSC_AVG_POSITION:46,37.1,HIGH,/blog/99-names-of-allah-asmaul-husna,/blog/99-names-of-allah-asmaul-husna,LOW,reference,MONITOR,GSC_SEARCH_ANALYTICS_2026-06-02_TO_2026-08-08,LOW
what is the best time to pray tahajjud,what is the best time to pray tahajjud,informational,salah-prayer,guide,UAE,,none,none,none,top,GSC_IMPRESSIONS_68D:1,GSC_AVG_POSITION:48,37.1,HIGH,/blog/tahajjud-prayer,/blog/tahajjud-prayer,LOW,guide,MONITOR,GSC_SEARCH_ANALYTICS_2026-06-02_TO_2026-08-08,LOW
what time to pray tahajjud,what time to pray tahajjud,informational,salah-prayer,guide,United Kingdom,,none,none,none,top,GSC_IMPRESSIONS_68D:1,GSC_AVG_POSITION:52,37.1,HIGH,/blog/tahajjud-prayer,/blog/tahajjud-prayer,LOW,guide,MONITOR,GSC_SEARCH_ANALYTICS_2026-06-02_TO_2026-08-08,LOW
when is tahajjud prayer,when is tahajjud prayer,informational,salah-prayer,guide,United Kingdom,,none,none,none,top,GSC_IMPRESSIONS_68D:1,GSC_AVG_POSITION:53,37.1,HIGH,/blog/tahajjud-prayer,/blog/tahajjud-prayer,LOW,guide,MONITOR,GSC_SEARCH_ANALYTICS_2026-06-02_TO_2026-08-08,LOW
when to use inshallah,when to use inshallah,informational,islamic-terms,definition,United States,,none,none,none,top,GSC_IMPRESSIONS_68D:1,GSC_AVG_POSITION:43,37.1,HIGH,/blog/inshallah-meaning-in-english,/blog/inshallah-meaning-in-english,LOW,definition,MONITOR,GSC_SEARCH_ANALYTICS_2026-06-02_TO_2026-08-08,LOW
تركيا,تركيا,informational,unclustered,unknown,Turkey,,none,none,none,top,GSC_IMPRESSIONS_68D:1,GSC_AVG_POSITION:9,37.1,LOW,/locations/online-quran-classes-turkey,/locations/online-quran-classes-turkey,LOW,unknown,PROTECT,GSC_SEARCH_ANALYTICS_2026-06-02_TO_2026-08-08,LOW
alhamdulillah meaning in english,alhamdulillah meaning in english,informational,islamic-terms,definition,GHA,,none,none,none,top,GSC_IMPRESSIONS_68D:26,GSC_AVG_POSITION:67,37.0,HIGH,/blog/alhamdulillah-meaning-in-english,/blog/alhamdulillah-meaning-in-english,MEDIUM,definition,MONITOR,GSC_SEARCH_ANALYTICS_2026-06-02_TO_2026-08-08,HIGH
asmaul husna meaning,asmaul husna meaning,informational,99-names,reference,United States,,none,none,none,top,GSC_IMPRESSIONS_68D:6,GSC_AVG_POSITION:51.8,37.0,HIGH,/blog/99-names-of-allah-asmaul-husna,/blog/99-names-of-allah-asmaul-husna,MEDIUM,reference,MONITOR,GSC_SEARCH_ANALYTICS_2026-06-02_TO_2026-08-08,MEDIUM
astaghfar meaning,astaghfar meaning,informational,duas-supplications,guide,United States,,none,none,none,top,GSC_IMPRESSIONS_68D:6,GSC_AVG_POSITION:65.5,37.0,HIGH,/blog/astaghfirullah-meaning,/blog/astaghfirullah-meaning,MEDIUM,guide,MONITOR,GSC_SEARCH_ANALYTICS_2026-06-02_TO_2026-08-08,MEDIUM
meaning inshallah,meaning inshallah,informational,islamic-terms,definition,United Kingdom,,none,none,none,top,GSC_IMPRESSIONS_68D:6,GSC_AVG_POSITION:54.8,37.0,HIGH,/blog/inshallah-meaning-in-english,/blog/inshallah-meaning-in-english,LOW,definition,MONITOR,GSC_SEARCH_ANALYTICS_2026-06-02_TO_2026-08-08,MEDIUM
99 names of allah,99 names of allah,informational,99-names,reference,United States,,none,none,none,top,GSC_IMPRESSIONS_68D:93,GSC_AVG_POSITION:58.1,36.9,MEDIUM,/blog/99-names-of-allah-asmaul-husna,/blog/99-names-of-allah-asmaul-husna,MEDIUM,reference,MONITOR,GSC_SEARCH_ANALYTICS_2026-06-02_TO_2026-08-08,HIGH
dua masura arabic,dua masura arabic,informational,duas-supplications,guide,India,,none,none,none,top,GSC_IMPRESSIONS_68D:5,GSC_AVG_POSITION:10.2,36.7,LOW,/blog/dua-e-masura-arabic-english,/blog/dua-e-masura-arabic-english,LOW,guide,PROTECT,GSC_SEARCH_ANALYTICS_2026-06-02_TO_2026-08-08,MEDIUM
mashallah meaning,mashallah meaning,informational,islamic-terms,definition,United States,,none,none,none,top,GSC_IMPRESSIONS_68D:11,GSC_AVG_POSITION:89.1,36.7,HIGH,/blog/mashallah-meaning.html,/blog/mashallah-meaning.html,LOW,definition,MONITOR,GSC_SEARCH_ANALYTICS_2026-06-02_TO_2026-08-08,HIGH
alhamdulillah means,alhamdulillah means,informational,islamic-terms,definition,LTU,,none,none,none,top,GSC_IMPRESSIONS_68D:21,GSC_AVG_POSITION:67.8,36.6,HIGH,/blog/alhamdulillah-meaning-in-english,/blog/alhamdulillah-meaning-in-english,MEDIUM,definition,MONITOR,GSC_SEARCH_ANALYTICS_2026-06-02_TO_2026-08-08,HIGH
allah names and meaning in english,allah names and meaning in english,informational,99-names,reference,Pakistan,,none,none,none,top,GSC_IMPRESSIONS_68D:2,GSC_AVG_POSITION:32.5,36.6,HIGH,/blog/99-names-of-allah-asmaul-husna,/blog/99-names-of-allah-asmaul-husna,LOW,reference,MONITOR,GSC_SEARCH_ANALYTICS_2026-06-02_TO_2026-08-08,LOW
asma ul husna meaning in english,asma ul husna meaning in english,informational,99-names,reference,India,,none,none,none,top,GSC_IMPRESSIONS_68D:2,GSC_AVG_POSITION:23.5,36.6,HIGH,/blog/99-names-of-allah-asmaul-husna,/blog/99-names-of-allah-asmaul-husna,LOW,reference,MONITOR,GSC_SEARCH_ANALYTICS_2026-06-02_TO_2026-08-08,LOW
ayatul kursi arabic and english,ayatul kursi arabic and english,informational,quran-surahs,reference,Australia,,none,none,none,top,GSC_IMPRESSIONS_68D:2,GSC_AVG_POSITION:41,36.6,MEDIUM,/blog/ayatul-kursi-arabic-english-benefits,/blog/ayatul-kursi-arabic-english-benefits,LOW,reference,MONITOR,GSC_SEARCH_ANALYTICS_2026-06-02_TO_2026-08-08,LOW
barakalahu,barakalahu,informational,islamic-terms,definition,ETH,,none,none,none,top,GSC_IMPRESSIONS_68D:2,GSC_AVG_POSITION:11,36.6,LOW,/blog/barakallah-meaning,/blog/barakallah-meaning,LOW,definition,PROTECT,GSC_SEARCH_ANALYTICS_2026-06-02_TO_2026-08-08,LOW
barakallahu feekum meaning in english,barakallahu feekum meaning in english,informational,islamic-terms,definition,Bangladesh,,none,none,none,top,GSC_IMPRESSIONS_68D:2,GSC_AVG_POSITION:27.5,36.6,HIGH,/blog/barakallah-meaning,/blog/barakallah-meaning,LOW,definition,MONITOR,GSC_SEARCH_ANALYTICS_2026-06-02_TO_2026-08-08,LOW
dua e istikhara in english transliteration,dua e istikhara in english transliteration,informational,duas-supplications,guide,United States,,none,none,none,top,GSC_IMPRESSIONS_68D:2,GSC_AVG_POSITION:52.5,36.6,HIGH,/blog/dua-e-istikhara,/blog/dua-e-istikhara,LOW,guide,MONITOR,GSC_SEARCH_ANALYTICS_2026-06-02_TO_2026-08-08,LOW
dua for tension relief,dua for tension relief,informational,duas-supplications,guide,United Kingdom,,none,none,none,top,GSC_IMPRESSIONS_68D:2,GSC_AVG_POSITION:38.5,36.6,MEDIUM,/blog/dua-for-anxiety-stress-depression,/blog/dua-for-anxiety-stress-depression,LOW,guide,MONITOR,GSC_SEARCH_ANALYTICS_2026-06-02_TO_2026-08-08,LOW
how to ghusl,how to ghusl,informational,salah-prayer,guide,United Kingdom,,none,none,none,top,GSC_IMPRESSIONS_68D:2,GSC_AVG_POSITION:69,36.6,HIGH,/blog/how-to-do-ghusl-step-by-step,/blog/how-to-do-ghusl-step-by-step,LOW,guide,MONITOR,GSC_SEARCH_ANALYTICS_2026-06-02_TO_2026-08-08,LOW
how to perform a ghusl,how to perform a ghusl,informational,salah-prayer,guide,United States,,none,none,none,top,GSC_IMPRESSIONS_68D:2,GSC_AVG_POSITION:68.5,36.6,HIGH,/blog/how-to-do-ghusl-step-by-step,/blog/how-to-do-ghusl-step-by-step,LOW,guide,MONITOR,GSC_SEARCH_ANALYTICS_2026-06-02_TO_2026-08-08,LOW
in shaa allah meaning,in shaa allah meaning,informational,islamic-general,reference,United Kingdom,,none,none,none,top,GSC_IMPRESSIONS_68D:2,GSC_AVG_POSITION:46.5,36.6,HIGH,/blog/inshallah-meaning-in-english,/blog/inshallah-meaning-in-english,LOW,reference,MONITOR,GSC_SEARCH_ANALYTICS_2026-06-02_TO_2026-08-08,LOW
insha allah in english,insha allah in english,informational,islamic-terms,definition,India,,none,none,none,top,GSC_IMPRESSIONS_68D:2,GSC_AVG_POSITION:36.5,36.6,HIGH,/blog/inshallah-meaning-in-english,/blog/inshallah-meaning-in-english,LOW,definition,MONITOR,GSC_SEARCH_ANALYTICS_2026-06-02_TO_2026-08-08,LOW
inshallah how to write in english,inshallah how to write in english,informational,islamic-terms,definition,Bangladesh,,none,none,none,top,GSC_IMPRESSIONS_68D:2,GSC_AVG_POSITION:30.5,36.6,HIGH,/blog/inshallah-meaning-in-english,/blog/inshallah-meaning-in-english,LOW,definition,MONITOR,GSC_SEARCH_ANALYTICS_2026-06-02_TO_2026-08-08,LOW
kursi meaning,kursi meaning,informational,quran-surahs,reference,United Kingdom,,none,none,none,top,GSC_IMPRESSIONS_68D:2,GSC_AVG_POSITION:52,36.6,HIGH,/blog/ayatul-kursi-arabic-english-benefits,/blog/ayatul-kursi-arabic-english-benefits,LOW,reference,MONITOR,GSC_SEARCH_ANALYTICS_2026-06-02_TO_2026-08-08,LOW
masallah meaning,masallah meaning,informational,islamic-general,reference,Netherlands,,none,none,none,top,GSC_IMPRESSIONS_68D:2,GSC_AVG_POSITION:79,36.6,HIGH,/blog/mashallah-meaning.html,/blog/mashallah-meaning.html,LOW,reference,MONITOR,GSC_SEARCH_ANALYTICS_2026-06-02_TO_2026-08-08,LOW
meaning of in sha allah,meaning of in sha allah,informational,islamic-terms,definition,Egypt,,none,none,none,top,GSC_IMPRESSIONS_68D:2,GSC_AVG_POSITION:39,36.6,HIGH,/blog/inshallah-meaning-in-english,/blog/inshallah-meaning-in-english,LOW,definition,MONITOR,GSC_SEARCH_ANALYTICS_2026-06-02_TO_2026-08-08,LOW
meaning of surah al ikhlas,meaning of surah al ikhlas,informational,quran-surahs,reference,United Kingdom,,none,none,none,top,GSC_IMPRESSIONS_68D:2,GSC_AVG_POSITION:59,36.6,HIGH,/blog/surah-ikhlas-benefits,/blog/surah-ikhlas-benefits,LOW,reference,MONITOR,GSC_SEARCH_ANALYTICS_2026-06-02_TO_2026-08-08,LOW
meaning of tahajjud,meaning of tahajjud,informational,salah-prayer,guide,United Kingdom,,none,none,none,top,GSC_IMPRESSIONS_68D:2,GSC_AVG_POSITION:72,36.6,HIGH,/blog/tahajjud-prayer,/blog/tahajjud-prayer,LOW,guide,MONITOR,GSC_SEARCH_ANALYTICS_2026-06-02_TO_2026-08-08,LOW
noor academy pakistan,noor academy pakistan,navigational,brand,brand,Pakistan,,none,none,none,brand,GSC_IMPRESSIONS_68D:2,GSC_AVG_POSITION:33,36.6,LOW,/,/,LOW,brand,PROTECT,GSC_SEARCH_ANALYTICS_2026-06-02_TO_2026-08-08,LOW
online quran learning for beginners,online quran learning for beginners,commercial,islamic-general,reference,United States,,beginners,none,none,middle,GSC_IMPRESSIONS_68D:2,GSC_AVG_POSITION:74.5,36.6,MEDIUM,/online-quran-for-beginners,/online-quran-for-beginners,LOW,reference,CLUSTER SUPPORT,GSC_SEARCH_ANALYTICS_2026-06-02_TO_2026-08-08,LOW
safar ki dua roman english,safar ki dua roman english,informational,duas-supplications,guide,Canada,,none,none,none,top,GSC_IMPRESSIONS_68D:2,GSC_AVG_POSITION:49.5,36.6,MEDIUM,/blog/safar-ki-dua-travel-dua-arabic-english,/blog/safar-ki-dua-travel-dua-arabic-english,LOW,guide,MONITOR,GSC_SEARCH_ANALYTICS_2026-06-02_TO_2026-08-08,LOW
translate bismillah in english,translate bismillah in english,informational,islamic-terms,definition,Pakistan,,none,none,none,top,GSC_IMPRESSIONS_68D:2,GSC_AVG_POSITION:24.5,36.6,HIGH,/blog/bismillah-meaning-in-english,/blog/bismillah-meaning-in-english,LOW,definition,MONITOR,GSC_SEARCH_ANALYTICS_2026-06-02_TO_2026-08-08,LOW
waqiah meaning,waqiah meaning,informational,quran-surahs,reference,United Kingdom,,none,none,none,top,GSC_IMPRESSIONS_68D:2,GSC_AVG_POSITION:58,36.6,HIGH,/blog/surah-waqiah-benefits,/blog/surah-waqiah-benefits,LOW,reference,MONITOR,GSC_SEARCH_ANALYTICS_2026-06-02_TO_2026-08-08,LOW
what means inshallah,what means inshallah,informational,islamic-terms,definition,Nigeria,,none,none,none,top,GSC_IMPRESSIONS_68D:2,GSC_AVG_POSITION:30.5,36.6,HIGH,/blog/inshallah-meaning-in-english,/blog/inshallah-meaning-in-english,LOW,definition,MONITOR,GSC_SEARCH_ANALYTICS_2026-06-02_TO_2026-08-08,LOW
alhamdulillah means in english,alhamdulillah means in english,informational,islamic-terms,definition,United States,,none,none,none,top,GSC_IMPRESSIONS_68D:9,GSC_AVG_POSITION:68,36.3,HIGH,/blog/alhamdulillah-meaning-in-english,/blog/alhamdulillah-meaning-in-english,LOW,definition,MONITOR,GSC_SEARCH_ANALYTICS_2026-06-02_TO_2026-08-08,MEDIUM
allah 99 names with meaning,allah 99 names with meaning,informational,99-names,reference,United States,,none,none,none,top,GSC_IMPRESSIONS_68D:4,GSC_AVG_POSITION:51.2,36.3,HIGH,/blog/99-names-of-allah-asmaul-husna,/blog/99-names-of-allah-asmaul-husna,LOW,reference,MONITOR,GSC_SEARCH_ANALYTICS_2026-06-02_TO_2026-08-08,MEDIUM
bismillah translation in english,bismillah translation in english,informational,islamic-terms,definition,United States,,none,none,none,top,GSC_IMPRESSIONS_68D:4,GSC_AVG_POSITION:52,36.3,HIGH,/blog/bismillah-meaning-in-english,/blog/bismillah-meaning-in-english,LOW,definition,MONITOR,GSC_SEARCH_ANALYTICS_2026-06-02_TO_2026-08-08,MEDIUM
insha allah means,insha allah means,informational,islamic-terms,definition,UAE,,none,none,none,top,GSC_IMPRESSIONS_68D:4,GSC_AVG_POSITION:41.2,36.3,HIGH,/blog/inshallah-meaning-in-english,/blog/inshallah-meaning-in-english,LOW,definition,MONITOR,GSC_SEARCH_ANALYTICS_2026-06-02_TO_2026-08-08,MEDIUM
what are the 99 names of allah,what are the 99 names of allah,informational,99-names,reference,United States,,none,none,none,top,GSC_IMPRESSIONS_68D:4,GSC_AVG_POSITION:57.8,36.3,HIGH,/blog/99-names-of-allah-asmaul-husna,/blog/99-names-of-allah-asmaul-husna,LOW,reference,MONITOR,GSC_SEARCH_ANALYTICS_2026-06-02_TO_2026-08-08,MEDIUM
what is the meaning of surah ikhlas,what is the meaning of surah ikhlas,informational,quran-surahs,reference,United Kingdom,,none,none,none,top,GSC_IMPRESSIONS_68D:4,GSC_AVG_POSITION:63,36.3,HIGH,/blog/surah-ikhlas-benefits,/blog/surah-ikhlas-benefits,LOW,reference,MONITOR,GSC_SEARCH_ANALYTICS_2026-06-02_TO_2026-08-08,MEDIUM
الحمد لله in english,الحمد لله in english,informational,unclustered,unknown,Pakistan,,none,none,none,top,GSC_IMPRESSIONS_68D:4,GSC_AVG_POSITION:27.8,36.3,HIGH,/blog/alhamdulillah-meaning-in-english,/blog/alhamdulillah-meaning-in-english,MEDIUM,unknown,MONITOR,GSC_SEARCH_ANALYTICS_2026-06-02_TO_2026-08-08,MEDIUM
meaning of inshallah,meaning of inshallah,informational,islamic-terms,definition,BHR,,none,none,none,top,GSC_IMPRESSIONS_68D:17,GSC_AVG_POSITION:66.8,36.1,HIGH,/blog/inshallah-meaning-in-english,/blog/inshallah-meaning-in-english,LOW,definition,MONITOR,GSC_SEARCH_ANALYTICS_2026-06-02_TO_2026-08-08,HIGH
what does bismillah mean,what does bismillah mean,informational,islamic-terms,definition,India,,none,none,none,top,GSC_IMPRESSIONS_68D:8,GSC_AVG_POSITION:50,36.1,HIGH,/blog/bismillah-meaning-in-english,/blog/bismillah-meaning-in-english,LOW,definition,CONTENT REFRESH,GSC_SEARCH_ANALYTICS_2026-06-02_TO_2026-08-08,MEDIUM
99 names of allah with meaning,99 names of allah with meaning,informational,99-names,reference,GHA,,none,none,none,top,GSC_IMPRESSIONS_68D:14,GSC_AVG_POSITION:65.5,35.9,HIGH,/blog/99-names-of-allah-asmaul-husna,/blog/99-names-of-allah-asmaul-husna,MEDIUM,reference,MONITOR,GSC_SEARCH_ANALYTICS_2026-06-02_TO_2026-08-08,HIGH
al ham du lillah meaning,al ham du lillah meaning,informational,unclustered,unknown,Canada,,none,none,none,top,GSC_IMPRESSIONS_68D:3,GSC_AVG_POSITION:71,35.9,HIGH,/blog/alhamdulillah-meaning-in-english.html,/blog/alhamdulillah-meaning-in-english.html,LOW,unknown,MONITOR,GSC_SEARCH_ANALYTICS_2026-06-02_TO_2026-08-08,MEDIUM
allah hu akbar meaning,allah hu akbar meaning,informational,islamic-general,reference,India,,none,none,none,top,GSC_IMPRESSIONS_68D:3,GSC_AVG_POSITION:37.7,35.9,HIGH,/blog/allahu-akbar-meaning-in-english,/blog/allahu-akbar-meaning-in-english,LOW,reference,MONITOR,GSC_SEARCH_ANALYTICS_2026-06-02_TO_2026-08-08,MEDIUM
allah names 99 in arabic,allah names 99 in arabic,informational,99-names,reference,United Kingdom,,none,none,none,top,GSC_IMPRESSIONS_68D:3,GSC_AVG_POSITION:38.7,35.9,MEDIUM,/blog/99-names-of-allah-asmaul-husna,/blog/99-names-of-allah-asmaul-husna,MEDIUM,reference,MONITOR,GSC_SEARCH_ANALYTICS_2026-06-02_TO_2026-08-08,MEDIUM
ayatul kursi in english language,ayatul kursi in english language,informational,quran-surahs,reference,United States,,none,none,none,top,GSC_IMPRESSIONS_68D:3,GSC_AVG_POSITION:70,35.9,HIGH,/blog/ayatul-kursi-arabic-english-benefits,/blog/ayatul-kursi-arabic-english-benefits,LOW,reference,MONITOR,GSC_SEARCH_ANALYTICS_2026-06-02_TO_2026-08-08,MEDIUM
ayatul kursi meaning,ayatul kursi meaning,informational,quran-surahs,reference,UAE,,none,none,none,top,GSC_IMPRESSIONS_68D:7,GSC_AVG_POSITION:58.7,35.9,HIGH,/blog/ayatul-kursi-arabic-english-benefits,/blog/ayatul-kursi-arabic-english-benefits,MEDIUM,reference,MONITOR,GSC_SEARCH_ANALYTICS_2026-06-02_TO_2026-08-08,MEDIUM
barak allah reply,barak allah reply,informational,islamic-terms,definition,India,,none,none,none,top,GSC_IMPRESSIONS_68D:7,GSC_AVG_POSITION:10.1,35.9,LOW,/blog/barakallah-meaning,/blog/barakallah-meaning,LOW,definition,PROTECT,GSC_SEARCH_ANALYTICS_2026-06-02_TO_2026-08-08,MEDIUM
hasbunallahu wa ni mal wakeel meaning,hasbunallahu wa ni mal wakeel meaning,informational,islamic-general,reference,Bangladesh,,none,none,none,top,GSC_IMPRESSIONS_68D:3,GSC_AVG_POSITION:29.3,35.9,HIGH,/blog/hasbunallahu-wa-nimal-wakeel-meaning,/blog/hasbunallahu-wa-nimal-wakeel-meaning,LOW,reference,MONITOR,GSC_SEARCH_ANALYTICS_2026-06-02_TO_2026-08-08,MEDIUM
mashallah barakallah,mashallah barakallah,informational,islamic-terms,definition,UAE,,none,none,none,top,GSC_IMPRESSIONS_68D:3,GSC_AVG_POSITION:10.7,35.9,LOW,/blog/barakallah-meaning,/blog/barakallah-meaning,LOW,definition,PROTECT,GSC_SEARCH_ANALYTICS_2026-06-02_TO_2026-08-08,MEDIUM
meaning of ayat ul kursi,meaning of ayat ul kursi,informational,quran-surahs,reference,United Kingdom,,none,none,none,top,GSC_IMPRESSIONS_68D:3,GSC_AVG_POSITION:76.3,35.9,HIGH,/blog/ayatul-kursi-arabic-english-benefits.html,/blog/ayatul-kursi-arabic-english-benefits.html,MEDIUM,reference,MONITOR,GSC_SEARCH_ANALYTICS_2026-06-02_TO_2026-08-08,MEDIUM
meaning of insha allah,meaning of insha allah,informational,islamic-terms,definition,India,,none,none,none,top,GSC_IMPRESSIONS_68D:7,GSC_AVG_POSITION:45.4,35.9,HIGH,/blog/inshallah-meaning-in-english,/blog/inshallah-meaning-in-english,LOW,definition,CONTENT REFRESH,GSC_SEARCH_ANALYTICS_2026-06-02_TO_2026-08-08,MEDIUM
meaning of names of allah,meaning of names of allah,informational,99-names,reference,United States,,none,none,none,top,GSC_IMPRESSIONS_68D:3,GSC_AVG_POSITION:54,35.9,HIGH,/blog/99-names-of-allah-asmaul-husna,/blog/99-names-of-allah-asmaul-husna,LOW,reference,MONITOR,GSC_SEARCH_ANALYTICS_2026-06-02_TO_2026-08-08,MEDIUM
quran lessons online,quran lessons online,informational,quran-learning-service,service,Australia,,none,none,none,top,GSC_IMPRESSIONS_68D:3,GSC_AVG_POSITION:85,35.9,LOW,/locations/online-quran-classes-australia,/locations/online-quran-classes-australia,HIGH,service,DIFFERENTIATE INTENT,GSC_SEARCH_ANALYTICS_2026-06-02_TO_2026-08-08,MEDIUM
travel dua in english,travel dua in english,informational,duas-supplications,guide,United Kingdom,,none,none,none,top,GSC_IMPRESSIONS_68D:3,GSC_AVG_POSITION:61.7,35.9,HIGH,/blog/safar-ki-dua-travel-dua-arabic-english,/blog/safar-ki-dua-travel-dua-arabic-english,LOW,guide,MONITOR,GSC_SEARCH_ANALYTICS_2026-06-02_TO_2026-08-08,MEDIUM
4 quls in arabic,4 quls in arabic,informational,quran-surahs,reference,United Kingdom,,none,none,none,top,GSC_IMPRESSIONS_68D:1,GSC_AVG_POSITION:28,35.7,MEDIUM,/blog/4-quls,/blog/4-quls,LOW,reference,MONITOR,GSC_SEARCH_ANALYTICS_2026-06-02_TO_2026-08-08,LOW
99 names of ghous pak in english,99 names of ghous pak in english,informational,99-names,reference,India,,none,none,none,top,GSC_IMPRESSIONS_68D:1,GSC_AVG_POSITION:27,35.7,HIGH,/blog/99-names-of-allah-asmaul-husna,/blog/99-names-of-allah-asmaul-husna,LOW,reference,MONITOR,GSC_SEARCH_ANALYTICS_2026-06-02_TO_2026-08-08,LOW
al kursi meaning,al kursi meaning,informational,quran-surahs,reference,United States,,none,none,none,top,GSC_IMPRESSIONS_68D:1,GSC_AVG_POSITION:56,35.7,HIGH,/blog/ayatul-kursi-arabic-english-benefits,/blog/ayatul-kursi-arabic-english-benefits,LOW,reference,MONITOR,GSC_SEARCH_ANALYTICS_2026-06-02_TO_2026-08-08,LOW
alhamdu in english,alhamdu in english,informational,unclustered,unknown,United States,,none,none,none,top,GSC_IMPRESSIONS_68D:1,GSC_AVG_POSITION:46,35.7,HIGH,/blog/alhamdulillah-meaning-in-english,/blog/alhamdulillah-meaning-in-english,LOW,unknown,MONITOR,GSC_SEARCH_ANALYTICS_2026-06-02_TO_2026-08-08,LOW
alhamdulilah meaning,alhamdulilah meaning,informational,unclustered,unknown,Netherlands,,none,none,none,top,GSC_IMPRESSIONS_68D:1,GSC_AVG_POSITION:87,35.7,HIGH,/blog/alhamdulillah-meaning-in-english.html,/blog/alhamdulillah-meaning-in-english.html,LOW,unknown,MONITOR,GSC_SEARCH_ANALYTICS_2026-06-02_TO_2026-08-08,LOW
alhamdulillah in english meaning,alhamdulillah in english meaning,informational,islamic-terms,definition,MUS,,none,none,none,top,GSC_IMPRESSIONS_68D:13,GSC_AVG_POSITION:71.8,35.7,HIGH,/blog/alhamdulillah-meaning-in-english,/blog/alhamdulillah-meaning-in-english,MEDIUM,definition,MONITOR,GSC_SEARCH_ANALYTICS_2026-06-02_TO_2026-08-08,HIGH
alhamdulillah malayalam meaning,alhamdulillah malayalam meaning,informational,islamic-terms,definition,India,,none,none,none,top,GSC_IMPRESSIONS_68D:1,GSC_AVG_POSITION:25,35.7,HIGH,/blog/alhamdulillah-meaning-in-english.html,/blog/alhamdulillah-meaning-in-english.html,LOW,definition,MONITOR,GSC_SEARCH_ANALYTICS_2026-06-02_TO_2026-08-08,LOW
alhamdullilah meaning,alhamdullilah meaning,informational,unclustered,unknown,Netherlands,,none,none,none,top,GSC_IMPRESSIONS_68D:1,GSC_AVG_POSITION:85,35.7,HIGH,/blog/alhamdulillah-meaning-in-english,/blog/alhamdulillah-meaning-in-english,LOW,unknown,MONITOR,GSC_SEARCH_ANALYTICS_2026-06-02_TO_2026-08-08,LOW
allah al akbar,allah al akbar,informational,islamic-general,reference,Denmark,,none,none,none,top,GSC_IMPRESSIONS_68D:1,GSC_AVG_POSITION:26,35.7,LOW,/blog/allahu-akbar-meaning-in-english,/blog/allahu-akbar-meaning-in-english,LOW,reference,MONITOR,GSC_SEARCH_ANALYTICS_2026-06-02_TO_2026-08-08,LOW
allah names 99 in english,allah names 99 in english,informational,99-names,reference,Pakistan,,none,none,none,top,GSC_IMPRESSIONS_68D:1,GSC_AVG_POSITION:30,35.7,HIGH,/blog/99-names-of-allah-asmaul-husna,/blog/99-names-of-allah-asmaul-husna,LOW,reference,MONITOR,GSC_SEARCH_ANALYTICS_2026-06-02_TO_2026-08-08,LOW
allah names in english with meaning,allah names in english with meaning,informational,99-names,reference,India,,none,none,none,top,GSC_IMPRESSIONS_68D:1,GSC_AVG_POSITION:28,35.7,HIGH,/blog/99-names-of-allah-asmaul-husna,/blog/99-names-of-allah-asmaul-husna,LOW,reference,MONITOR,GSC_SEARCH_ANALYTICS_2026-06-02_TO_2026-08-08,LOW
allahu akbar what does it mean,allahu akbar what does it mean,informational,islamic-terms,definition,Netherlands,,none,none,none,top,GSC_IMPRESSIONS_68D:1,GSC_AVG_POSITION:43,35.7,MEDIUM,/blog/allahu-akbar-meaning-in-english,/blog/allahu-akbar-meaning-in-english,LOW,definition,MONITOR,GSC_SEARCH_ANALYTICS_2026-06-02_TO_2026-08-08,LOW
asma ul husna with english meaning,asma ul husna with english meaning,informational,99-names,reference,India,,none,none,none,top,GSC_IMPRESSIONS_68D:1,GSC_AVG_POSITION:31,35.7,HIGH,/blog/99-names-of-allah-asmaul-husna,/blog/99-names-of-allah-asmaul-husna,LOW,reference,MONITOR,GSC_SEARCH_ANALYTICS_2026-06-02_TO_2026-08-08,LOW
astagfirullah meaning,astagfirullah meaning,informational,islamic-terms,definition,Australia,,none,none,none,top,GSC_IMPRESSIONS_68D:1,GSC_AVG_POSITION:77,35.7,HIGH,/blog/astaghfirullah-meaning.html,/blog/astaghfirullah-meaning.html,LOW,definition,MONITOR,GSC_SEARCH_ANALYTICS_2026-06-02_TO_2026-08-08,LOW
athayathu english,athayathu english,informational,unclustered,unknown,United Kingdom,,none,none,none,top,GSC_IMPRESSIONS_68D:1,GSC_AVG_POSITION:16,35.7,LOW,/blog/attahiyat-full-arabic-english-tashahhud,/blog/attahiyat-full-arabic-english-tashahhud,LOW,unknown,PROTECT,GSC_SEARCH_ANALYTICS_2026-06-02_TO_2026-08-08,LOW
ayat kursi arabic text,ayat kursi arabic text,informational,quran-surahs,reference,United Kingdom,,none,none,none,top,GSC_IMPRESSIONS_68D:1,GSC_AVG_POSITION:39,35.7,MEDIUM,/blog/ayatul-kursi-arabic-english-benefits.html,/blog/ayatul-kursi-arabic-english-benefits.html,LOW,reference,MONITOR,GSC_SEARCH_ANALYTICS_2026-06-02_TO_2026-08-08,LOW
ayatul kursi full english translation,ayatul kursi full english translation,informational,quran-surahs,reference,United States,,none,none,none,top,GSC_IMPRESSIONS_68D:1,GSC_AVG_POSITION:54,35.7,HIGH,/blog/ayatul-kursi-arabic-english-benefits,/blog/ayatul-kursi-arabic-english-benefits,LOW,reference,MONITOR,GSC_SEARCH_ANALYTICS_2026-06-02_TO_2026-08-08,LOW
barakallah meaning in urdu,barakallah meaning in urdu,informational,islamic-terms,definition,Pakistan,,none,none,none,top,GSC_IMPRESSIONS_68D:1,GSC_AVG_POSITION:22,35.7,HIGH,/blog/barakallah-meaning,/blog/barakallah-meaning,LOW,definition,MONITOR,GSC_SEARCH_ANALYTICS_2026-06-02_TO_2026-08-08,LOW
barakallahu fik meaning,barakallahu fik meaning,informational,islamic-terms,definition,France,,none,none,none,top,GSC_IMPRESSIONS_68D:1,GSC_AVG_POSITION:54,35.7,HIGH,/blog/barakallah-meaning,/blog/barakallah-meaning,LOW,definition,MONITOR,GSC_SEARCH_ANALYTICS_2026-06-02_TO_2026-08-08,LOW
definition of mashallah,definition of mashallah,informational,islamic-terms,definition,Canada,,none,none,none,top,GSC_IMPRESSIONS_68D:1,GSC_AVG_POSITION:93,35.7,HIGH,/blog/mashallah-meaning.html,/blog/mashallah-meaning.html,LOW,definition,MONITOR,GSC_SEARCH_ANALYTICS_2026-06-02_TO_2026-08-08,LOW
dua for exam success in arabic,dua for exam success in arabic,informational,duas-supplications,guide,Australia,,none,none,none,top,GSC_IMPRESSIONS_68D:1,GSC_AVG_POSITION:41,35.7,MEDIUM,/blog/dua-for-success-exams,/blog/dua-for-success-exams,LOW,guide,MONITOR,GSC_SEARCH_ANALYTICS_2026-06-02_TO_2026-08-08,LOW
dua for istikhara in arabic,dua for istikhara in arabic,informational,duas-supplications,guide,Canada,,none,none,none,top,GSC_IMPRESSIONS_68D:1,GSC_AVG_POSITION:45,35.7,MEDIUM,/blog/dua-e-istikhara,/blog/dua-e-istikhara,LOW,guide,MONITOR,GSC_SEARCH_ANALYTICS_2026-06-02_TO_2026-08-08,LOW
dua for protection from nazar,dua for protection from nazar,informational,duas-supplications,guide,United States,,none,none,none,top,GSC_IMPRESSIONS_68D:1,GSC_AVG_POSITION:39,35.7,MEDIUM,/blog/evil-eye-dua-nazar-ruqyah,/blog/evil-eye-dua-nazar-ruqyah,LOW,guide,MONITOR,GSC_SEARCH_ANALYTICS_2026-06-02_TO_2026-08-08,LOW
dua for relief from stress,dua for relief from stress,informational,duas-supplications,guide,United Kingdom,,none,none,none,top,GSC_IMPRESSIONS_68D:1,GSC_AVG_POSITION:39,35.7,MEDIUM,/blog/dua-for-anxiety-stress-depression,/blog/dua-for-anxiety-stress-depression,LOW,guide,MONITOR,GSC_SEARCH_ANALYTICS_2026-06-02_TO_2026-08-08,LOW
dua for the sick person,dua for the sick person,informational,duas-supplications,guide,United States,,none,none,none,top,GSC_IMPRESSIONS_68D:1,GSC_AVG_POSITION:35,35.7,MEDIUM,/blog/dua-for-sick-person-arabic-english,/blog/dua-for-sick-person-arabic-english,LOW,guide,MONITOR,GSC_SEARCH_ANALYTICS_2026-06-02_TO_2026-08-08,LOW
dua of sajdah,dua of sajdah,informational,salah-prayer,guide,India,,none,none,none,top,GSC_IMPRESSIONS_68D:1,GSC_AVG_POSITION:11,35.7,LOW,/blog/sajdah-tilawat-dua-arabic-english,/blog/sajdah-tilawat-dua-arabic-english,LOW,guide,PROTECT,GSC_SEARCH_ANALYTICS_2026-06-02_TO_2026-08-08,LOW
dua qunoot in english arabic,dua qunoot in english arabic,informational,duas-supplications,guide,United States,,none,none,none,top,GSC_IMPRESSIONS_68D:1,GSC_AVG_POSITION:58,35.7,HIGH,/blog/dua-e-qunoot-arabic-english,/blog/dua-e-qunoot-arabic-english,LOW,guide,MONITOR,GSC_SEARCH_ANALYTICS_2026-06-02_TO_2026-08-08,LOW
dua qunoot translation,dua qunoot translation,informational,duas-supplications,guide,United Kingdom,,none,none,none,top,GSC_IMPRESSIONS_68D:1,GSC_AVG_POSITION:55,35.7,HIGH,/blog/dua-e-qunoot-arabic-english.html,/blog/dua-e-qunoot-arabic-english.html,LOW,guide,MONITOR,GSC_SEARCH_ANALYTICS_2026-06-02_TO_2026-08-08,LOW
dua to relieve stress,dua to relieve stress,informational,duas-supplications,guide,United Kingdom,,none,none,none,top,GSC_IMPRESSIONS_68D:1,GSC_AVG_POSITION:40,35.7,MEDIUM,/blog/dua-for-anxiety-stress-depression,/blog/dua-for-anxiety-stress-depression,LOW,guide,MONITOR,GSC_SEARCH_ANALYTICS_2026-06-02_TO_2026-08-08,LOW
duas for anxiety and depression,duas for anxiety and depression,informational,duas-supplications,guide,United States,,none,none,none,top,GSC_IMPRESSIONS_68D:1,GSC_AVG_POSITION:34,35.7,MEDIUM,/blog/dua-for-anxiety-stress-depression,/blog/dua-for-anxiety-stress-depression,LOW,guide,MONITOR,GSC_SEARCH_ANALYTICS_2026-06-02_TO_2026-08-08,LOW
duas for depression and anxiety,duas for depression and anxiety,informational,duas-supplications,guide,United States,,none,none,none,top,GSC_IMPRESSIONS_68D:1,GSC_AVG_POSITION:36,35.7,MEDIUM,/blog/dua-for-anxiety-stress-depression,/blog/dua-for-anxiety-stress-depression,LOW,guide,MONITOR,GSC_SEARCH_ANALYTICS_2026-06-02_TO_2026-08-08,LOW
duas for nazar evil eye,duas for nazar evil eye,informational,duas-supplications,guide,United States,,none,none,none,top,GSC_IMPRESSIONS_68D:1,GSC_AVG_POSITION:32,35.7,MEDIUM,/blog/evil-eye-dua-nazar-ruqyah,/blog/evil-eye-dua-nazar-ruqyah,LOW,guide,MONITOR,GSC_SEARCH_ANALYTICS_2026-06-02_TO_2026-08-08,LOW
durood shareef english translation,durood shareef english translation,informational,duas-supplications,guide,United States,,none,none,none,top,GSC_IMPRESSIONS_68D:1,GSC_AVG_POSITION:51,35.7,HIGH,/blog/darood-sharif,/blog/darood-sharif,LOW,guide,MONITOR,GSC_SEARCH_ANALYTICS_2026-06-02_TO_2026-08-08,LOW
durood shareef english transliteration,durood shareef english transliteration,informational,duas-supplications,guide,United States,,none,none,none,top,GSC_IMPRESSIONS_68D:1,GSC_AVG_POSITION:32,35.7,MEDIUM,/blog/darood-sharif,/blog/darood-sharif,LOW,guide,MONITOR,GSC_SEARCH_ANALYTICS_2026-06-02_TO_2026-08-08,LOW
durood sharif meaning,durood sharif meaning,informational,duas-supplications,guide,Saudi Arabia,,none,none,none,top,GSC_IMPRESSIONS_68D:1,GSC_AVG_POSITION:50,35.7,HIGH,/blog/darood-sharif,/blog/darood-sharif,LOW,guide,MONITOR,GSC_SEARCH_ANALYTICS_2026-06-02_TO_2026-08-08,LOW
full ayatul kursi in english,full ayatul kursi in english,informational,quran-surahs,reference,United States,,none,none,none,top,GSC_IMPRESSIONS_68D:1,GSC_AVG_POSITION:52,35.7,HIGH,/blog/ayatul-kursi-arabic-english-benefits,/blog/ayatul-kursi-arabic-english-benefits,LOW,reference,MONITOR,GSC_SEARCH_ANALYTICS_2026-06-02_TO_2026-08-08,LOW
hasbunallahu wa ni mal wakeel,hasbunallahu wa ni mal wakeel,informational,islamic-general,reference,Austria,,none,none,none,top,GSC_IMPRESSIONS_68D:1,GSC_AVG_POSITION:49,35.7,MEDIUM,/blog/hasbunallahu-wa-nimal-wakeel-meaning,/blog/hasbunallahu-wa-nimal-wakeel-meaning,LOW,reference,MONITOR,GSC_SEARCH_ANALYTICS_2026-06-02_TO_2026-08-08,LOW
hifz quran online free,hifz quran online free,informational,hifz-memorisation,course,United States,,none,hifz,cost,top,GSC_IMPRESSIONS_68D:1,GSC_AVG_POSITION:63,35.7,MEDIUM,/hifz-quran-online,/hifz-quran-online,LOW,course,MONITOR,GSC_SEARCH_ANALYTICS_2026-06-02_TO_2026-08-08,LOW
how to do ghusl in islam,how to do ghusl in islam,informational,salah-prayer,guide,United States,,none,none,none,top,GSC_IMPRESSIONS_68D:1,GSC_AVG_POSITION:88,35.7,HIGH,/blog/how-to-do-ghusl-step-by-step,/blog/how-to-do-ghusl-step-by-step,LOW,guide,MONITOR,GSC_SEARCH_ANALYTICS_2026-06-02_TO_2026-08-08,LOW
how to do ghusl sunni,how to do ghusl sunni,informational,salah-prayer,guide,United States,,none,none,none,top,GSC_IMPRESSIONS_68D:1,GSC_AVG_POSITION:63,35.7,HIGH,/blog/how-to-do-ghusl-step-by-step,/blog/how-to-do-ghusl-step-by-step,LOW,guide,MONITOR,GSC_SEARCH_ANALYTICS_2026-06-02_TO_2026-08-08,LOW
how to improve quran recitation voice,how to improve quran recitation voice,informational,islamic-general,reference,United Kingdom,,none,quran-reading,none,top,GSC_IMPRESSIONS_68D:1,GSC_AVG_POSITION:50,35.7,HIGH,/blog/how-to-improve-quran-recitation,/blog/how-to-improve-quran-recitation,LOW,reference,MONITOR,GSC_SEARCH_ANALYTICS_2026-06-02_TO_2026-08-08,LOW
how to make ghusl for men,how to make ghusl for men,informational,salah-prayer,guide,United States,,men,none,none,top,GSC_IMPRESSIONS_68D:1,GSC_AVG_POSITION:84,35.7,HIGH,/blog/how-to-do-ghusl-step-by-step,/blog/how-to-do-ghusl-step-by-step,LOW,guide,MONITOR,GSC_SEARCH_ANALYTICS_2026-06-02_TO_2026-08-08,LOW
in the name of allah meaning,in the name of allah meaning,informational,islamic-general,reference,United States,,none,none,none,top,GSC_IMPRESSIONS_68D:1,GSC_AVG_POSITION:41,35.7,HIGH,/blog/99-names-of-allah-asmaul-husna,/blog/99-names-of-allah-asmaul-husna,LOW,reference,MONITOR,GSC_SEARCH_ANALYTICS_2026-06-02_TO_2026-08-08,LOW
insha allah meaning in urdu,insha allah meaning in urdu,informational,islamic-terms,definition,Pakistan,,none,none,none,top,GSC_IMPRESSIONS_68D:1,GSC_AVG_POSITION:31,35.7,HIGH,/blog/inshallah-meaning-in-english,/blog/inshallah-meaning-in-english,LOW,definition,MONITOR,GSC_SEARCH_ANALYTICS_2026-06-02_TO_2026-08-08,LOW
inshallah meaning in malayalam,inshallah meaning in malayalam,informational,islamic-terms,definition,India,,none,none,none,top,GSC_IMPRESSIONS_68D:1,GSC_AVG_POSITION:34,35.7,HIGH,/blog/inshallah-meaning-in-english,/blog/inshallah-meaning-in-english,LOW,definition,MONITOR,GSC_SEARCH_ANALYTICS_2026-06-02_TO_2026-08-08,LOW
labaik allah huma labaik meaning,labaik allah huma labaik meaning,informational,islamic-terms,definition,Pakistan,,none,none,none,top,GSC_IMPRESSIONS_68D:1,GSC_AVG_POSITION:25,35.7,HIGH,/blog/labbaik-allahumma-labbaik,/blog/labbaik-allahumma-labbaik,LOW,definition,MONITOR,GSC_SEARCH_ANALYTICS_2026-06-02_TO_2026-08-08,LOW
last attahiyat full,last attahiyat full,informational,salah-prayer,guide,Pakistan,,none,none,none,top,GSC_IMPRESSIONS_68D:1,GSC_AVG_POSITION:11,35.7,LOW,/blog/attahiyat-full-arabic-english-tashahhud,/blog/attahiyat-full-arabic-english-tashahhud,LOW,guide,PROTECT,GSC_SEARCH_ANALYTICS_2026-06-02_TO_2026-08-08,LOW
last ayat of surah al baqarah,last ayat of surah al baqarah,informational,quran-surahs,reference,Germany,,none,none,none,top,GSC_IMPRESSIONS_68D:1,GSC_AVG_POSITION:44,35.7,MEDIUM,/blog/last-two-ayahs-surah-baqarah,/blog/last-two-ayahs-surah-baqarah,LOW,reference,MONITOR,GSC_SEARCH_ANALYTICS_2026-06-02_TO_2026-08-08,LOW
last ten ayat of surah baqarah,last ten ayat of surah baqarah,informational,quran-surahs,reference,United States,,none,none,none,top,GSC_IMPRESSIONS_68D:1,GSC_AVG_POSITION:32,35.7,MEDIUM,/blog/last-two-ayahs-surah-baqarah,/blog/last-two-ayahs-surah-baqarah,LOW,reference,MONITOR,GSC_SEARCH_ANALYTICS_2026-06-02_TO_2026-08-08,LOW
learn quran online for adults,learn quran online for adults,commercial,islamic-general,reference,United States,,adults,none,none,middle,GSC_IMPRESSIONS_68D:1,GSC_AVG_POSITION:83,35.7,MEDIUM,/online-quran-classes-for-adults,/online-quran-classes-for-adults,LOW,reference,CLUSTER SUPPORT,GSC_SEARCH_ANALYTICS_2026-06-02_TO_2026-08-08,LOW
mashallah and barakallah,mashallah and barakallah,informational,islamic-terms,definition,Sri Lanka,,none,none,none,top,GSC_IMPRESSIONS_68D:1,GSC_AVG_POSITION:11,35.7,LOW,/blog/barakallah-meaning,/blog/barakallah-meaning,LOW,definition,PROTECT,GSC_SEARCH_ANALYTICS_2026-06-02_TO_2026-08-08,LOW
meaning ayatul kursi,meaning ayatul kursi,informational,quran-surahs,reference,United States,,none,none,none,top,GSC_IMPRESSIONS_68D:1,GSC_AVG_POSITION:56,35.7,HIGH,/blog/ayatul-kursi-arabic-english-benefits,/blog/ayatul-kursi-arabic-english-benefits,LOW,reference,MONITOR,GSC_SEARCH_ANALYTICS_2026-06-02_TO_2026-08-08,LOW
meaning of allahu akbar,meaning of allahu akbar,informational,islamic-terms,definition,Pakistan,,none,none,none,top,GSC_IMPRESSIONS_68D:1,GSC_AVG_POSITION:36,35.7,HIGH,/blog/allahu-akbar-meaning-in-english,/blog/allahu-akbar-meaning-in-english,LOW,definition,MONITOR,GSC_SEARCH_ANALYTICS_2026-06-02_TO_2026-08-08,LOW
meaning of hasbunallahu wa ni'mal wakeel,meaning of hasbunallahu wa ni'mal wakeel,informational,islamic-general,reference,Australia,,none,none,none,top,GSC_IMPRESSIONS_68D:1,GSC_AVG_POSITION:52,35.7,HIGH,/blog/hasbunallahu-wa-nimal-wakeel-meaning,/blog/hasbunallahu-wa-nimal-wakeel-meaning,LOW,reference,MONITOR,GSC_SEARCH_ANALYTICS_2026-06-02_TO_2026-08-08,LOW
meaning of inshallah in urdu,meaning of inshallah in urdu,informational,islamic-terms,definition,Pakistan,,none,none,none,top,GSC_IMPRESSIONS_68D:1,GSC_AVG_POSITION:39,35.7,HIGH,/blog/inshallah-meaning-in-english,/blog/inshallah-meaning-in-english,LOW,definition,MONITOR,GSC_SEARCH_ANALYTICS_2026-06-02_TO_2026-08-08,LOW
meaning of surah ahad,meaning of surah ahad,informational,quran-surahs,reference,United Kingdom,,none,none,none,top,GSC_IMPRESSIONS_68D:1,GSC_AVG_POSITION:58,35.7,HIGH,/blog/surah-ikhlas-benefits,/blog/surah-ikhlas-benefits,LOW,reference,MONITOR,GSC_SEARCH_ANALYTICS_2026-06-02_TO_2026-08-08,LOW
meaning of suratul ikhlas,meaning of suratul ikhlas,informational,quran-surahs,reference,United States,,none,none,none,top,GSC_IMPRESSIONS_68D:1,GSC_AVG_POSITION:51,35.7,HIGH,/blog/surah-ikhlas-benefits,/blog/surah-ikhlas-benefits,LOW,reference,MONITOR,GSC_SEARCH_ANALYTICS_2026-06-02_TO_2026-08-08,LOW
meaning surah ikhlas,meaning surah ikhlas,informational,quran-surahs,reference,United Kingdom,,none,none,none,top,GSC_IMPRESSIONS_68D:1,GSC_AVG_POSITION:60,35.7,HIGH,/blog/surah-ikhlas-benefits,/blog/surah-ikhlas-benefits,LOW,reference,MONITOR,GSC_SEARCH_ANALYTICS_2026-06-02_TO_2026-08-08,LOW
names of allah 99 in english,names of allah 99 in english,informational,99-names,reference,Pakistan,,none,none,none,top,GSC_IMPRESSIONS_68D:1,GSC_AVG_POSITION:29,35.7,HIGH,/blog/99-names-of-allah-asmaul-husna,/blog/99-names-of-allah-asmaul-husna,LOW,reference,MONITOR,GSC_SEARCH_ANALYTICS_2026-06-02_TO_2026-08-08,LOW
online quran uk,online quran uk,commercial,islamic-general,reference,United Kingdom,,none,none,none,middle,GSC_IMPRESSIONS_68D:1,GSC_AVG_POSITION:100,35.7,MEDIUM,/locations/online-quran-classes-uk,/locations/online-quran-classes-uk,LOW,reference,CLUSTER SUPPORT,GSC_SEARCH_ANALYTICS_2026-06-02_TO_2026-08-08,LOW
prayer for rizq in islam,prayer for rizq in islam,informational,salah-prayer,guide,Philippines,,none,none,none,top,GSC_IMPRESSIONS_68D:1,GSC_AVG_POSITION:31,35.7,MEDIUM,/blog/dua-for-rizq-arabic-english,/blog/dua-for-rizq-arabic-english,LOW,guide,MONITOR,GSC_SEARCH_ANALYTICS_2026-06-02_TO_2026-08-08,LOW
qaf in arabic,qaf in arabic,informational,islamic-general,reference,United States,,none,none,none,top,GSC_IMPRESSIONS_68D:1,GSC_AVG_POSITION:16,35.7,LOW,/noorani-qaida/arabic-letters/qaf,/noorani-qaida/arabic-letters/qaf,LOW,reference,PROTECT,GSC_SEARCH_ANALYTICS_2026-06-02_TO_2026-08-08,LOW
qul huwallahu ahad meaning,qul huwallahu ahad meaning,informational,islamic-general,reference,United Kingdom,,none,none,none,top,GSC_IMPRESSIONS_68D:1,GSC_AVG_POSITION:48,35.7,HIGH,/blog/surah-ikhlas-benefits,/blog/surah-ikhlas-benefits,LOW,reference,MONITOR,GSC_SEARCH_ANALYTICS_2026-06-02_TO_2026-08-08,LOW
quran hifz online free,quran hifz online free,informational,hifz-memorisation,course,United States,,none,hifz,cost,top,GSC_IMPRESSIONS_68D:1,GSC_AVG_POSITION:77,35.7,MEDIUM,/hifz-quran-online,/hifz-quran-online,LOW,course,MONITOR,GSC_SEARCH_ANALYTICS_2026-06-02_TO_2026-08-08,LOW
quran learning games,quran learning games,commercial,islamic-general,reference,United States,,none,none,none,middle,GSC_IMPRESSIONS_68D:1,GSC_AVG_POSITION:61,35.7,MEDIUM,/noorani-qaida/guides/gamified-learning,/noorani-qaida/guides/gamified-learning,LOW,reference,CLUSTER SUPPORT,GSC_SEARCH_ANALYTICS_2026-06-02_TO_2026-08-08,LOW
read ayatul kursi in english,read ayatul kursi in english,informational,quran-surahs,reference,United States,,none,quran-reading,none,top,GSC_IMPRESSIONS_68D:1,GSC_AVG_POSITION:52,35.7,HIGH,/blog/ayatul-kursi-arabic-english-benefits,/blog/ayatul-kursi-arabic-english-benefits,LOW,reference,MONITOR,GSC_SEARCH_ANALYTICS_2026-06-02_TO_2026-08-08,LOW
safar ki dua in arabic text,safar ki dua in arabic text,informational,duas-supplications,guide,Australia,,none,none,none,top,GSC_IMPRESSIONS_68D:1,GSC_AVG_POSITION:42,35.7,MEDIUM,/blog/safar-ki-dua-travel-dua-arabic-english,/blog/safar-ki-dua-travel-dua-arabic-english,LOW,guide,MONITOR,GSC_SEARCH_ANALYTICS_2026-06-02_TO_2026-08-08,LOW
small durood sharif in english,small durood sharif in english,informational,duas-supplications,guide,United Kingdom,,none,none,none,top,GSC_IMPRESSIONS_68D:1,GSC_AVG_POSITION:54,35.7,HIGH,/blog/darood-sharif,/blog/darood-sharif,LOW,guide,MONITOR,GSC_SEARCH_ANALYTICS_2026-06-02_TO_2026-08-08,LOW
surah al kursi meaning,surah al kursi meaning,informational,quran-surahs,reference,United States,,none,none,none,top,GSC_IMPRESSIONS_68D:1,GSC_AVG_POSITION:59,35.7,HIGH,/blog/ayatul-kursi-arabic-english-benefits,/blog/ayatul-kursi-arabic-english-benefits,LOW,reference,MONITOR,GSC_SEARCH_ANALYTICS_2026-06-02_TO_2026-08-08,LOW
surah ayatul kursi meaning,surah ayatul kursi meaning,informational,quran-surahs,reference,United States,,none,none,none,top,GSC_IMPRESSIONS_68D:1,GSC_AVG_POSITION:55,35.7,HIGH,/blog/ayatul-kursi-arabic-english-benefits,/blog/ayatul-kursi-arabic-english-benefits,LOW,reference,MONITOR,GSC_SEARCH_ANALYTICS_2026-06-02_TO_2026-08-08,LOW
surah ayatul kursi meaning in english,surah ayatul kursi meaning in english,informational,quran-surahs,reference,United States,,none,none,none,top,GSC_IMPRESSIONS_68D:1,GSC_AVG_POSITION:52,35.7,HIGH,/blog/ayatul-kursi-arabic-english-benefits,/blog/ayatul-kursi-arabic-english-benefits,LOW,reference,MONITOR,GSC_SEARCH_ANALYTICS_2026-06-02_TO_2026-08-08,LOW
surah yaseen with meaning,surah yaseen with meaning,informational,quran-surahs,reference,United Kingdom,,none,none,none,top,GSC_IMPRESSIONS_68D:1,GSC_AVG_POSITION:53,35.7,HIGH,/blog/surah-yaseen-arabic-english.html,/blog/surah-yaseen-arabic-english.html,LOW,reference,MONITOR,GSC_SEARCH_ANALYTICS_2026-06-02_TO_2026-08-08,LOW
talbiyah meaning,talbiyah meaning,informational,unclustered,unknown,United States,,none,none,none,top,GSC_IMPRESSIONS_68D:1,GSC_AVG_POSITION:48,35.7,HIGH,/blog/labbaik-allahumma-labbaik,/blog/labbaik-allahumma-labbaik,LOW,unknown,MONITOR,GSC_SEARCH_ANALYTICS_2026-06-02_TO_2026-08-08,LOW
the 99 names of allah and their meaning,the 99 names of allah and their meaning,informational,99-names,reference,Nigeria,,none,none,none,top,GSC_IMPRESSIONS_68D:1,GSC_AVG_POSITION:39,35.7,HIGH,/blog/99-names-of-allah-asmaul-husna,/blog/99-names-of-allah-asmaul-husna,LOW,reference,MONITOR,GSC_SEARCH_ANALYTICS_2026-06-02_TO_2026-08-08,LOW
the best time to pray tahajjud,the best time to pray tahajjud,informational,salah-prayer,guide,Vietnam,,none,none,none,top,GSC_IMPRESSIONS_68D:1,GSC_AVG_POSITION:34,35.7,MEDIUM,/blog/tahajjud-prayer,/blog/tahajjud-prayer,LOW,guide,MONITOR,GSC_SEARCH_ANALYTICS_2026-06-02_TO_2026-08-08,LOW
the meaning of surah ikhlas,the meaning of surah ikhlas,informational,quran-surahs,reference,United Kingdom,,none,none,none,top,GSC_IMPRESSIONS_68D:1,GSC_AVG_POSITION:56,35.7,HIGH,/blog/surah-ikhlas-benefits,/blog/surah-ikhlas-benefits,LOW,reference,MONITOR,GSC_SEARCH_ANALYTICS_2026-06-02_TO_2026-08-08,LOW
translation ayatul kursi in english,translation ayatul kursi in english,informational,quran-surahs,reference,United States,,none,none,none,top,GSC_IMPRESSIONS_68D:1,GSC_AVG_POSITION:57,35.7,HIGH,/blog/ayatul-kursi-arabic-english-benefits,/blog/ayatul-kursi-arabic-english-benefits,LOW,reference,MONITOR,GSC_SEARCH_ANALYTICS_2026-06-02_TO_2026-08-08,LOW
translation of dua e qunoot,translation of dua e qunoot,informational,duas-supplications,guide,United Kingdom,,none,none,none,top,GSC_IMPRESSIONS_68D:1,GSC_AVG_POSITION:53,35.7,HIGH,/blog/dua-e-qunoot-arabic-english.html,/blog/dua-e-qunoot-arabic-english.html,LOW,guide,MONITOR,GSC_SEARCH_ANALYTICS_2026-06-02_TO_2026-08-08,LOW
translation of dua qunoot,translation of dua qunoot,informational,duas-supplications,guide,United Kingdom,,none,none,none,top,GSC_IMPRESSIONS_68D:1,GSC_AVG_POSITION:52,35.7,HIGH,/blog/dua-e-qunoot-arabic-english.html,/blog/dua-e-qunoot-arabic-english.html,LOW,guide,MONITOR,GSC_SEARCH_ANALYTICS_2026-06-02_TO_2026-08-08,LOW
what does allahu akbar actually mean,what does allahu akbar actually mean,informational,islamic-terms,definition,Malaysia,,none,none,none,top,GSC_IMPRESSIONS_68D:1,GSC_AVG_POSITION:35,35.7,HIGH,/blog/allahu-akbar-meaning-in-english,/blog/allahu-akbar-meaning-in-english,LOW,definition,MONITOR,GSC_SEARCH_ANALYTICS_2026-06-02_TO_2026-08-08,LOW
what does allahu akbar mean in english,what does allahu akbar mean in english,informational,islamic-terms,definition,MAR,,none,none,none,top,GSC_IMPRESSIONS_68D:1,GSC_AVG_POSITION:43,35.7,HIGH,/blog/allahu-akbar-meaning-in-english,/blog/allahu-akbar-meaning-in-english,LOW,definition,MONITOR,GSC_SEARCH_ANALYTICS_2026-06-02_TO_2026-08-08,LOW
what is the bismillah,what is the bismillah,informational,islamic-terms,definition,India,,none,none,none,top,GSC_IMPRESSIONS_68D:1,GSC_AVG_POSITION:39,35.7,HIGH,/blog/bismillah-meaning-in-english,/blog/bismillah-meaning-in-english,LOW,definition,MONITOR,GSC_SEARCH_ANALYTICS_2026-06-02_TO_2026-08-08,LOW
what is the meaning of subhanallah,what is the meaning of subhanallah,informational,islamic-terms,definition,India,,none,none,none,top,GSC_IMPRESSIONS_68D:1,GSC_AVG_POSITION:36,35.7,HIGH,/blog/subhanallah-meaning,/blog/subhanallah-meaning,LOW,definition,MONITOR,GSC_SEARCH_ANALYTICS_2026-06-02_TO_2026-08-08,LOW
99 names allah with meaning,99 names allah with meaning,informational,99-names,reference,UGA,,none,none,none,top,GSC_IMPRESSIONS_68D:6,GSC_AVG_POSITION:52.2,35.6,HIGH,/blog/99-names-of-allah-asmaul-husna,/blog/99-names-of-allah-asmaul-husna,LOW,reference,MONITOR,GSC_SEARCH_ANALYTICS_2026-06-02_TO_2026-08-08,MEDIUM
alhamdulillah english translation,alhamdulillah english translation,informational,islamic-terms,definition,United States,,none,none,none,top,GSC_IMPRESSIONS_68D:6,GSC_AVG_POSITION:63,35.6,HIGH,/blog/alhamdulillah-meaning-in-english,/blog/alhamdulillah-meaning-in-english,MEDIUM,definition,MONITOR,GSC_SEARCH_ANALYTICS_2026-06-02_TO_2026-08-08,MEDIUM
asma ul husna meaning,asma ul husna meaning,informational,99-names,reference,United States,,none,none,none,top,GSC_IMPRESSIONS_68D:6,GSC_AVG_POSITION:63.7,35.6,HIGH,/blog/99-names-of-allah-asmaul-husna,/blog/99-names-of-allah-asmaul-husna,MEDIUM,reference,MONITOR,GSC_SEARCH_ANALYTICS_2026-06-02_TO_2026-08-08,MEDIUM
ijazah,ijazah,informational,quran-learning-service,service,United States,,none,none,none,top,GSC_IMPRESSIONS_68D:12,GSC_AVG_POSITION:60.7,35.4,LOW,/blog/what-is-ijazah-in-quran-teaching,/blog/what-is-ijazah-in-quran-teaching,LOW,service,MONITOR,GSC_SEARCH_ANALYTICS_2026-06-02_TO_2026-08-08,HIGH
99 names of allah and meaning in english,99 names of allah and meaning in english,informational,99-names,reference,Bangladesh,,none,none,none,top,GSC_IMPRESSIONS_68D:5,GSC_AVG_POSITION:43.8,35.3,HIGH,/blog/99-names-of-allah-asmaul-husna,/blog/99-names-of-allah-asmaul-husna,MEDIUM,reference,CONTENT REFRESH,GSC_SEARCH_ANALYTICS_2026-06-02_TO_2026-08-08,MEDIUM
99 names of allah with english meaning,99 names of allah with english meaning,informational,99-names,reference,Pakistan,,none,none,none,top,GSC_IMPRESSIONS_68D:5,GSC_AVG_POSITION:41.4,35.3,HIGH,/blog/99-names-of-allah-asmaul-husna,/blog/99-names-of-allah-asmaul-husna,MEDIUM,reference,CONTENT REFRESH,GSC_SEARCH_ANALYTICS_2026-06-02_TO_2026-08-08,MEDIUM
definition of alhamdulillah,definition of alhamdulillah,informational,islamic-terms,definition,United Kingdom,,none,none,none,top,GSC_IMPRESSIONS_68D:5,GSC_AVG_POSITION:69,35.3,HIGH,/blog/alhamdulillah-meaning-in-english,/blog/alhamdulillah-meaning-in-english,MEDIUM,definition,MONITOR,GSC_SEARCH_ANALYTICS_2026-06-02_TO_2026-08-08,MEDIUM
ghusl step,ghusl step,informational,salah-prayer,guide,United States,,none,none,none,top,GSC_IMPRESSIONS_68D:11,GSC_AVG_POSITION:39.5,35.3,LOW,/blog/how-to-do-ghusl-step-by-step,/blog/how-to-do-ghusl-step-by-step,LOW,guide,CONTENT REFRESH,GSC_SEARCH_ANALYTICS_2026-06-02_TO_2026-08-08,HIGH
meaning of asma ul husna,meaning of asma ul husna,informational,99-names,reference,United Kingdom,,none,none,none,top,GSC_IMPRESSIONS_68D:5,GSC_AVG_POSITION:61,35.3,HIGH,/blog/99-names-of-allah-asmaul-husna,/blog/99-names-of-allah-asmaul-husna,MEDIUM,reference,MONITOR,GSC_SEARCH_ANALYTICS_2026-06-02_TO_2026-08-08,MEDIUM
names of allah with meaning and benefits,names of allah with meaning and benefits,informational,99-names,reference,India,,none,none,none,top,GSC_IMPRESSIONS_68D:5,GSC_AVG_POSITION:43.6,35.3,HIGH,/blog/99-names-of-allah-asmaul-husna,/blog/99-names-of-allah-asmaul-husna,LOW,reference,CONTENT REFRESH,GSC_SEARCH_ANALYTICS_2026-06-02_TO_2026-08-08,MEDIUM
ninety nine names of allah with meaning in english,ninety nine names of allah with meaning in english,informational,99-names,reference,United Kingdom,,none,none,none,top,GSC_IMPRESSIONS_68D:5,GSC_AVG_POSITION:63.2,35.3,HIGH,/blog/99-names-of-allah-asmaul-husna,/blog/99-names-of-allah-asmaul-husna,LOW,reference,MONITOR,GSC_SEARCH_ANALYTICS_2026-06-02_TO_2026-08-08,MEDIUM
safar ki dua in arabic,safar ki dua in arabic,informational,duas-supplications,guide,UAE,,none,none,none,top,GSC_IMPRESSIONS_68D:5,GSC_AVG_POSITION:22.4,35.3,MEDIUM,/blog/safar-ki-dua-travel-dua-arabic-english,/blog/safar-ki-dua-travel-dua-arabic-english,LOW,guide,CONTENT REFRESH,GSC_SEARCH_ANALYTICS_2026-06-02_TO_2026-08-08,MEDIUM
surah waqiah meaning,surah waqiah meaning,informational,quran-surahs,reference,UAE,,none,none,none,top,GSC_IMPRESSIONS_68D:5,GSC_AVG_POSITION:58.6,35.3,HIGH,/blog/surah-waqiah-benefits,/blog/surah-waqiah-benefits,LOW,reference,MONITOR,GSC_SEARCH_ANALYTICS_2026-06-02_TO_2026-08-08,MEDIUM
islamic phrases for everyday use,islamic phrases for everyday use,informational,islamic-general,reference,Denmark,,none,none,none,top,GSC_IMPRESSIONS_68D:2,GSC_AVG_POSITION:84,35.1,MEDIUM,/blog/islamic-phrases-meaning,/blog/islamic-phrases-meaning,LOW,reference,MONITOR,GSC_SEARCH_ANALYTICS_2026-06-02_TO_2026-08-08,LOW
99 name of allah with meaning in english,99 name of allah with meaning in english,informational,99-names,reference,United Kingdom,,none,none,none,top,GSC_IMPRESSIONS_68D:2,GSC_AVG_POSITION:57.5,35.1,HIGH,/blog/99-names-of-allah-asmaul-husna,/blog/99-names-of-allah-asmaul-husna,MEDIUM,reference,MONITOR,GSC_SEARCH_ANALYTICS_2026-06-02_TO_2026-08-08,LOW
99 names of allah with english,99 names of allah with english,informational,99-names,reference,Australia,,none,none,none,top,GSC_IMPRESSIONS_68D:2,GSC_AVG_POSITION:41,35.1,MEDIUM,/blog/99-names-of-allah-asmaul-husna,/blog/99-names-of-allah-asmaul-husna,MEDIUM,reference,MONITOR,GSC_SEARCH_ANALYTICS_2026-06-02_TO_2026-08-08,LOW
asma ul husna 99 names of allah with meaning,asma ul husna 99 names of allah with meaning,informational,99-names,reference,UAE,,none,none,none,top,GSC_IMPRESSIONS_68D:2,GSC_AVG_POSITION:41,35.1,HIGH,/blog/99-names-of-allah-asmaul-husna,/blog/99-names-of-allah-asmaul-husna,LOW,reference,MONITOR,GSC_SEARCH_ANALYTICS_2026-06-02_TO_2026-08-08,LOW
asma ul husna allah 99 names,asma ul husna allah 99 names,informational,99-names,reference,United Kingdom,,none,none,none,top,GSC_IMPRESSIONS_68D:2,GSC_AVG_POSITION:38.5,35.1,MEDIUM,/blog/99-names-of-allah-asmaul-husna,/blog/99-names-of-allah-asmaul-husna,MEDIUM,reference,MONITOR,GSC_SEARCH_ANALYTICS_2026-06-02_TO_2026-08-08,LOW
ayat al kursi translation,ayat al kursi translation,informational,quran-surahs,reference,Bangladesh,,none,none,none,top,GSC_IMPRESSIONS_68D:2,GSC_AVG_POSITION:44,35.1,HIGH,/blog/ayatul-kursi-arabic-english-benefits,/blog/ayatul-kursi-arabic-english-benefits,MEDIUM,reference,MONITOR,GSC_SEARCH_ANALYTICS_2026-06-02_TO_2026-08-08,LOW
dua e qunoot meaning,dua e qunoot meaning,informational,duas-supplications,guide,United Kingdom,,none,none,none,top,GSC_IMPRESSIONS_68D:2,GSC_AVG_POSITION:68,35.1,HIGH,/blog/dua-e-qunoot-arabic-english,/blog/dua-e-qunoot-arabic-english,MEDIUM,guide,MONITOR,GSC_SEARCH_ANALYTICS_2026-06-02_TO_2026-08-08,LOW
dua qunoot meaning,dua qunoot meaning,informational,duas-supplications,guide,United Kingdom,,none,none,none,top,GSC_IMPRESSIONS_68D:2,GSC_AVG_POSITION:72.5,35.1,HIGH,/blog/dua-e-qunoot-arabic-english,/blog/dua-e-qunoot-arabic-english,MEDIUM,guide,MONITOR,GSC_SEARCH_ANALYTICS_2026-06-02_TO_2026-08-08,LOW
inshallah in arabic meaning,inshallah in arabic meaning,informational,islamic-terms,definition,United States,,none,none,none,top,GSC_IMPRESSIONS_68D:2,GSC_AVG_POSITION:58.5,35.1,HIGH,/blog/inshallah-meaning-in-english,/blog/inshallah-meaning-in-english,LOW,definition,MONITOR,GSC_SEARCH_ANALYTICS_2026-06-02_TO_2026-08-08,LOW
inshallah pronunciation,inshallah pronunciation,informational,islamic-terms,definition,Spain,,none,none,none,top,GSC_IMPRESSIONS_68D:2,GSC_AVG_POSITION:40,35.1,LOW,/blog/inshallah-meaning-in-english,/blog/inshallah-meaning-in-english,LOW,definition,MONITOR,GSC_SEARCH_ANALYTICS_2026-06-02_TO_2026-08-08,LOW
la ilaha illa allah meaning,la ilaha illa allah meaning,informational,islamic-terms,definition,UAE,,none,none,none,top,GSC_IMPRESSIONS_68D:2,GSC_AVG_POSITION:40.5,35.1,HIGH,/blog/la-ilaha-illallah-meaning,/blog/la-ilaha-illallah-meaning,LOW,definition,MONITOR,GSC_SEARCH_ANALYTICS_2026-06-02_TO_2026-08-08,LOW
la ilaha illallah in arabic,la ilaha illallah in arabic,informational,islamic-terms,definition,United States,,none,none,none,top,GSC_IMPRESSIONS_68D:2,GSC_AVG_POSITION:35,35.1,MEDIUM,/blog/la-ilaha-illallah-meaning,/blog/la-ilaha-illallah-meaning,LOW,definition,MONITOR,GSC_SEARCH_ANALYTICS_2026-06-02_TO_2026-08-08,LOW
lam yalid walam yulad meaning,lam yalid walam yulad meaning,informational,unclustered,unknown,Bangladesh,,none,none,none,top,GSC_IMPRESSIONS_68D:2,GSC_AVG_POSITION:29,35.1,HIGH,/blog/surah-ikhlas-benefits,/blog/surah-ikhlas-benefits,LOW,unknown,MONITOR,GSC_SEARCH_ANALYTICS_2026-06-02_TO_2026-08-08,LOW
meaning of 99 names of allah,meaning of 99 names of allah,informational,99-names,reference,United Kingdom,,none,none,none,top,GSC_IMPRESSIONS_68D:2,GSC_AVG_POSITION:60,35.1,HIGH,/blog/99-names-of-allah-asmaul-husna,/blog/99-names-of-allah-asmaul-husna,LOW,reference,MONITOR,GSC_SEARCH_ANALYTICS_2026-06-02_TO_2026-08-08,LOW
meaning of ayat al kursi,meaning of ayat al kursi,informational,quran-surahs,reference,United Kingdom,,none,none,none,top,GSC_IMPRESSIONS_68D:2,GSC_AVG_POSITION:82,35.1,HIGH,/blog/ayatul-kursi-arabic-english-benefits,/blog/ayatul-kursi-arabic-english-benefits,MEDIUM,reference,MONITOR,GSC_SEARCH_ANALYTICS_2026-06-02_TO_2026-08-08,LOW
meaning of surah waqiah,meaning of surah waqiah,informational,quran-surahs,reference,United Kingdom,,none,none,none,top,GSC_IMPRESSIONS_68D:2,GSC_AVG_POSITION:67,35.1,HIGH,/blog/surah-waqiah-benefits,/blog/surah-waqiah-benefits,LOW,reference,MONITOR,GSC_SEARCH_ANALYTICS_2026-06-02_TO_2026-08-08,LOW
name allah 99 meaning name,name allah 99 meaning name,informational,islamic-general,reference,Germany,,none,none,none,top,GSC_IMPRESSIONS_68D:2,GSC_AVG_POSITION:70.5,35.1,HIGH,/blog/99-names-of-allah-asmaul-husna.html,/blog/99-names-of-allah-asmaul-husna.html,LOW,reference,MONITOR,GSC_SEARCH_ANALYTICS_2026-06-02_TO_2026-08-08,LOW
name of allah with meaning,name of allah with meaning,informational,islamic-general,reference,Germany,,none,none,none,top,GSC_IMPRESSIONS_68D:2,GSC_AVG_POSITION:69.5,35.1,HIGH,/blog/99-names-of-allah-asmaul-husna,/blog/99-names-of-allah-asmaul-husna,LOW,reference,MONITOR,GSC_SEARCH_ANALYTICS_2026-06-02_TO_2026-08-08,LOW
names of allah asma ul husna,names of allah asma ul husna,informational,99-names,reference,United Kingdom,,none,none,none,top,GSC_IMPRESSIONS_68D:2,GSC_AVG_POSITION:37.5,35.1,MEDIUM,/blog/99-names-of-allah-asmaul-husna,/blog/99-names-of-allah-asmaul-husna,LOW,reference,MONITOR,GSC_SEARCH_ANALYTICS_2026-06-02_TO_2026-08-08,LOW
safar ki dua arabic text,safar ki dua arabic text,informational,duas-supplications,guide,MAR,,none,none,none,top,GSC_IMPRESSIONS_68D:2,GSC_AVG_POSITION:36,35.1,MEDIUM,/blog/safar-ki-dua-travel-dua-arabic-english,/blog/safar-ki-dua-travel-dua-arabic-english,LOW,guide,MONITOR,GSC_SEARCH_ANALYTICS_2026-06-02_TO_2026-08-08,LOW
tayammum steps,tayammum steps,informational,unclustered,unknown,GEO,,none,none,none,top,GSC_IMPRESSIONS_68D:2,GSC_AVG_POSITION:10.5,35.1,LOW,/blog/how-to-do-tayammum-step-by-step,/blog/how-to-do-tayammum-step-by-step,LOW,unknown,PROTECT,GSC_SEARCH_ANALYTICS_2026-06-02_TO_2026-08-08,LOW
the meaning of ayatul kursi,the meaning of ayatul kursi,informational,quran-surahs,reference,United Kingdom,,none,none,none,top,GSC_IMPRESSIONS_68D:2,GSC_AVG_POSITION:70,35.1,HIGH,/blog/ayatul-kursi-arabic-english-benefits,/blog/ayatul-kursi-arabic-english-benefits,MEDIUM,reference,MONITOR,GSC_SEARCH_ANALYTICS_2026-06-02_TO_2026-08-08,LOW
what are 99 names of allah,what are 99 names of allah,informational,99-names,reference,United Kingdom,,none,none,none,top,GSC_IMPRESSIONS_68D:2,GSC_AVG_POSITION:58.5,35.1,HIGH,/blog/99-names-of-allah-asmaul-husna,/blog/99-names-of-allah-asmaul-husna,MEDIUM,reference,MONITOR,GSC_SEARCH_ANALYTICS_2026-06-02_TO_2026-08-08,LOW
what does alah akbar,what does alah akbar,informational,unclustered,unknown,Malaysia,,none,none,none,top,GSC_IMPRESSIONS_68D:2,GSC_AVG_POSITION:40,35.1,HIGH,/blog/allahu-akbar-meaning-in-english,/blog/allahu-akbar-meaning-in-english,LOW,unknown,MONITOR,GSC_SEARCH_ANALYTICS_2026-06-02_TO_2026-08-08,LOW
what does ma sha allah mean,what does ma sha allah mean,informational,islamic-general,reference,Australia,,none,none,none,top,GSC_IMPRESSIONS_68D:2,GSC_AVG_POSITION:82.5,35.1,HIGH,/blog/mashallah-meaning.html,/blog/mashallah-meaning.html,LOW,reference,MONITOR,GSC_SEARCH_ANALYTICS_2026-06-02_TO_2026-08-08,LOW
which para is surah waqiah,which para is surah waqiah,informational,quran-surahs,reference,India,,none,none,none,top,GSC_IMPRESSIONS_68D:2,GSC_AVG_POSITION:49,35.1,HIGH,/blog/surah-waqiah-benefits,/blog/surah-waqiah-benefits,LOW,reference,MONITOR,GSC_SEARCH_ANALYTICS_2026-06-02_TO_2026-08-08,LOW
istighfar dua,istighfar dua,informational,duas-supplications,guide,United Kingdom,,none,none,none,top,GSC_IMPRESSIONS_68D:19,GSC_AVG_POSITION:35.1,35.0,LOW,/blog/dua-for-forgiveness-istighfar,/blog/dua-for-forgiveness-istighfar,LOW,guide,CONTENT REFRESH,GSC_SEARCH_ANALYTICS_2026-06-02_TO_2026-08-08,HIGH
99 name of allah with meaning,99 name of allah with meaning,informational,99-names,reference,United States,,none,none,none,top,GSC_IMPRESSIONS_68D:4,GSC_AVG_POSITION:67.5,34.9,HIGH,/blog/99-names-of-allah-asmaul-husna,/blog/99-names-of-allah-asmaul-husna,MEDIUM,reference,MONITOR,GSC_SEARCH_ANALYTICS_2026-06-02_TO_2026-08-08,MEDIUM
99 names of allah and meaning,99 names of allah and meaning,informational,99-names,reference,MDV,,none,none,none,top,GSC_IMPRESSIONS_68D:9,GSC_AVG_POSITION:63.6,34.9,HIGH,/blog/99-names-of-allah-asmaul-husna,/blog/99-names-of-allah-asmaul-husna,MEDIUM,reference,MONITOR,GSC_SEARCH_ANALYTICS_2026-06-02_TO_2026-08-08,MEDIUM
99 names of allah meaning in english,99 names of allah meaning in english,informational,99-names,reference,United States,,none,none,none,top,GSC_IMPRESSIONS_68D:4,GSC_AVG_POSITION:73.2,34.9,HIGH,/blog/99-names-of-allah-asmaul-husna,/blog/99-names-of-allah-asmaul-husna,LOW,reference,MONITOR,GSC_SEARCH_ANALYTICS_2026-06-02_TO_2026-08-08,MEDIUM
allah name with meaning,allah name with meaning,informational,99-names,reference,India,,none,none,none,top,GSC_IMPRESSIONS_68D:4,GSC_AVG_POSITION:47.2,34.9,HIGH,/blog/99-names-of-allah-asmaul-husna,/blog/99-names-of-allah-asmaul-husna,MEDIUM,reference,MONITOR,GSC_SEARCH_ANALYTICS_2026-06-02_TO_2026-08-08,MEDIUM
asma al husna meaning,asma al husna meaning,informational,99-names,reference,Bangladesh,,none,none,none,top,GSC_IMPRESSIONS_68D:4,GSC_AVG_POSITION:44,34.9,HIGH,/blog/99-names-of-allah-asmaul-husna,/blog/99-names-of-allah-asmaul-husna,LOW,reference,MONITOR,GSC_SEARCH_ANALYTICS_2026-06-02_TO_2026-08-08,MEDIUM
bismillah in english translation,bismillah in english translation,informational,islamic-terms,definition,Pakistan,,none,none,none,top,GSC_IMPRESSIONS_68D:4,GSC_AVG_POSITION:48.8,34.9,HIGH,/blog/bismillah-meaning-in-english,/blog/bismillah-meaning-in-english,LOW,definition,MONITOR,GSC_SEARCH_ANALYTICS_2026-06-02_TO_2026-08-08,MEDIUM
dua for stress and anxiety,dua for stress and anxiety,informational,duas-supplications,guide,Australia,,none,none,none,top,GSC_IMPRESSIONS_68D:4,GSC_AVG_POSITION:53.8,34.9,MEDIUM,/blog/dua-for-anxiety-stress-depression,/blog/dua-for-anxiety-stress-depression,LOW,guide,MONITOR,GSC_SEARCH_ANALYTICS_2026-06-02_TO_2026-08-08,MEDIUM
inshallah,inshallah,informational,islamic-terms,definition,United States,,none,none,none,top,GSC_IMPRESSIONS_68D:137,GSC_AVG_POSITION:49.8,34.9,LOW,/blog/inshallah-meaning-in-english,/blog/inshallah-meaning-in-english,LOW,definition,CONTENT REFRESH,GSC_SEARCH_ANALYTICS_2026-06-02_TO_2026-08-08,HIGH
meaning of alhamdulillah in english,meaning of alhamdulillah in english,informational,islamic-terms,definition,United States,,none,none,none,top,GSC_IMPRESSIONS_68D:4,GSC_AVG_POSITION:79,34.9,HIGH,/blog/alhamdulillah-meaning-in-english,/blog/alhamdulillah-meaning-in-english,LOW,definition,MONITOR,GSC_SEARCH_ANALYTICS_2026-06-02_TO_2026-08-08,MEDIUM
names of islamic months,names of islamic months,informational,islamic-calendar,reference,Spain,,none,none,none,top,GSC_IMPRESSIONS_68D:4,GSC_AVG_POSITION:57.8,34.9,MEDIUM,/blog/islamic-months-names-in-order,/blog/islamic-months-names-in-order,LOW,reference,MONITOR,GSC_SEARCH_ANALYTICS_2026-06-02_TO_2026-08-08,MEDIUM
noor academy online,noor academy online,navigational,brand,brand,United States,,none,none,none,brand,GSC_IMPRESSIONS_68D:4,GSC_AVG_POSITION:61.8,34.9,LOW,/,/,LOW,brand,PROTECT,GSC_SEARCH_ANALYTICS_2026-06-02_TO_2026-08-08,MEDIUM
what does inshallah mean in english,what does inshallah mean in english,informational,islamic-terms,definition,United States,,none,none,none,top,GSC_IMPRESSIONS_68D:4,GSC_AVG_POSITION:65,34.9,HIGH,/blog/inshallah-meaning-in-english,/blog/inshallah-meaning-in-english,LOW,definition,MONITOR,GSC_SEARCH_ANALYTICS_2026-06-02_TO_2026-08-08,MEDIUM
what is the meaning of alhamdulillah,what is the meaning of alhamdulillah,informational,islamic-terms,definition,United States,,none,none,none,top,GSC_IMPRESSIONS_68D:4,GSC_AVG_POSITION:88.5,34.9,HIGH,/blog/alhamdulillah-meaning-in-english,/blog/alhamdulillah-meaning-in-english,MEDIUM,definition,MONITOR,GSC_SEARCH_ANALYTICS_2026-06-02_TO_2026-08-08,MEDIUM
bismillah,bismillah,informational,islamic-terms,definition,Canada,,none,none,none,top,GSC_IMPRESSIONS_68D:34,GSC_AVG_POSITION:46,34.7,LOW,/blog/bismillah-meaning-in-english,/blog/bismillah-meaning-in-english,LOW,definition,CONTENT REFRESH,GSC_SEARCH_ANALYTICS_2026-06-02_TO_2026-08-08,HIGH
dua e istikhara,dua e istikhara,informational,duas-supplications,guide,United States,,none,none,none,top,GSC_IMPRESSIONS_68D:17,GSC_AVG_POSITION:31.8,34.7,LOW,/blog/dua-e-istikhara,/blog/dua-e-istikhara,LOW,guide,CONTENT REFRESH,GSC_SEARCH_ANALYTICS_2026-06-02_TO_2026-08-08,HIGH
99 allah names and meaning,99 allah names and meaning,informational,99-names,reference,United States,,none,none,none,top,GSC_IMPRESSIONS_68D:3,GSC_AVG_POSITION:63.3,34.4,HIGH,/blog/99-names-of-allah-asmaul-husna,/blog/99-names-of-allah-asmaul-husna,LOW,reference,MONITOR,GSC_SEARCH_ANALYTICS_2026-06-02_TO_2026-08-08,MEDIUM
99 names of allah in arabic,99 names of allah in arabic,informational,99-names,reference,United States,,none,none,none,top,GSC_IMPRESSIONS_68D:7,GSC_AVG_POSITION:48.1,34.4,MEDIUM,/blog/99-names-of-allah-asmaul-husna,/blog/99-names-of-allah-asmaul-husna,MEDIUM,reference,CONTENT REFRESH,GSC_SEARCH_ANALYTICS_2026-06-02_TO_2026-08-08,MEDIUM
99 names of allah with their meaning,99 names of allah with their meaning,informational,99-names,reference,United States,,none,none,none,top,GSC_IMPRESSIONS_68D:3,GSC_AVG_POSITION:72.7,34.4,HIGH,/blog/99-names-of-allah-asmaul-husna,/blog/99-names-of-allah-asmaul-husna,LOW,reference,MONITOR,GSC_SEARCH_ANALYTICS_2026-06-02_TO_2026-08-08,MEDIUM
alhamdulillah translation,alhamdulillah translation,informational,islamic-terms,definition,United States,,none,none,none,top,GSC_IMPRESSIONS_68D:3,GSC_AVG_POSITION:72,34.4,HIGH,/blog/alhamdulillah-meaning-in-english,/blog/alhamdulillah-meaning-in-english,MEDIUM,definition,MONITOR,GSC_SEARCH_ANALYTICS_2026-06-02_TO_2026-08-08,MEDIUM
durood in english,durood in english,informational,duas-supplications,guide,UAE,,none,none,none,top,GSC_IMPRESSIONS_68D:3,GSC_AVG_POSITION:56.3,34.4,HIGH,/blog/darood-sharif,/blog/darood-sharif,LOW,guide,MONITOR,GSC_SEARCH_ANALYTICS_2026-06-02_TO_2026-08-08,MEDIUM
durood shareef in arabic,durood shareef in arabic,informational,duas-supplications,guide,UAE,,none,none,none,top,GSC_IMPRESSIONS_68D:3,GSC_AVG_POSITION:36.3,34.4,MEDIUM,/blog/darood-sharif,/blog/darood-sharif,LOW,guide,MONITOR,GSC_SEARCH_ANALYTICS_2026-06-02_TO_2026-08-08,MEDIUM
inshallah meaning arabic,inshallah meaning arabic,informational,islamic-terms,definition,United States,,none,none,none,top,GSC_IMPRESSIONS_68D:3,GSC_AVG_POSITION:61.7,34.4,HIGH,/blog/inshallah-meaning-in-english,/blog/inshallah-meaning-in-english,LOW,definition,MONITOR,GSC_SEARCH_ANALYTICS_2026-06-02_TO_2026-08-08,MEDIUM
inshallah meaning english,inshallah meaning english,informational,islamic-terms,definition,Nigeria,,none,none,none,top,GSC_IMPRESSIONS_68D:3,GSC_AVG_POSITION:40.7,34.4,HIGH,/blog/inshallah-meaning-in-english,/blog/inshallah-meaning-in-english,LOW,definition,MONITOR,GSC_SEARCH_ANALYTICS_2026-06-02_TO_2026-08-08,MEDIUM
inshallah translation,inshallah translation,informational,islamic-terms,definition,United States,,none,none,none,top,GSC_IMPRESSIONS_68D:3,GSC_AVG_POSITION:61.7,34.4,HIGH,/blog/inshallah-meaning-in-english,/blog/inshallah-meaning-in-english,LOW,definition,MONITOR,GSC_SEARCH_ANALYTICS_2026-06-02_TO_2026-08-08,MEDIUM
meaning of subhan allah,meaning of subhan allah,informational,islamic-terms,definition,United Kingdom,,none,none,none,top,GSC_IMPRESSIONS_68D:3,GSC_AVG_POSITION:77,34.4,HIGH,/blog/subhanallah-meaning,/blog/subhanallah-meaning,LOW,definition,MONITOR,GSC_SEARCH_ANALYTICS_2026-06-02_TO_2026-08-08,MEDIUM
ninety nine names of allah in english,ninety nine names of allah in english,informational,99-names,reference,Bangladesh,,none,none,none,top,GSC_IMPRESSIONS_68D:3,GSC_AVG_POSITION:50,34.4,HIGH,/blog/99-names-of-allah-asmaul-husna,/blog/99-names-of-allah-asmaul-husna,LOW,reference,MONITOR,GSC_SEARCH_ANALYTICS_2026-06-02_TO_2026-08-08,MEDIUM
what does insha allah means,what does insha allah means,informational,islamic-terms,definition,United States,,none,none,none,top,GSC_IMPRESSIONS_68D:3,GSC_AVG_POSITION:65.3,34.4,HIGH,/blog/inshallah-meaning-in-english,/blog/inshallah-meaning-in-english,LOW,definition,MONITOR,GSC_SEARCH_ANALYTICS_2026-06-02_TO_2026-08-08,MEDIUM
what is alhamdulillah,what is alhamdulillah,informational,islamic-terms,definition,United States,,none,none,none,top,GSC_IMPRESSIONS_68D:3,GSC_AVG_POSITION:71.7,34.4,HIGH,/blog/alhamdulillah-meaning-in-english,/blog/alhamdulillah-meaning-in-english,MEDIUM,definition,MONITOR,GSC_SEARCH_ANALYTICS_2026-06-02_TO_2026-08-08,MEDIUM
3 names of allah,3 names of allah,informational,99-names,reference,United States,,none,none,none,top,GSC_IMPRESSIONS_68D:1,GSC_AVG_POSITION:38,34.3,MEDIUM,/blog/99-names-of-allah-asmaul-husna,/blog/99-names-of-allah-asmaul-husna,LOW,reference,MONITOR,GSC_SEARCH_ANALYTICS_2026-06-02_TO_2026-08-08,LOW
99 asma ul husna,99 asma ul husna,informational,99-names,reference,United States,,none,none,none,top,GSC_IMPRESSIONS_68D:1,GSC_AVG_POSITION:28,34.3,MEDIUM,/blog/99-names-of-allah-asmaul-husna,/blog/99-names-of-allah-asmaul-husna,LOW,reference,MONITOR,GSC_SEARCH_ANALYTICS_2026-06-02_TO_2026-08-08,LOW
99 names of allah and benefits,99 names of allah and benefits,informational,99-names,reference,United States,,none,none,none,top,GSC_IMPRESSIONS_68D:1,GSC_AVG_POSITION:35,34.3,MEDIUM,/blog/99-names-of-allah-asmaul-husna,/blog/99-names-of-allah-asmaul-husna,LOW,reference,MONITOR,GSC_SEARCH_ANALYTICS_2026-06-02_TO_2026-08-08,LOW
99 names of allah list asma ul husna,99 names of allah list asma ul husna,informational,99-names,reference,United States,,none,none,none,top,GSC_IMPRESSIONS_68D:1,GSC_AVG_POSITION:32,34.3,MEDIUM,/blog/99-names-of-allah-asmaul-husna,/blog/99-names-of-allah-asmaul-husna,LOW,reference,MONITOR,GSC_SEARCH_ANALYTICS_2026-06-02_TO_2026-08-08,LOW
99 names of allah with meaning and benefits,99 names of allah with meaning and benefits,informational,99-names,reference,Bangladesh,,none,none,none,top,GSC_IMPRESSIONS_68D:13,GSC_AVG_POSITION:58.9,34.3,HIGH,/blog/99-names-of-allah-asmaul-husna,/blog/99-names-of-allah-asmaul-husna,MEDIUM,reference,MONITOR,GSC_SEARCH_ANALYTICS_2026-06-02_TO_2026-08-08,HIGH
airplane dua,airplane dua,informational,duas-supplications,guide,Turkey,,none,none,none,top,GSC_IMPRESSIONS_68D:1,GSC_AVG_POSITION:11,34.3,LOW,/blog/safar-ki-dua-travel-dua-arabic-english,/blog/safar-ki-dua-travel-dua-arabic-english,LOW,guide,PROTECT,GSC_SEARCH_ANALYTICS_2026-06-02_TO_2026-08-08,LOW
al waqiah meaning,al waqiah meaning,informational,quran-surahs,reference,Bangladesh,,none,none,none,top,GSC_IMPRESSIONS_68D:1,GSC_AVG_POSITION:46,34.3,HIGH,/blog/surah-waqiah-benefits,/blog/surah-waqiah-benefits,LOW,reference,MONITOR,GSC_SEARCH_ANALYTICS_2026-06-02_TO_2026-08-08,LOW
all things that break wudu,all things that break wudu,informational,salah-prayer,guide,United Kingdom,,none,none,none,top,GSC_IMPRESSIONS_68D:1,GSC_AVG_POSITION:41,34.3,MEDIUM,/blog/what-breaks-wudu,/blog/what-breaks-wudu,LOW,guide,MONITOR,GSC_SEARCH_ANALYTICS_2026-06-02_TO_2026-08-08,LOW
allah 99 names english,allah 99 names english,informational,99-names,reference,United Kingdom,,none,none,none,top,GSC_IMPRESSIONS_68D:1,GSC_AVG_POSITION:27,34.3,MEDIUM,/blog/99-names-of-allah-asmaul-husna.html,/blog/99-names-of-allah-asmaul-husna.html,LOW,reference,MONITOR,GSC_SEARCH_ANALYTICS_2026-06-02_TO_2026-08-08,LOW
allah names 99 arabic,allah names 99 arabic,informational,99-names,reference,United States,,none,none,none,top,GSC_IMPRESSIONS_68D:1,GSC_AVG_POSITION:40,34.3,MEDIUM,/blog/99-names-of-allah-asmaul-husna,/blog/99-names-of-allah-asmaul-husna,LOW,reference,MONITOR,GSC_SEARCH_ANALYTICS_2026-06-02_TO_2026-08-08,LOW
asma ul husna 99 names allah,asma ul husna 99 names allah,informational,99-names,reference,United States,,none,none,none,top,GSC_IMPRESSIONS_68D:1,GSC_AVG_POSITION:35,34.3,MEDIUM,/blog/99-names-of-allah-asmaul-husna,/blog/99-names-of-allah-asmaul-husna,LOW,reference,MONITOR,GSC_SEARCH_ANALYTICS_2026-06-02_TO_2026-08-08,LOW
asma'ul-husna: the 99 beautiful names of allah,asma'ul-husna: the 99 beautiful names of allah,informational,99-names,reference,United States,,none,none,none,top,GSC_IMPRESSIONS_68D:1,GSC_AVG_POSITION:33,34.3,MEDIUM,/blog/99-names-of-allah-asmaul-husna,/blog/99-names-of-allah-asmaul-husna,LOW,reference,MONITOR,GSC_SEARCH_ANALYTICS_2026-06-02_TO_2026-08-08,LOW
asmaul husna 99 names allah,asmaul husna 99 names allah,informational,99-names,reference,United Kingdom,,none,none,none,top,GSC_IMPRESSIONS_68D:1,GSC_AVG_POSITION:35,34.3,MEDIUM,/blog/99-names-of-allah-asmaul-husna.html,/blog/99-names-of-allah-asmaul-husna.html,LOW,reference,MONITOR,GSC_SEARCH_ANALYTICS_2026-06-02_TO_2026-08-08,LOW
astak fur allah meaning,astak fur allah meaning,informational,islamic-general,reference,India,,none,none,none,top,GSC_IMPRESSIONS_68D:1,GSC_AVG_POSITION:25,34.3,HIGH,/blog/astaghfirullah-meaning,/blog/astaghfirullah-meaning,LOW,reference,MONITOR,GSC_SEARCH_ANALYTICS_2026-06-02_TO_2026-08-08,LOW
attahiyat full dua,attahiyat full dua,informational,salah-prayer,guide,Australia,,none,none,none,top,GSC_IMPRESSIONS_68D:1,GSC_AVG_POSITION:23,34.3,LOW,/blog/attahiyat-full-arabic-english-tashahhud,/blog/attahiyat-full-arabic-english-tashahhud,LOW,guide,MONITOR,GSC_SEARCH_ANALYTICS_2026-06-02_TO_2026-08-08,LOW
ayat al kursi definition,ayat al kursi definition,informational,quran-surahs,reference,United States,,none,none,none,top,GSC_IMPRESSIONS_68D:1,GSC_AVG_POSITION:70,34.3,HIGH,/blog/ayatul-kursi-arabic-english-benefits,/blog/ayatul-kursi-arabic-english-benefits,LOW,reference,MONITOR,GSC_SEARCH_ANALYTICS_2026-06-02_TO_2026-08-08,LOW
ayat al kursi in english translation,ayat al kursi in english translation,informational,quran-surahs,reference,United States,,none,none,none,top,GSC_IMPRESSIONS_68D:1,GSC_AVG_POSITION:68,34.3,HIGH,/blog/ayatul-kursi-arabic-english-benefits,/blog/ayatul-kursi-arabic-english-benefits,LOW,reference,MONITOR,GSC_SEARCH_ANALYTICS_2026-06-02_TO_2026-08-08,LOW
ayat al kursi meaning in english,ayat al kursi meaning in english,informational,quran-surahs,reference,United States,,none,none,none,top,GSC_IMPRESSIONS_68D:1,GSC_AVG_POSITION:66,34.3,HIGH,/blog/ayatul-kursi-arabic-english-benefits,/blog/ayatul-kursi-arabic-english-benefits,LOW,reference,MONITOR,GSC_SEARCH_ANALYTICS_2026-06-02_TO_2026-08-08,LOW
ayat kursi meaning in english,ayat kursi meaning in english,informational,quran-surahs,reference,United States,,none,none,none,top,GSC_IMPRESSIONS_68D:1,GSC_AVG_POSITION:66,34.3,HIGH,/blog/ayatul-kursi-arabic-english-benefits,/blog/ayatul-kursi-arabic-english-benefits,LOW,reference,MONITOR,GSC_SEARCH_ANALYTICS_2026-06-02_TO_2026-08-08,LOW
ayat ul kursi meaning,ayat ul kursi meaning,informational,quran-surahs,reference,United States,,none,none,none,top,GSC_IMPRESSIONS_68D:1,GSC_AVG_POSITION:69,34.3,HIGH,/blog/ayatul-kursi-arabic-english-benefits,/blog/ayatul-kursi-arabic-english-benefits,LOW,reference,MONITOR,GSC_SEARCH_ANALYTICS_2026-06-02_TO_2026-08-08,LOW
ayat ul kursi with translation,ayat ul kursi with translation,informational,quran-surahs,reference,United States,,none,none,none,top,GSC_IMPRESSIONS_68D:1,GSC_AVG_POSITION:71,34.3,HIGH,/blog/ayatul-kursi-arabic-english-benefits.html,/blog/ayatul-kursi-arabic-english-benefits.html,LOW,reference,MONITOR,GSC_SEARCH_ANALYTICS_2026-06-02_TO_2026-08-08,LOW
ayatul kursi benefits in english,ayatul kursi benefits in english,informational,quran-surahs,reference,United States,,none,none,none,top,GSC_IMPRESSIONS_68D:1,GSC_AVG_POSITION:86,34.3,HIGH,/blog/ayatul-kursi-arabic-english-benefits,/blog/ayatul-kursi-arabic-english-benefits,LOW,reference,MONITOR,GSC_SEARCH_ANALYTICS_2026-06-02_TO_2026-08-08,LOW
ayatul kursi definition,ayatul kursi definition,informational,quran-surahs,reference,United States,,none,none,none,top,GSC_IMPRESSIONS_68D:1,GSC_AVG_POSITION:80,34.3,HIGH,/blog/ayatul-kursi-arabic-english-benefits,/blog/ayatul-kursi-arabic-english-benefits,LOW,reference,MONITOR,GSC_SEARCH_ANALYTICS_2026-06-02_TO_2026-08-08,LOW
ayatul kursi with english meaning,ayatul kursi with english meaning,informational,quran-surahs,reference,United States,,none,none,none,top,GSC_IMPRESSIONS_68D:1,GSC_AVG_POSITION:83,34.3,HIGH,/blog/ayatul-kursi-arabic-english-benefits,/blog/ayatul-kursi-arabic-english-benefits,LOW,reference,MONITOR,GSC_SEARCH_ANALYTICS_2026-06-02_TO_2026-08-08,LOW
ayatul kursi with meaning in english,ayatul kursi with meaning in english,informational,quran-surahs,reference,United States,,none,none,none,top,GSC_IMPRESSIONS_68D:1,GSC_AVG_POSITION:68,34.3,HIGH,/blog/ayatul-kursi-arabic-english-benefits,/blog/ayatul-kursi-arabic-english-benefits,LOW,reference,MONITOR,GSC_SEARCH_ANALYTICS_2026-06-02_TO_2026-08-08,LOW
benefits of reciting labbaik allahumma labbaik,benefits of reciting labbaik allahumma labbaik,informational,islamic-terms,definition,United States,,none,none,none,top,GSC_IMPRESSIONS_68D:1,GSC_AVG_POSITION:27,34.3,MEDIUM,/blog/labbaik-allahumma-labbaik,/blog/labbaik-allahumma-labbaik,LOW,definition,MONITOR,GSC_SEARCH_ANALYTICS_2026-06-02_TO_2026-08-08,LOW
best time for tahajjud prayer,best time for tahajjud prayer,informational,salah-prayer,guide,Saudi Arabia,,none,none,none,top,GSC_IMPRESSIONS_68D:1,GSC_AVG_POSITION:39,34.3,MEDIUM,/blog/tahajjud-prayer,/blog/tahajjud-prayer,LOW,guide,MONITOR,GSC_SEARCH_ANALYTICS_2026-06-02_TO_2026-08-08,LOW
bismalah meaning,bismalah meaning,informational,unclustered,unknown,Vietnam,,none,none,none,top,GSC_IMPRESSIONS_68D:1,GSC_AVG_POSITION:44,34.3,HIGH,/blog/bismillah-meaning-in-english,/blog/bismillah-meaning-in-english,LOW,unknown,MONITOR,GSC_SEARCH_ANALYTICS_2026-06-02_TO_2026-08-08,LOW
bismellah meaning,bismellah meaning,informational,unclustered,unknown,Egypt,,none,none,none,top,GSC_IMPRESSIONS_68D:1,GSC_AVG_POSITION:28,34.3,HIGH,/blog/bismillah-meaning-in-english,/blog/bismillah-meaning-in-english,LOW,unknown,MONITOR,GSC_SEARCH_ANALYTICS_2026-06-02_TO_2026-08-08,LOW
correct spelling of inshallah,correct spelling of inshallah,informational,islamic-terms,definition,United Kingdom,,none,none,none,top,GSC_IMPRESSIONS_68D:1,GSC_AVG_POSITION:31,34.3,MEDIUM,/blog/inshallah-meaning-in-english,/blog/inshallah-meaning-in-english,LOW,definition,MONITOR,GSC_SEARCH_ANALYTICS_2026-06-02_TO_2026-08-08,LOW
define subhanallah,define subhanallah,informational,islamic-terms,definition,Ireland,,none,none,none,top,GSC_IMPRESSIONS_68D:1,GSC_AVG_POSITION:49,34.3,LOW,/blog/subhanallah-meaning,/blog/subhanallah-meaning,LOW,definition,MONITOR,GSC_SEARCH_ANALYTICS_2026-06-02_TO_2026-08-08,LOW
dua e istikhara translation,dua e istikhara translation,informational,duas-supplications,guide,Pakistan,,none,none,none,top,GSC_IMPRESSIONS_68D:1,GSC_AVG_POSITION:42,34.3,HIGH,/blog/dua-e-istikhara,/blog/dua-e-istikhara,LOW,guide,MONITOR,GSC_SEARCH_ANALYTICS_2026-06-02_TO_2026-08-08,LOW
dua for entering and leaving home,dua for entering and leaving home,informational,duas-supplications,guide,BRA,,none,none,none,top,GSC_IMPRESSIONS_68D:1,GSC_AVG_POSITION:38,34.3,MEDIUM,/blog/dua-entering-leaving-home,/blog/dua-entering-leaving-home,LOW,guide,MONITOR,GSC_SEARCH_ANALYTICS_2026-06-02_TO_2026-08-08,LOW
dua for patient in arabic,dua for patient in arabic,informational,duas-supplications,guide,THA,,none,none,none,top,GSC_IMPRESSIONS_68D:1,GSC_AVG_POSITION:35,34.3,MEDIUM,/blog/dua-for-sick-person-arabic-english,/blog/dua-for-sick-person-arabic-english,LOW,guide,MONITOR,GSC_SEARCH_ANALYTICS_2026-06-02_TO_2026-08-08,LOW
dua for rizaq,dua for rizaq,informational,duas-supplications,guide,Malaysia,,none,none,none,top,GSC_IMPRESSIONS_68D:1,GSC_AVG_POSITION:19,34.3,LOW,/blog/dua-for-rizq-arabic-english,/blog/dua-for-rizq-arabic-english,LOW,guide,PROTECT,GSC_SEARCH_ANALYTICS_2026-06-02_TO_2026-08-08,LOW
dua for travelling in english,dua for travelling in english,informational,duas-supplications,guide,United Kingdom,,none,none,none,top,GSC_IMPRESSIONS_68D:1,GSC_AVG_POSITION:67,34.3,HIGH,/blog/safar-ki-dua-travel-dua-arabic-english,/blog/safar-ki-dua-travel-dua-arabic-english,LOW,guide,MONITOR,GSC_SEARCH_ANALYTICS_2026-06-02_TO_2026-08-08,LOW
dua safar arabic,dua safar arabic,informational,duas-supplications,guide,Netherlands,,none,none,none,top,GSC_IMPRESSIONS_68D:1,GSC_AVG_POSITION:32,34.3,LOW,/blog/safar-ki-dua-travel-dua-arabic-english,/blog/safar-ki-dua-travel-dua-arabic-english,LOW,guide,MONITOR,GSC_SEARCH_ANALYTICS_2026-06-02_TO_2026-08-08,LOW
english meaning of ayatul kursi,english meaning of ayatul kursi,informational,quran-surahs,reference,United States,,none,none,none,top,GSC_IMPRESSIONS_68D:1,GSC_AVG_POSITION:62,34.3,HIGH,/blog/ayatul-kursi-arabic-english-benefits,/blog/ayatul-kursi-arabic-english-benefits,LOW,reference,MONITOR,GSC_SEARCH_ANALYTICS_2026-06-02_TO_2026-08-08,LOW
english translation of ayat ul kursi,english translation of ayat ul kursi,informational,quran-surahs,reference,United States,,none,none,none,top,GSC_IMPRESSIONS_68D:1,GSC_AVG_POSITION:69,34.3,HIGH,/blog/ayatul-kursi-arabic-english-benefits,/blog/ayatul-kursi-arabic-english-benefits,LOW,reference,MONITOR,GSC_SEARCH_ANALYTICS_2026-06-02_TO_2026-08-08,LOW
four quls,four quls,informational,quran-surahs,reference,India,,none,none,none,top,GSC_IMPRESSIONS_68D:1,GSC_AVG_POSITION:18,34.3,LOW,/blog/4-quls,/blog/4-quls,LOW,reference,PROTECT,GSC_SEARCH_ANALYTICS_2026-06-02_TO_2026-08-08,LOW
hasbunallah wani'mal wakeel meaning in urdu,hasbunallah wani'mal wakeel meaning in urdu,informational,islamic-general,reference,India,,none,none,none,top,GSC_IMPRESSIONS_68D:1,GSC_AVG_POSITION:28,34.3,HIGH,/blog/hasbunallahu-wa-nimal-wakeel-meaning,/blog/hasbunallahu-wa-nimal-wakeel-meaning,LOW,reference,MONITOR,GSC_SEARCH_ANALYTICS_2026-06-02_TO_2026-08-08,LOW
hasbunallahu va nimal vakil meaning in urdu,hasbunallahu va nimal vakil meaning in urdu,informational,islamic-general,reference,India,,none,none,none,top,GSC_IMPRESSIONS_68D:1,GSC_AVG_POSITION:25,34.3,HIGH,/blog/hasbunallahu-wa-nimal-wakeel-meaning,/blog/hasbunallahu-wa-nimal-wakeel-meaning,LOW,reference,MONITOR,GSC_SEARCH_ANALYTICS_2026-06-02_TO_2026-08-08,LOW
how many pages of quran should i read a day to finish in ramadan,how many pages of quran should i read a day to finish in ramadan,informational,islamic-calendar,reference,India,,none,quran-reading,none,top,GSC_IMPRESSIONS_68D:1,GSC_AVG_POSITION:23,34.3,HIGH,/blog/finish-quran-in-ramadan-30-day-plan,/blog/finish-quran-in-ramadan-30-day-plan,LOW,reference,MONITOR,GSC_SEARCH_ANALYTICS_2026-06-02_TO_2026-08-08,LOW
in shallah meaning,in shallah meaning,informational,islamic-general,reference,Turkey,,none,none,none,top,GSC_IMPRESSIONS_68D:1,GSC_AVG_POSITION:31,34.3,HIGH,/blog/inshallah-meaning-in-english,/blog/inshallah-meaning-in-english,LOW,reference,MONITOR,GSC_SEARCH_ANALYTICS_2026-06-02_TO_2026-08-08,LOW
istikhara dua with english translation,istikhara dua with english translation,informational,duas-supplications,guide,United States,,none,none,none,top,GSC_IMPRESSIONS_68D:1,GSC_AVG_POSITION:96,34.3,HIGH,/blog/dua-e-istikhara,/blog/dua-e-istikhara,LOW,guide,MONITOR,GSC_SEARCH_ANALYTICS_2026-06-02_TO_2026-08-08,LOW
journey dua in english,journey dua in english,informational,duas-supplications,guide,United Kingdom,,none,none,none,top,GSC_IMPRESSIONS_68D:1,GSC_AVG_POSITION:61,34.3,HIGH,/blog/safar-ki-dua-travel-dua-arabic-english,/blog/safar-ki-dua-travel-dua-arabic-english,LOW,guide,MONITOR,GSC_SEARCH_ANALYTICS_2026-06-02_TO_2026-08-08,LOW
last ayat of surah baqarah,last ayat of surah baqarah,informational,quran-surahs,reference,BHR,,none,none,none,top,GSC_IMPRESSIONS_68D:1,GSC_AVG_POSITION:32,34.3,MEDIUM,/blog/last-two-ayahs-surah-baqarah,/blog/last-two-ayahs-surah-baqarah,LOW,reference,MONITOR,GSC_SEARCH_ANALYTICS_2026-06-02_TO_2026-08-08,LOW
maashallah meaning,maashallah meaning,informational,islamic-general,reference,India,,none,none,none,top,GSC_IMPRESSIONS_68D:1,GSC_AVG_POSITION:25,34.3,HIGH,/blog/mashallah-meaning,/blog/mashallah-meaning,LOW,reference,MONITOR,GSC_SEARCH_ANALYTICS_2026-06-02_TO_2026-08-08,LOW
meaning of al ikhlas,meaning of al ikhlas,informational,quran-surahs,reference,Philippines,,none,none,none,top,GSC_IMPRESSIONS_68D:1,GSC_AVG_POSITION:56,34.3,HIGH,/blog/surah-ikhlas-benefits,/blog/surah-ikhlas-benefits,LOW,reference,MONITOR,GSC_SEARCH_ANALYTICS_2026-06-02_TO_2026-08-08,LOW
meaning of allah's names,meaning of allah's names,informational,99-names,reference,United Kingdom,,none,none,none,top,GSC_IMPRESSIONS_68D:1,GSC_AVG_POSITION:54,34.3,HIGH,/blog/99-names-of-allah-asmaul-husna,/blog/99-names-of-allah-asmaul-husna,LOW,reference,MONITOR,GSC_SEARCH_ANALYTICS_2026-06-02_TO_2026-08-08,LOW
meaning of ayat kursi,meaning of ayat kursi,informational,quran-surahs,reference,United States,,none,none,none,top,GSC_IMPRESSIONS_68D:1,GSC_AVG_POSITION:63,34.3,HIGH,/blog/ayatul-kursi-arabic-english-benefits,/blog/ayatul-kursi-arabic-english-benefits,LOW,reference,MONITOR,GSC_SEARCH_ANALYTICS_2026-06-02_TO_2026-08-08,LOW
meaning of ayatul kursi in english,meaning of ayatul kursi in english,informational,quran-surahs,reference,United States,,none,none,none,top,GSC_IMPRESSIONS_68D:1,GSC_AVG_POSITION:65,34.3,HIGH,/blog/ayatul-kursi-arabic-english-benefits,/blog/ayatul-kursi-arabic-english-benefits,LOW,reference,MONITOR,GSC_SEARCH_ANALYTICS_2026-06-02_TO_2026-08-08,LOW
meaning of dua e qunoot,meaning of dua e qunoot,informational,duas-supplications,guide,United Kingdom,,none,none,none,top,GSC_IMPRESSIONS_68D:1,GSC_AVG_POSITION:71,34.3,HIGH,/blog/dua-e-qunoot-arabic-english.html,/blog/dua-e-qunoot-arabic-english.html,LOW,guide,MONITOR,GSC_SEARCH_ANALYTICS_2026-06-02_TO_2026-08-08,LOW
meaning of surah al-ikhlas,meaning of surah al-ikhlas,informational,quran-surahs,reference,India,,none,none,none,top,GSC_IMPRESSIONS_68D:1,GSC_AVG_POSITION:45,34.3,HIGH,/blog/surah-ikhlas-benefits,/blog/surah-ikhlas-benefits,LOW,reference,MONITOR,GSC_SEARCH_ANALYTICS_2026-06-02_TO_2026-08-08,LOW
mshallah meaning,mshallah meaning,informational,islamic-general,reference,Bangladesh,,none,none,none,top,GSC_IMPRESSIONS_68D:1,GSC_AVG_POSITION:22,34.3,HIGH,/blog/mashallah-meaning,/blog/mashallah-meaning,LOW,reference,MONITOR,GSC_SEARCH_ANALYTICS_2026-06-02_TO_2026-08-08,LOW
names of allah meaning,names of allah meaning,informational,99-names,reference,United States,,none,none,none,top,GSC_IMPRESSIONS_68D:1,GSC_AVG_POSITION:52,34.3,HIGH,/blog/99-names-of-allah-asmaul-husna,/blog/99-names-of-allah-asmaul-husna,LOW,reference,MONITOR,GSC_SEARCH_ANALYTICS_2026-06-02_TO_2026-08-08,LOW
names of allah with meaning in english,names of allah with meaning in english,informational,99-names,reference,United States,,none,none,none,top,GSC_IMPRESSIONS_68D:1,GSC_AVG_POSITION:52,34.3,HIGH,/blog/99-names-of-allah-asmaul-husna,/blog/99-names-of-allah-asmaul-husna,LOW,reference,MONITOR,GSC_SEARCH_ANALYTICS_2026-06-02_TO_2026-08-08,LOW
qul in english,qul in english,informational,unclustered,unknown,India,,none,none,none,top,GSC_IMPRESSIONS_68D:1,GSC_AVG_POSITION:27,34.3,HIGH,/blog/4-quls,/blog/4-quls,LOW,unknown,MONITOR,GSC_SEARCH_ANALYTICS_2026-06-02_TO_2026-08-08,LOW
sura ikhlas meaning,sura ikhlas meaning,informational,quran-surahs,reference,Egypt,,none,none,none,top,GSC_IMPRESSIONS_68D:1,GSC_AVG_POSITION:42,34.3,HIGH,/blog/surah-ikhlas-benefits,/blog/surah-ikhlas-benefits,LOW,reference,MONITOR,GSC_SEARCH_ANALYTICS_2026-06-02_TO_2026-08-08,LOW
surah ahad meaning,surah ahad meaning,informational,quran-surahs,reference,United States,,none,none,none,top,GSC_IMPRESSIONS_68D:1,GSC_AVG_POSITION:62,34.3,HIGH,/blog/surah-ikhlas-benefits,/blog/surah-ikhlas-benefits,LOW,reference,MONITOR,GSC_SEARCH_ANALYTICS_2026-06-02_TO_2026-08-08,LOW
surah al-ikhlas meaning in english,surah al-ikhlas meaning in english,informational,quran-surahs,reference,United States,,none,none,none,top,GSC_IMPRESSIONS_68D:1,GSC_AVG_POSITION:70,34.3,HIGH,/blog/surah-ikhlas-benefits,/blog/surah-ikhlas-benefits,LOW,reference,MONITOR,GSC_SEARCH_ANALYTICS_2026-06-02_TO_2026-08-08,LOW
surah al-waqiah meaning,surah al-waqiah meaning,informational,quran-surahs,reference,United States,,none,none,none,top,GSC_IMPRESSIONS_68D:1,GSC_AVG_POSITION:64,34.3,HIGH,/blog/surah-waqiah-benefits,/blog/surah-waqiah-benefits,LOW,reference,MONITOR,GSC_SEARCH_ANALYTICS_2026-06-02_TO_2026-08-08,LOW
surah waqiah fazilat,surah waqiah fazilat,informational,quran-surahs,reference,India,,none,none,none,top,GSC_IMPRESSIONS_68D:1,GSC_AVG_POSITION:20,34.3,LOW,/blog/surah-waqiah-benefits,/blog/surah-waqiah-benefits,LOW,reference,PROTECT,GSC_SEARCH_ANALYTICS_2026-06-02_TO_2026-08-08,LOW
surah yaseen meaning in english,surah yaseen meaning in english,informational,quran-surahs,reference,United States,,none,none,none,top,GSC_IMPRESSIONS_68D:1,GSC_AVG_POSITION:64,34.3,HIGH,/blog/surah-yaseen-arabic-english,/blog/surah-yaseen-arabic-english,LOW,reference,MONITOR,GSC_SEARCH_ANALYTICS_2026-06-02_TO_2026-08-08,LOW
surah yaseen text in english,surah yaseen text in english,informational,quran-surahs,reference,United States,,none,none,none,top,GSC_IMPRESSIONS_68D:1,GSC_AVG_POSITION:67,34.3,HIGH,/blog/surah-yaseen-arabic-english,/blog/surah-yaseen-arabic-english,LOW,reference,MONITOR,GSC_SEARCH_ANALYTICS_2026-06-02_TO_2026-08-08,LOW
translation of ayatul kursi in english,translation of ayatul kursi in english,informational,quran-surahs,reference,United States,,none,none,none,top,GSC_IMPRESSIONS_68D:1,GSC_AVG_POSITION:72,34.3,HIGH,/blog/ayatul-kursi-arabic-english-benefits,/blog/ayatul-kursi-arabic-english-benefits,LOW,reference,MONITOR,GSC_SEARCH_ANALYTICS_2026-06-02_TO_2026-08-08,LOW
very powerful dua for rizq in arabic text,very powerful dua for rizq in arabic text,informational,duas-supplications,guide,ETH,,none,none,none,top,GSC_IMPRESSIONS_68D:1,GSC_AVG_POSITION:29,34.3,MEDIUM,/blog/dua-for-rizq-arabic-english,/blog/dua-for-rizq-arabic-english,LOW,guide,MONITOR,GSC_SEARCH_ANALYTICS_2026-06-02_TO_2026-08-08,LOW
waw arabic letter,waw arabic letter,informational,noorani-qaida,course,Vietnam,,none,none,none,top,GSC_IMPRESSIONS_68D:1,GSC_AVG_POSITION:45,34.3,LOW,/noorani-qaida/arabic-letters/waw,/noorani-qaida/arabic-letters/waw,LOW,course,MONITOR,GSC_SEARCH_ANALYTICS_2026-06-02_TO_2026-08-08,LOW
what does bismillah,what does bismillah,informational,islamic-terms,definition,United States,,none,none,none,top,GSC_IMPRESSIONS_68D:1,GSC_AVG_POSITION:60,34.3,HIGH,/blog/bismillah-meaning-in-english,/blog/bismillah-meaning-in-english,LOW,definition,MONITOR,GSC_SEARCH_ANALYTICS_2026-06-02_TO_2026-08-08,LOW
what does labbayk mean,what does labbayk mean,informational,unclustered,unknown,Vietnam,,none,none,none,top,GSC_IMPRESSIONS_68D:1,GSC_AVG_POSITION:42,34.3,HIGH,/blog/labbaik-allahumma-labbaik,/blog/labbaik-allahumma-labbaik,LOW,unknown,MONITOR,GSC_SEARCH_ANALYTICS_2026-06-02_TO_2026-08-08,LOW
what does marshalla mean,what does marshalla mean,informational,unclustered,unknown,Australia,,none,none,none,top,GSC_IMPRESSIONS_68D:1,GSC_AVG_POSITION:71,34.3,HIGH,/blog/mashallah-meaning,/blog/mashallah-meaning,LOW,unknown,MONITOR,GSC_SEARCH_ANALYTICS_2026-06-02_TO_2026-08-08,LOW
what does surah ikhlas mean,what does surah ikhlas mean,informational,quran-surahs,reference,United Kingdom,,none,none,none,top,GSC_IMPRESSIONS_68D:1,GSC_AVG_POSITION:69,34.3,HIGH,/blog/surah-ikhlas-benefits,/blog/surah-ikhlas-benefits,LOW,reference,MONITOR,GSC_SEARCH_ANALYTICS_2026-06-02_TO_2026-08-08,LOW
what is surah al ikhlas,what is surah al ikhlas,informational,quran-surahs,reference,United States,,none,none,none,top,GSC_IMPRESSIONS_68D:1,GSC_AVG_POSITION:66,34.3,HIGH,/blog/surah-ikhlas-benefits,/blog/surah-ikhlas-benefits,LOW,reference,MONITOR,GSC_SEARCH_ANALYTICS_2026-06-02_TO_2026-08-08,LOW
what is surah yaseen about,what is surah yaseen about,informational,quran-surahs,reference,United States,,none,none,none,top,GSC_IMPRESSIONS_68D:1,GSC_AVG_POSITION:95,34.3,HIGH,/blog/surah-yaseen-arabic-english,/blog/surah-yaseen-arabic-english,LOW,reference,MONITOR,GSC_SEARCH_ANALYTICS_2026-06-02_TO_2026-08-08,LOW
what is the meaning of ayatul kursi,what is the meaning of ayatul kursi,informational,quran-surahs,reference,United States,,none,none,none,top,GSC_IMPRESSIONS_68D:1,GSC_AVG_POSITION:85,34.3,HIGH,/blog/ayatul-kursi-arabic-english-benefits,/blog/ayatul-kursi-arabic-english-benefits,LOW,reference,MONITOR,GSC_SEARCH_ANALYTICS_2026-06-02_TO_2026-08-08,LOW
when to say alhamdulillah,when to say alhamdulillah,informational,islamic-terms,definition,United Kingdom,,none,none,none,top,GSC_IMPRESSIONS_68D:1,GSC_AVG_POSITION:56,34.3,HIGH,/blog/alhamdulillah-meaning-in-english,/blog/alhamdulillah-meaning-in-english,LOW,definition,MONITOR,GSC_SEARCH_ANALYTICS_2026-06-02_TO_2026-08-08,LOW
when to say inshallah,when to say inshallah,informational,islamic-terms,definition,United States,,none,none,none,top,GSC_IMPRESSIONS_68D:1,GSC_AVG_POSITION:59,34.3,HIGH,/blog/inshallah-meaning-in-english,/blog/inshallah-meaning-in-english,LOW,definition,MONITOR,GSC_SEARCH_ANALYTICS_2026-06-02_TO_2026-08-08,LOW
иншалла на английском,иншалла на английском,informational,unclustered,unknown,RUS,,none,none,none,top,GSC_IMPRESSIONS_68D:1,GSC_AVG_POSITION:16,34.3,LOW,/blog/inshallah-meaning-in-english,/blog/inshallah-meaning-in-english,LOW,unknown,PROTECT,GSC_SEARCH_ANALYTICS_2026-06-02_TO_2026-08-08,LOW
иншаллах на английском,иншаллах на английском,informational,unclustered,unknown,RUS,,none,none,none,top,GSC_IMPRESSIONS_68D:1,GSC_AVG_POSITION:18,34.3,LOW,/blog/inshallah-meaning-in-english,/blog/inshallah-meaning-in-english,LOW,unknown,PROTECT,GSC_SEARCH_ANALYTICS_2026-06-02_TO_2026-08-08,LOW
tashahhud english,tashahhud english,informational,salah-prayer,guide,United Kingdom,,none,none,none,top,GSC_IMPRESSIONS_68D:6,GSC_AVG_POSITION:30.3,34.1,LOW,/blog/attahiyat-full-arabic-english-tashahhud,/blog/attahiyat-full-arabic-english-tashahhud,LOW,guide,CONTENT REFRESH,GSC_SEARCH_ANALYTICS_2026-06-02_TO_2026-08-08,MEDIUM
in sha allah,in sha allah,informational,islamic-terms,definition,United States,,none,none,none,top,GSC_IMPRESSIONS_68D:24,GSC_AVG_POSITION:37.8,34.0,LOW,/blog/inshallah-meaning-in-english,/blog/inshallah-meaning-in-english,LOW,definition,CONTENT REFRESH,GSC_SEARCH_ANALYTICS_2026-06-02_TO_2026-08-08,HIGH
99 names with meaning,99 names with meaning,informational,99-names,reference,GHA,,none,none,none,top,GSC_IMPRESSIONS_68D:5,GSC_AVG_POSITION:71.8,33.9,HIGH,/blog/99-names-of-allah-asmaul-husna,/blog/99-names-of-allah-asmaul-husna,LOW,reference,MONITOR,GSC_SEARCH_ANALYTICS_2026-06-02_TO_2026-08-08,MEDIUM
allah 99 names arabic,allah 99 names arabic,informational,99-names,reference,United States,,none,none,none,top,GSC_IMPRESSIONS_68D:5,GSC_AVG_POSITION:49,33.9,MEDIUM,/blog/99-names-of-allah-asmaul-husna,/blog/99-names-of-allah-asmaul-husna,MEDIUM,reference,CONTENT REFRESH,GSC_SEARCH_ANALYTICS_2026-06-02_TO_2026-08-08,MEDIUM
ninety nine names of allah with meaning,ninety nine names of allah with meaning,informational,99-names,reference,GHA,,none,none,none,top,GSC_IMPRESSIONS_68D:5,GSC_AVG_POSITION:67.2,33.9,HIGH,/blog/99-names-of-allah-asmaul-husna,/blog/99-names-of-allah-asmaul-husna,LOW,reference,MONITOR,GSC_SEARCH_ANALYTICS_2026-06-02_TO_2026-08-08,MEDIUM
99 names of allah and their meaning,99 names of allah and their meaning,informational,99-names,reference,GHA,,none,none,none,top,GSC_IMPRESSIONS_68D:2,GSC_AVG_POSITION:56,33.7,HIGH,/blog/99-names-of-allah-asmaul-husna,/blog/99-names-of-allah-asmaul-husna,LOW,reference,MONITOR,GSC_SEARCH_ANALYTICS_2026-06-02_TO_2026-08-08,LOW
99 names of allah in english with meaning,99 names of allah in english with meaning,informational,99-names,reference,United Kingdom,,none,none,none,top,GSC_IMPRESSIONS_68D:2,GSC_AVG_POSITION:63.5,33.7,HIGH,/blog/99-names-of-allah-asmaul-husna,/blog/99-names-of-allah-asmaul-husna,MEDIUM,reference,MONITOR,GSC_SEARCH_ANALYTICS_2026-06-02_TO_2026-08-08,LOW
99 names of allah with meanings in english,99 names of allah with meanings in english,informational,99-names,reference,United Kingdom,,none,none,none,top,GSC_IMPRESSIONS_68D:2,GSC_AVG_POSITION:62.5,33.7,HIGH,/blog/99-names-of-allah-asmaul-husna,/blog/99-names-of-allah-asmaul-husna,MEDIUM,reference,MONITOR,GSC_SEARCH_ANALYTICS_2026-06-02_TO_2026-08-08,LOW
allah 99 names in english with meaning,allah 99 names in english with meaning,informational,99-names,reference,United Kingdom,,none,none,none,top,GSC_IMPRESSIONS_68D:2,GSC_AVG_POSITION:62.5,33.7,HIGH,/blog/99-names-of-allah-asmaul-husna,/blog/99-names-of-allah-asmaul-husna,MEDIUM,reference,MONITOR,GSC_SEARCH_ANALYTICS_2026-06-02_TO_2026-08-08,LOW
astaghfirullahaladzim meaning,astaghfirullahaladzim meaning,informational,islamic-terms,definition,United Kingdom,,none,none,none,top,GSC_IMPRESSIONS_68D:2,GSC_AVG_POSITION:67.5,33.7,HIGH,/blog/astaghfirullah-meaning,/blog/astaghfirullah-meaning,MEDIUM,definition,MONITOR,GSC_SEARCH_ANALYTICS_2026-06-02_TO_2026-08-08,LOW
ayatul kursi in arabic english,ayatul kursi in arabic english,informational,quran-surahs,reference,United States,,none,none,none,top,GSC_IMPRESSIONS_68D:2,GSC_AVG_POSITION:47,33.7,MEDIUM,/blog/ayatul-kursi-arabic-english-benefits,/blog/ayatul-kursi-arabic-english-benefits,LOW,reference,MONITOR,GSC_SEARCH_ANALYTICS_2026-06-02_TO_2026-08-08,LOW
dua for anxiety and fear,dua for anxiety and fear,informational,duas-supplications,guide,Canada,,none,none,none,top,GSC_IMPRESSIONS_68D:2,GSC_AVG_POSITION:54.5,33.7,MEDIUM,/blog/dua-for-anxiety-stress-depression,/blog/dua-for-anxiety-stress-depression,LOW,guide,MONITOR,GSC_SEARCH_ANALYTICS_2026-06-02_TO_2026-08-08,LOW
dua for mind peace,dua for mind peace,informational,duas-supplications,guide,United States,,none,none,none,top,GSC_IMPRESSIONS_68D:2,GSC_AVG_POSITION:42.5,33.7,MEDIUM,/blog/dua-for-anxiety-stress-depression,/blog/dua-for-anxiety-stress-depression,LOW,guide,MONITOR,GSC_SEARCH_ANALYTICS_2026-06-02_TO_2026-08-08,LOW
dua for sadness,dua for sadness,informational,duas-supplications,guide,Canada,,none,none,none,top,GSC_IMPRESSIONS_68D:2,GSC_AVG_POSITION:28,33.7,LOW,/blog/dua-for-anxiety-stress-depression,/blog/dua-for-anxiety-stress-depression,LOW,guide,MONITOR,GSC_SEARCH_ANALYTICS_2026-06-02_TO_2026-08-08,LOW
dua for safar in english,dua for safar in english,informational,duas-supplications,guide,UAE,,none,none,none,top,GSC_IMPRESSIONS_68D:2,GSC_AVG_POSITION:55.5,33.7,HIGH,/blog/safar-ki-dua-travel-dua-arabic-english,/blog/safar-ki-dua-travel-dua-arabic-english,LOW,guide,MONITOR,GSC_SEARCH_ANALYTICS_2026-06-02_TO_2026-08-08,LOW
dua for travel by plane,dua for travel by plane,informational,duas-supplications,guide,Australia,,none,none,none,top,GSC_IMPRESSIONS_68D:2,GSC_AVG_POSITION:54,33.7,MEDIUM,/blog/safar-ki-dua-travel-dua-arabic-english,/blog/safar-ki-dua-travel-dua-arabic-english,LOW,guide,MONITOR,GSC_SEARCH_ANALYTICS_2026-06-02_TO_2026-08-08,LOW
dua for travelling by plane,dua for travelling by plane,informational,duas-supplications,guide,Canada,,none,none,none,top,GSC_IMPRESSIONS_68D:2,GSC_AVG_POSITION:55.5,33.7,MEDIUM,/blog/safar-ki-dua-travel-dua-arabic-english,/blog/safar-ki-dua-travel-dua-arabic-english,LOW,guide,MONITOR,GSC_SEARCH_ANALYTICS_2026-06-02_TO_2026-08-08,LOW
dua qunoot text in arabic,dua qunoot text in arabic,informational,duas-supplications,guide,United States,,none,none,none,top,GSC_IMPRESSIONS_68D:2,GSC_AVG_POSITION:47,33.7,MEDIUM,/blog/dua-e-qunoot-arabic-english.html,/blog/dua-e-qunoot-arabic-english.html,LOW,guide,MONITOR,GSC_SEARCH_ANALYTICS_2026-06-02_TO_2026-08-08,LOW
dua to remove fear from mind and heart,dua to remove fear from mind and heart,informational,duas-supplications,guide,United Kingdom,,none,none,none,top,GSC_IMPRESSIONS_68D:2,GSC_AVG_POSITION:45,33.7,MEDIUM,/blog/dua-for-anxiety-stress-depression,/blog/dua-for-anxiety-stress-depression,LOW,guide,MONITOR,GSC_SEARCH_ANALYTICS_2026-06-02_TO_2026-08-08,LOW
ghusl steps for men,ghusl steps for men,informational,salah-prayer,guide,Indonesia,,men,none,none,top,GSC_IMPRESSIONS_68D:2,GSC_AVG_POSITION:31.5,33.7,MEDIUM,/blog/how-to-do-ghusl-step-by-step,/blog/how-to-do-ghusl-step-by-step,LOW,guide,MONITOR,GSC_SEARCH_ANALYTICS_2026-06-02_TO_2026-08-08,LOW
how to say alhamdulillah,how to say alhamdulillah,informational,islamic-terms,definition,United Kingdom,,none,none,none,top,GSC_IMPRESSIONS_68D:2,GSC_AVG_POSITION:62,33.7,HIGH,/blog/alhamdulillah-meaning-in-english.html,/blog/alhamdulillah-meaning-in-english.html,LOW,definition,MONITOR,GSC_SEARCH_ANALYTICS_2026-06-02_TO_2026-08-08,LOW
ijazah in quran,ijazah in quran,informational,quran-learning-service,service,United Kingdom,,none,none,none,top,GSC_IMPRESSIONS_68D:2,GSC_AVG_POSITION:55.5,33.7,LOW,/blog/what-is-ijazah-in-quran-teaching,/blog/what-is-ijazah-in-quran-teaching,LOW,service,MONITOR,GSC_SEARCH_ANALYTICS_2026-06-02_TO_2026-08-08,LOW
insha allah meaning in english,insha allah meaning in english,informational,islamic-terms,definition,India,,none,none,none,top,GSC_IMPRESSIONS_68D:2,GSC_AVG_POSITION:43.5,33.7,HIGH,/blog/inshallah-meaning-in-english,/blog/inshallah-meaning-in-english,LOW,definition,MONITOR,GSC_SEARCH_ANALYTICS_2026-06-02_TO_2026-08-08,LOW
inshallah meaning in arabic,inshallah meaning in arabic,informational,islamic-terms,definition,United States,,none,none,none,top,GSC_IMPRESSIONS_68D:2,GSC_AVG_POSITION:79,33.7,HIGH,/blog/inshallah-meaning-in-english,/blog/inshallah-meaning-in-english,LOW,definition,MONITOR,GSC_SEARCH_ANALYTICS_2026-06-02_TO_2026-08-08,LOW
inshallah meaning in punjabi,inshallah meaning in punjabi,informational,islamic-terms,definition,India,,none,none,none,top,GSC_IMPRESSIONS_68D:2,GSC_AVG_POSITION:45.5,33.7,HIGH,/blog/inshallah-meaning-in-english,/blog/inshallah-meaning-in-english,LOW,definition,MONITOR,GSC_SEARCH_ANALYTICS_2026-06-02_TO_2026-08-08,LOW
meaning of allah names,meaning of allah names,informational,99-names,reference,United Kingdom,,none,none,none,top,GSC_IMPRESSIONS_68D:2,GSC_AVG_POSITION:65,33.7,HIGH,/blog/99-names-of-allah-asmaul-husna,/blog/99-names-of-allah-asmaul-husna,MEDIUM,reference,MONITOR,GSC_SEARCH_ANALYTICS_2026-06-02_TO_2026-08-08,LOW
meaning of astaghfirullah in urdu,meaning of astaghfirullah in urdu,informational,islamic-terms,definition,India,,none,none,none,top,GSC_IMPRESSIONS_68D:2,GSC_AVG_POSITION:43,33.7,HIGH,/blog/astaghfirullah-meaning.html,/blog/astaghfirullah-meaning.html,LOW,definition,MONITOR,GSC_SEARCH_ANALYTICS_2026-06-02_TO_2026-08-08,LOW
meaning of bismillah in english,meaning of bismillah in english,informational,islamic-terms,definition,United Kingdom,,none,none,none,top,GSC_IMPRESSIONS_68D:2,GSC_AVG_POSITION:63,33.7,HIGH,/blog/bismillah-meaning-in-english,/blog/bismillah-meaning-in-english,LOW,definition,MONITOR,GSC_SEARCH_ANALYTICS_2026-06-02_TO_2026-08-08,LOW
meaning of mashallah,meaning of mashallah,informational,islamic-terms,definition,United Kingdom,,none,none,none,top,GSC_IMPRESSIONS_68D:2,GSC_AVG_POSITION:92.5,33.7,HIGH,/blog/mashallah-meaning.html,/blog/mashallah-meaning.html,LOW,definition,MONITOR,GSC_SEARCH_ANALYTICS_2026-06-02_TO_2026-08-08,LOW
meaning of the 99 names of allah and benefits,meaning of the 99 names of allah and benefits,informational,99-names,reference,United Kingdom,,none,none,none,top,GSC_IMPRESSIONS_68D:2,GSC_AVG_POSITION:86,33.7,HIGH,/blog/99-names-of-allah-asmaul-husna,/blog/99-names-of-allah-asmaul-husna,MEDIUM,reference,MONITOR,GSC_SEARCH_ANALYTICS_2026-06-02_TO_2026-08-08,LOW
ninety nine names of allah and their meaning,ninety nine names of allah and their meaning,informational,99-names,reference,GHA,,none,none,none,top,GSC_IMPRESSIONS_68D:2,GSC_AVG_POSITION:52.5,33.7,HIGH,/blog/99-names-of-allah-asmaul-husna,/blog/99-names-of-allah-asmaul-husna,LOW,reference,MONITOR,GSC_SEARCH_ANALYTICS_2026-06-02_TO_2026-08-08,LOW
safar dua in arabic,safar dua in arabic,informational,duas-supplications,guide,UAE,,none,none,none,top,GSC_IMPRESSIONS_68D:2,GSC_AVG_POSITION:33,33.7,MEDIUM,/blog/safar-ki-dua-travel-dua-arabic-english,/blog/safar-ki-dua-travel-dua-arabic-english,LOW,guide,MONITOR,GSC_SEARCH_ANALYTICS_2026-06-02_TO_2026-08-08,LOW
sleeping dua in english,sleeping dua in english,informational,duas-supplications,guide,UAE,,none,none,none,top,GSC_IMPRESSIONS_68D:2,GSC_AVG_POSITION:51,33.7,HIGH,/blog/dua-before-sleeping-islam,/blog/dua-before-sleeping-islam,LOW,guide,MONITOR,GSC_SEARCH_ANALYTICS_2026-06-02_TO_2026-08-08,LOW
surah attahiyat,surah attahiyat,informational,quran-surahs,reference,Australia,,none,none,none,top,GSC_IMPRESSIONS_68D:2,GSC_AVG_POSITION:25,33.7,LOW,/blog/attahiyat-full-arabic-english-tashahhud,/blog/attahiyat-full-arabic-english-tashahhud,LOW,reference,MONITOR,GSC_SEARCH_ANALYTICS_2026-06-02_TO_2026-08-08,LOW
tahajjud meaning,tahajjud meaning,informational,salah-prayer,guide,UAE,,none,none,none,top,GSC_IMPRESSIONS_68D:2,GSC_AVG_POSITION:84.5,33.7,HIGH,/blog/tahajjud-prayer,/blog/tahajjud-prayer,LOW,guide,MONITOR,GSC_SEARCH_ANALYTICS_2026-06-02_TO_2026-08-08,LOW
translation of bismillah in english,translation of bismillah in english,informational,islamic-terms,definition,Pakistan,,none,none,none,top,GSC_IMPRESSIONS_68D:2,GSC_AVG_POSITION:46,33.7,HIGH,/blog/bismillah-meaning-in-english,/blog/bismillah-meaning-in-english,LOW,definition,MONITOR,GSC_SEARCH_ANALYTICS_2026-06-02_TO_2026-08-08,LOW
what do alhamdulillah mean,what do alhamdulillah mean,informational,islamic-terms,definition,United States,,none,none,none,top,GSC_IMPRESSIONS_68D:2,GSC_AVG_POSITION:68,33.7,HIGH,/blog/alhamdulillah-meaning-in-english,/blog/alhamdulillah-meaning-in-english,MEDIUM,definition,MONITOR,GSC_SEARCH_ANALYTICS_2026-06-02_TO_2026-08-08,LOW
what does alhamdulillah,what does alhamdulillah,informational,islamic-terms,definition,United States,,none,none,none,top,GSC_IMPRESSIONS_68D:2,GSC_AVG_POSITION:67,33.7,HIGH,/blog/alhamdulillah-meaning-in-english,/blog/alhamdulillah-meaning-in-english,MEDIUM,definition,MONITOR,GSC_SEARCH_ANALYTICS_2026-06-02_TO_2026-08-08,LOW
"أستغفر الله العظيم الذي لا إله إلا هو الحي القيوم، بديع السماوات والأرض، من جميع جرمي وظلمي وإسرافي على نفسي وأتوب إليه"".","أستغفر الله العظيم الذي لا إله إلا هو الحي القيوم، بديع السماوات والأرض، من جميع جرمي وظلمي وإسرافي على نفسي وأتوب إليه"".",informational,unclustered,unknown,United States,,none,none,none,top,GSC_IMPRESSIONS_68D:2,GSC_AVG_POSITION:27.5,33.7,MEDIUM,/blog/astaghfirullah-meaning.html,/blog/astaghfirullah-meaning.html,LOW,unknown,MONITOR,GSC_SEARCH_ANALYTICS_2026-06-02_TO_2026-08-08,LOW
100 names of allah,100 names of allah,informational,99-names,reference,Canada,,none,none,none,top,GSC_IMPRESSIONS_68D:4,GSC_AVG_POSITION:52,33.4,MEDIUM,/blog/99-names-of-allah-asmaul-husna,/blog/99-names-of-allah-asmaul-husna,LOW,reference,MONITOR,GSC_SEARCH_ANALYTICS_2026-06-02_TO_2026-08-08,MEDIUM
99 names of allah english,99 names of allah english,informational,99-names,reference,Australia,,none,none,none,top,GSC_IMPRESSIONS_68D:4,GSC_AVG_POSITION:50.8,33.4,MEDIUM,/blog/99-names-of-allah-asmaul-husna,/blog/99-names-of-allah-asmaul-husna,MEDIUM,reference,MONITOR,GSC_SEARCH_ANALYTICS_2026-06-02_TO_2026-08-08,MEDIUM
alhamdulillah arabic,alhamdulillah arabic,informational,islamic-terms,definition,Norway,,none,none,none,top,GSC_IMPRESSIONS_68D:9,GSC_AVG_POSITION:73.7,33.4,LOW,/blog/alhamdulillah-meaning-in-english.html,/blog/alhamdulillah-meaning-in-english.html,LOW,definition,MONITOR,GSC_SEARCH_ANALYTICS_2026-06-02_TO_2026-08-08,MEDIUM
best time to pray tahajjud,best time to pray tahajjud,informational,salah-prayer,guide,Saudi Arabia,,none,none,none,top,GSC_IMPRESSIONS_68D:4,GSC_AVG_POSITION:42.2,33.4,MEDIUM,/blog/tahajjud-prayer,/blog/tahajjud-prayer,LOW,guide,MONITOR,GSC_SEARCH_ANALYTICS_2026-06-02_TO_2026-08-08,MEDIUM
hifz program online,hifz program online,informational,hifz-memorisation,course,United States,,none,hifz,none,top,GSC_IMPRESSIONS_68D:9,GSC_AVG_POSITION:76.3,33.4,LOW,/hifz-quran-online,/hifz-quran-online,MEDIUM,course,MONITOR,GSC_SEARCH_ANALYTICS_2026-06-02_TO_2026-08-08,MEDIUM
learn quran online for beginners,learn quran online for beginners,commercial,islamic-general,reference,Pakistan,,beginners,none,none,middle,GSC_IMPRESSIONS_68D:4,GSC_AVG_POSITION:104,33.4,MEDIUM,/online-quran-for-beginners,/online-quran-for-beginners,LOW,reference,CLUSTER SUPPORT,GSC_SEARCH_ANALYTICS_2026-06-02_TO_2026-08-08,MEDIUM
meaning of subhanallah,meaning of subhanallah,informational,islamic-terms,definition,UAE,,none,none,none,top,GSC_IMPRESSIONS_68D:4,GSC_AVG_POSITION:53.5,33.4,HIGH,/blog/subhanallah-meaning,/blog/subhanallah-meaning,LOW,definition,MONITOR,GSC_SEARCH_ANALYTICS_2026-06-02_TO_2026-08-08,MEDIUM
safar ki dua arabic,safar ki dua arabic,informational,duas-supplications,guide,India,,none,none,none,top,GSC_IMPRESSIONS_68D:4,GSC_AVG_POSITION:21.8,33.4,MEDIUM,/blog/safar-ki-dua-travel-dua-arabic-english,/blog/safar-ki-dua-travel-dua-arabic-english,LOW,guide,MONITOR,GSC_SEARCH_ANALYTICS_2026-06-02_TO_2026-08-08,MEDIUM
tahajjud prayer,tahajjud prayer,informational,salah-prayer,guide,United States,,none,none,none,top,GSC_IMPRESSIONS_68D:17,GSC_AVG_POSITION:41.8,33.3,LOW,/blog/tahajjud-prayer,/blog/tahajjud-prayer,LOW,guide,CONTENT REFRESH,GSC_SEARCH_ANALYTICS_2026-06-02_TO_2026-08-08,HIGH
99 names allah english,99 names allah english,informational,99-names,reference,United States,,none,none,none,top,GSC_IMPRESSIONS_68D:3,GSC_AVG_POSITION:44.3,33.0,MEDIUM,/blog/99-names-of-allah-asmaul-husna,/blog/99-names-of-allah-asmaul-husna,MEDIUM,reference,MONITOR,GSC_SEARCH_ANALYTICS_2026-06-02_TO_2026-08-08,MEDIUM
alhamdulillah meaning english,alhamdulillah meaning english,informational,islamic-terms,definition,BHR,,none,none,none,top,GSC_IMPRESSIONS_68D:3,GSC_AVG_POSITION:69,33.0,HIGH,/blog/alhamdulillah-meaning-in-english,/blog/alhamdulillah-meaning-in-english,LOW,definition,MONITOR,GSC_SEARCH_ANALYTICS_2026-06-02_TO_2026-08-08,MEDIUM
all the 99 names of allah,all the 99 names of allah,informational,99-names,reference,United States,,none,none,none,top,GSC_IMPRESSIONS_68D:3,GSC_AVG_POSITION:44.3,33.0,MEDIUM,/blog/99-names-of-allah-asmaul-husna,/blog/99-names-of-allah-asmaul-husna,LOW,reference,MONITOR,GSC_SEARCH_ANALYTICS_2026-06-02_TO_2026-08-08,MEDIUM
astaghfar in english,astaghfar in english,informational,duas-supplications,guide,India,,none,none,none,top,GSC_IMPRESSIONS_68D:3,GSC_AVG_POSITION:54,33.0,HIGH,/blog/astaghfirullah-meaning,/blog/astaghfirullah-meaning,MEDIUM,guide,MONITOR,GSC_SEARCH_ANALYTICS_2026-06-02_TO_2026-08-08,MEDIUM
atiyat,atiyat,informational,unclustered,unknown,India,,none,none,none,top,GSC_IMPRESSIONS_68D:3,GSC_AVG_POSITION:15.7,33.0,LOW,/blog/attahiyat-full-arabic-english-tashahhud,/blog/attahiyat-full-arabic-english-tashahhud,LOW,unknown,PROTECT,GSC_SEARCH_ANALYTICS_2026-06-02_TO_2026-08-08,MEDIUM
attahiyat prayer,attahiyat prayer,informational,salah-prayer,guide,United Kingdom,,none,none,none,top,GSC_IMPRESSIONS_68D:3,GSC_AVG_POSITION:26,33.0,LOW,/blog/attahiyat-full-arabic-english-tashahhud,/blog/attahiyat-full-arabic-english-tashahhud,LOW,guide,MONITOR,GSC_SEARCH_ANALYTICS_2026-06-02_TO_2026-08-08,MEDIUM
dua safar,dua safar,informational,duas-supplications,guide,United Kingdom,,none,none,none,top,GSC_IMPRESSIONS_68D:7,GSC_AVG_POSITION:36.3,33.0,LOW,/blog/safar-ki-dua-travel-dua-arabic-english,/blog/safar-ki-dua-travel-dua-arabic-english,LOW,guide,CONTENT REFRESH,GSC_SEARCH_ANALYTICS_2026-06-02_TO_2026-08-08,MEDIUM
inshalla meaning,inshalla meaning,informational,unclustered,unknown,United Kingdom,,none,none,none,top,GSC_IMPRESSIONS_68D:3,GSC_AVG_POSITION:79,33.0,HIGH,/blog/inshallah-meaning-in-english,/blog/inshallah-meaning-in-english,LOW,unknown,MONITOR,GSC_SEARCH_ANALYTICS_2026-06-02_TO_2026-08-08,MEDIUM
islamic dream meaning,islamic dream meaning,informational,islamic-general,reference,United Kingdom,,none,none,none,top,GSC_IMPRESSIONS_68D:3,GSC_AVG_POSITION:74.3,33.0,HIGH,/blog/islamic-dream-interpretation.html,/blog/islamic-dream-interpretation.html,LOW,reference,MONITOR,GSC_SEARCH_ANALYTICS_2026-06-02_TO_2026-08-08,MEDIUM
istighfar duas,istighfar duas,informational,duas-supplications,guide,United States,,none,none,none,top,GSC_IMPRESSIONS_68D:7,GSC_AVG_POSITION:36.9,33.0,LOW,/blog/dua-for-forgiveness-istighfar,/blog/dua-for-forgiveness-istighfar,LOW,guide,CONTENT REFRESH,GSC_SEARCH_ANALYTICS_2026-06-02_TO_2026-08-08,MEDIUM
meaning of ma sha allah,meaning of ma sha allah,informational,islamic-general,reference,United Kingdom,,none,none,none,top,GSC_IMPRESSIONS_68D:3,GSC_AVG_POSITION:80,33.0,HIGH,/blog/mashallah-meaning.html,/blog/mashallah-meaning.html,LOW,reference,MONITOR,GSC_SEARCH_ANALYTICS_2026-06-02_TO_2026-08-08,MEDIUM
surah al mulk benefits,surah al mulk benefits,informational,quran-surahs,reference,Germany,,none,none,none,top,GSC_IMPRESSIONS_68D:3,GSC_AVG_POSITION:80.7,33.0,MEDIUM,/blog/surah-mulk-benefits,/blog/surah-mulk-benefits,LOW,reference,MONITOR,GSC_SEARCH_ANALYTICS_2026-06-02_TO_2026-08-08,MEDIUM
surah al waqiah meaning,surah al waqiah meaning,informational,quran-surahs,reference,UAE,,none,none,none,top,GSC_IMPRESSIONS_68D:3,GSC_AVG_POSITION:60.3,33.0,HIGH,/blog/surah-waqiah-benefits,/blog/surah-waqiah-benefits,LOW,reference,MONITOR,GSC_SEARCH_ANALYTICS_2026-06-02_TO_2026-08-08,MEDIUM
tahiyat for salah,tahiyat for salah,informational,salah-prayer,guide,United States,,none,none,none,top,GSC_IMPRESSIONS_68D:3,GSC_AVG_POSITION:29.7,33.0,LOW,/blog/attahiyat-full-arabic-english-tashahhud,/blog/attahiyat-full-arabic-english-tashahhud,LOW,guide,MONITOR,GSC_SEARCH_ANALYTICS_2026-06-02_TO_2026-08-08,MEDIUM
tahiyat prayer,tahiyat prayer,informational,salah-prayer,guide,United Kingdom,,none,none,none,top,GSC_IMPRESSIONS_68D:3,GSC_AVG_POSITION:23,33.0,LOW,/blog/attahiyat-full-arabic-english-tashahhud,/blog/attahiyat-full-arabic-english-tashahhud,LOW,guide,MONITOR,GSC_SEARCH_ANALYTICS_2026-06-02_TO_2026-08-08,MEDIUM
99 name of allah meaning,99 name of allah meaning,informational,99-names,reference,United States,,none,none,none,top,GSC_IMPRESSIONS_68D:1,GSC_AVG_POSITION:87,32.9,HIGH,/blog/99-names-of-allah-asmaul-husna,/blog/99-names-of-allah-asmaul-husna,LOW,reference,MONITOR,GSC_SEARCH_ANALYTICS_2026-06-02_TO_2026-08-08,LOW
99 names for allah in english,99 names for allah in english,informational,99-names,reference,United Kingdom,,none,none,none,top,GSC_IMPRESSIONS_68D:1,GSC_AVG_POSITION:76,32.9,HIGH,/blog/99-names-of-allah-asmaul-husna.html,/blog/99-names-of-allah-asmaul-husna.html,LOW,reference,MONITOR,GSC_SEARCH_ANALYTICS_2026-06-02_TO_2026-08-08,LOW
99 names of allah meaning and benefits,99 names of allah meaning and benefits,informational,99-names,reference,United States,,none,none,none,top,GSC_IMPRESSIONS_68D:1,GSC_AVG_POSITION:85,32.9,HIGH,/blog/99-names-of-allah-asmaul-husna,/blog/99-names-of-allah-asmaul-husna,LOW,reference,MONITOR,GSC_SEARCH_ANALYTICS_2026-06-02_TO_2026-08-08,LOW
allah akbar meaning,allah akbar meaning,informational,islamic-general,reference,United States,,none,none,none,top,GSC_IMPRESSIONS_68D:1,GSC_AVG_POSITION:55,32.9,HIGH,/blog/allahu-akbar-meaning-in-english,/blog/allahu-akbar-meaning-in-english,LOW,reference,MONITOR,GSC_SEARCH_ANALYTICS_2026-06-02_TO_2026-08-08,LOW
allah name meaning,allah name meaning,informational,99-names,reference,United Kingdom,,none,none,none,top,GSC_IMPRESSIONS_68D:1,GSC_AVG_POSITION:88,32.9,HIGH,/blog/99-names-of-allah-asmaul-husna.html,/blog/99-names-of-allah-asmaul-husna.html,LOW,reference,MONITOR,GSC_SEARCH_ANALYTICS_2026-06-02_TO_2026-08-08,LOW
allah names and meaning,allah names and meaning,informational,99-names,reference,Pakistan,,none,none,none,top,GSC_IMPRESSIONS_68D:1,GSC_AVG_POSITION:45,32.9,HIGH,/blog/99-names-of-allah-asmaul-husna,/blog/99-names-of-allah-asmaul-husna,LOW,reference,MONITOR,GSC_SEARCH_ANALYTICS_2026-06-02_TO_2026-08-08,LOW
allah's name with meaning,allah's name with meaning,informational,99-names,reference,Nigeria,,none,none,none,top,GSC_IMPRESSIONS_68D:1,GSC_AVG_POSITION:48,32.9,HIGH,/blog/99-names-of-allah-asmaul-husna,/blog/99-names-of-allah-asmaul-husna,LOW,reference,MONITOR,GSC_SEARCH_ANALYTICS_2026-06-02_TO_2026-08-08,LOW
allahs 99 names and meaning,allahs 99 names and meaning,informational,99-names,reference,United States,,none,none,none,top,GSC_IMPRESSIONS_68D:1,GSC_AVG_POSITION:90,32.9,HIGH,/blog/99-names-of-allah-asmaul-husna,/blog/99-names-of-allah-asmaul-husna,LOW,reference,MONITOR,GSC_SEARCH_ANALYTICS_2026-06-02_TO_2026-08-08,LOW
astaghfirullah translate,astaghfirullah translate,informational,islamic-terms,definition,Sweden,,none,none,none,top,GSC_IMPRESSIONS_68D:1,GSC_AVG_POSITION:47,32.9,LOW,/blog/astaghfirullah-meaning,/blog/astaghfirullah-meaning,LOW,definition,MONITOR,GSC_SEARCH_ANALYTICS_2026-06-02_TO_2026-08-08,LOW
atiyat meaning,atiyat meaning,informational,unclustered,unknown,United Kingdom,,none,none,none,top,GSC_IMPRESSIONS_68D:1,GSC_AVG_POSITION:52,32.9,HIGH,/blog/attahiyat-full-arabic-english-tashahhud,/blog/attahiyat-full-arabic-english-tashahhud,LOW,unknown,MONITOR,GSC_SEARCH_ANALYTICS_2026-06-02_TO_2026-08-08,LOW
ayat kursi english arabic,ayat kursi english arabic,informational,quran-surahs,reference,United States,,none,none,none,top,GSC_IMPRESSIONS_68D:1,GSC_AVG_POSITION:44,32.9,MEDIUM,/blog/ayatul-kursi-arabic-english-benefits,/blog/ayatul-kursi-arabic-english-benefits,LOW,reference,MONITOR,GSC_SEARCH_ANALYTICS_2026-06-02_TO_2026-08-08,LOW
ayatul kursi arabic english,ayatul kursi arabic english,informational,quran-surahs,reference,United States,,none,none,none,top,GSC_IMPRESSIONS_68D:1,GSC_AVG_POSITION:44,32.9,MEDIUM,/blog/ayatul-kursi-arabic-english-benefits,/blog/ayatul-kursi-arabic-english-benefits,LOW,reference,MONITOR,GSC_SEARCH_ANALYTICS_2026-06-02_TO_2026-08-08,LOW
barakallahu feeki,barakallahu feeki,informational,islamic-terms,definition,India,,none,none,none,top,GSC_IMPRESSIONS_68D:1,GSC_AVG_POSITION:11,32.9,LOW,/blog/barakallah-meaning,/blog/barakallah-meaning,LOW,definition,PROTECT,GSC_SEARCH_ANALYTICS_2026-06-02_TO_2026-08-08,LOW
bismillah mean,bismillah mean,informational,islamic-terms,definition,Portugal,,none,none,none,top,GSC_IMPRESSIONS_68D:1,GSC_AVG_POSITION:44,32.9,LOW,/blog/bismillah-meaning-in-english,/blog/bismillah-meaning-in-english,LOW,definition,MONITOR,GSC_SEARCH_ANALYTICS_2026-06-02_TO_2026-08-08,LOW
coming soon inshallah meaning in urdu,coming soon inshallah meaning in urdu,informational,islamic-terms,definition,Pakistan,,none,none,none,top,GSC_IMPRESSIONS_68D:1,GSC_AVG_POSITION:47,32.9,HIGH,/blog/inshallah-meaning-in-english,/blog/inshallah-meaning-in-english,LOW,definition,MONITOR,GSC_SEARCH_ANALYTICS_2026-06-02_TO_2026-08-08,LOW
dua a safar,dua a safar,informational,duas-supplications,guide,Canada,,none,none,none,top,GSC_IMPRESSIONS_68D:1,GSC_AVG_POSITION:32,32.9,LOW,/blog/safar-ki-dua-travel-dua-arabic-english,/blog/safar-ki-dua-travel-dua-arabic-english,LOW,guide,MONITOR,GSC_SEARCH_ANALYTICS_2026-06-02_TO_2026-08-08,LOW
dua e istikhara english,dua e istikhara english,informational,duas-supplications,guide,Saudi Arabia,,none,none,none,top,GSC_IMPRESSIONS_68D:1,GSC_AVG_POSITION:34,32.9,MEDIUM,/blog/dua-e-istikhara,/blog/dua-e-istikhara,LOW,guide,MONITOR,GSC_SEARCH_ANALYTICS_2026-06-02_TO_2026-08-08,LOW
dua e safar,dua e safar,informational,duas-supplications,guide,Canada,,none,none,none,top,GSC_IMPRESSIONS_68D:1,GSC_AVG_POSITION:40,32.9,LOW,/blog/safar-ki-dua-travel-dua-arabic-english,/blog/safar-ki-dua-travel-dua-arabic-english,LOW,guide,MONITOR,GSC_SEARCH_ANALYTICS_2026-06-02_TO_2026-08-08,LOW
dua for anxiety and stress,dua for anxiety and stress,informational,duas-supplications,guide,United Kingdom,,none,none,none,top,GSC_IMPRESSIONS_68D:1,GSC_AVG_POSITION:45,32.9,MEDIUM,/blog/dua-for-anxiety-stress-depression,/blog/dua-for-anxiety-stress-depression,LOW,guide,MONITOR,GSC_SEARCH_ANALYTICS_2026-06-02_TO_2026-08-08,LOW
dua for evil eye from quran,dua for evil eye from quran,informational,duas-supplications,guide,United States,,none,none,none,top,GSC_IMPRESSIONS_68D:1,GSC_AVG_POSITION:42,32.9,MEDIUM,/blog/evil-eye-dua-nazar-ruqyah,/blog/evil-eye-dua-nazar-ruqyah,LOW,guide,MONITOR,GSC_SEARCH_ANALYTICS_2026-06-02_TO_2026-08-08,LOW
dua for sick people,dua for sick people,informational,duas-supplications,guide,Australia,,none,none,none,top,GSC_IMPRESSIONS_68D:1,GSC_AVG_POSITION:51,32.9,MEDIUM,/blog/dua-for-sick-person-arabic-english,/blog/dua-for-sick-person-arabic-english,LOW,guide,MONITOR,GSC_SEARCH_ANALYTICS_2026-06-02_TO_2026-08-08,LOW
dua for travel transliteration,dua for travel transliteration,informational,duas-supplications,guide,Canada,,none,none,none,top,GSC_IMPRESSIONS_68D:1,GSC_AVG_POSITION:60,32.9,MEDIUM,/blog/safar-ki-dua-travel-dua-arabic-english,/blog/safar-ki-dua-travel-dua-arabic-english,LOW,guide,MONITOR,GSC_SEARCH_ANALYTICS_2026-06-02_TO_2026-08-08,LOW
dua for travelling transliteration,dua for travelling transliteration,informational,duas-supplications,guide,Canada,,none,none,none,top,GSC_IMPRESSIONS_68D:1,GSC_AVG_POSITION:59,32.9,MEDIUM,/blog/safar-ki-dua-travel-dua-arabic-english,/blog/safar-ki-dua-travel-dua-arabic-english,LOW,guide,MONITOR,GSC_SEARCH_ANALYTICS_2026-06-02_TO_2026-08-08,LOW
dua of istikhara in arabic,dua of istikhara in arabic,informational,duas-supplications,guide,United States,,none,none,none,top,GSC_IMPRESSIONS_68D:1,GSC_AVG_POSITION:41,32.9,MEDIUM,/blog/dua-e-istikhara,/blog/dua-e-istikhara,LOW,guide,MONITOR,GSC_SEARCH_ANALYTICS_2026-06-02_TO_2026-08-08,LOW
dua of sick person,dua of sick person,informational,duas-supplications,guide,Saudi Arabia,,none,none,none,top,GSC_IMPRESSIONS_68D:1,GSC_AVG_POSITION:39,32.9,MEDIUM,/blog/dua-for-sick-person-arabic-english,/blog/dua-for-sick-person-arabic-english,LOW,guide,MONITOR,GSC_SEARCH_ANALYTICS_2026-06-02_TO_2026-08-08,LOW
dua of success in exams,dua of success in exams,informational,duas-supplications,guide,United States,,none,none,none,top,GSC_IMPRESSIONS_68D:1,GSC_AVG_POSITION:49,32.9,MEDIUM,/blog/dua-for-success-exams,/blog/dua-for-success-exams,LOW,guide,MONITOR,GSC_SEARCH_ANALYTICS_2026-06-02_TO_2026-08-08,LOW
dua to calm nerves,dua to calm nerves,informational,duas-supplications,guide,United Kingdom,,none,none,none,top,GSC_IMPRESSIONS_68D:1,GSC_AVG_POSITION:49,32.9,MEDIUM,/blog/dua-for-anxiety-stress-depression,/blog/dua-for-anxiety-stress-depression,LOW,guide,MONITOR,GSC_SEARCH_ANALYTICS_2026-06-02_TO_2026-08-08,LOW
dua to remove anxiety,dua to remove anxiety,informational,duas-supplications,guide,United States,,none,none,none,top,GSC_IMPRESSIONS_68D:1,GSC_AVG_POSITION:43,32.9,MEDIUM,/blog/dua-for-anxiety-stress-depression,/blog/dua-for-anxiety-stress-depression,LOW,guide,MONITOR,GSC_SEARCH_ANALYTICS_2026-06-02_TO_2026-08-08,LOW
e n a b l e d q u r a n t a j w e e d c l a s s e s o n l i n e p h r a s e m a t c h g s n g e n e r i c a c a d e m y i s l a m i c c o u r s e s n o t e l i g i b l e c a m p a i g n p a u s e d 1 0 0 . 0 0 % z a r 0 0 . 0 0,e n a b l e d q u r a n t a j w e e d c l a s s e s o n l i n e p h r a s e m a t c h g s n g e n e r i c a c a d e m y i s l a m i c c o u r s e s n o t e l i g i b l e c a m p a i g n p a u s e d 1 0 0 . 0 0 % z a r 0 0 . 0 0,informational,unclustered,unknown,South Africa,,none,none,none,top,GSC_IMPRESSIONS_68D:1,GSC_AVG_POSITION:38,32.9,MEDIUM,/locations/online-quran-classes-south-africa,/locations/online-quran-classes-south-africa,LOW,unknown,MONITOR,GSC_SEARCH_ANALYTICS_2026-06-02_TO_2026-08-08,LOW
english translation of bismillah,english translation of bismillah,informational,islamic-terms,definition,Pakistan,,none,none,none,top,GSC_IMPRESSIONS_68D:1,GSC_AVG_POSITION:41,32.9,HIGH,/blog/bismillah-meaning-in-english,/blog/bismillah-meaning-in-english,LOW,definition,MONITOR,GSC_SEARCH_ANALYTICS_2026-06-02_TO_2026-08-08,LOW
hamdullah meaning in english,hamdullah meaning in english,informational,unclustered,unknown,United States,,none,none,none,top,GSC_IMPRESSIONS_68D:1,GSC_AVG_POSITION:51,32.9,HIGH,/blog/alhamdulillah-meaning-in-english,/blog/alhamdulillah-meaning-in-english,LOW,unknown,MONITOR,GSC_SEARCH_ANALYTICS_2026-06-02_TO_2026-08-08,LOW
how many names of allah,how many names of allah,informational,99-names,reference,Pakistan,,none,none,none,top,GSC_IMPRESSIONS_68D:1,GSC_AVG_POSITION:43,32.9,HIGH,/blog/99-names-of-allah-asmaul-husna,/blog/99-names-of-allah-asmaul-husna,LOW,reference,MONITOR,GSC_SEARCH_ANALYTICS_2026-06-02_TO_2026-08-08,LOW
how to do witr,how to do witr,informational,salah-prayer,guide,UAE,,none,none,none,top,GSC_IMPRESSIONS_68D:1,GSC_AVG_POSITION:68,32.9,HIGH,/blog/how-to-pray-witr,/blog/how-to-pray-witr,LOW,guide,MONITOR,GSC_SEARCH_ANALYTICS_2026-06-02_TO_2026-08-08,LOW
how to respond to inshallah,how to respond to inshallah,informational,islamic-terms,definition,United States,,none,none,none,top,GSC_IMPRESSIONS_68D:1,GSC_AVG_POSITION:74,32.9,HIGH,/blog/inshallah-meaning-in-english,/blog/inshallah-meaning-in-english,LOW,definition,MONITOR,GSC_SEARCH_ANALYTICS_2026-06-02_TO_2026-08-08,LOW
how to spell alhamdulillah,how to spell alhamdulillah,informational,islamic-terms,definition,United States,,none,none,none,top,GSC_IMPRESSIONS_68D:1,GSC_AVG_POSITION:62,32.9,HIGH,/blog/alhamdulillah-meaning-in-english,/blog/alhamdulillah-meaning-in-english,LOW,definition,MONITOR,GSC_SEARCH_ANALYTICS_2026-06-02_TO_2026-08-08,LOW
how to use inshallah in a sentence,how to use inshallah in a sentence,informational,islamic-terms,definition,United States,,none,none,none,top,GSC_IMPRESSIONS_68D:1,GSC_AVG_POSITION:87,32.9,HIGH,/blog/inshallah-meaning-in-english,/blog/inshallah-meaning-in-english,LOW,definition,MONITOR,GSC_SEARCH_ANALYTICS_2026-06-02_TO_2026-08-08,LOW
husna meaning in english,husna meaning in english,informational,unclustered,unknown,United States,,none,none,none,top,GSC_IMPRESSIONS_68D:1,GSC_AVG_POSITION:53,32.9,HIGH,/blog/99-names-of-allah-asmaul-husna,/blog/99-names-of-allah-asmaul-husna,LOW,unknown,MONITOR,GSC_SEARCH_ANALYTICS_2026-06-02_TO_2026-08-08,LOW
inalillahi wainailaihi raji'un in arabic,inalillahi wainailaihi raji'un in arabic,informational,islamic-general,reference,Australia,,none,none,none,top,GSC_IMPRESSIONS_68D:1,GSC_AVG_POSITION:47,32.9,MEDIUM,/blog/inna-lillahi-wa-inna-ilayhi-rajiun-meaning,/blog/inna-lillahi-wa-inna-ilayhi-rajiun-meaning,LOW,reference,MONITOR,GSC_SEARCH_ANALYTICS_2026-06-02_TO_2026-08-08,LOW
inshallah khair,inshallah khair,informational,islamic-terms,definition,India,,none,none,none,top,GSC_IMPRESSIONS_68D:1,GSC_AVG_POSITION:11,32.9,LOW,/blog/inshallah-meaning-in-english,/blog/inshallah-meaning-in-english,LOW,definition,PROTECT,GSC_SEARCH_ANALYTICS_2026-06-02_TO_2026-08-08,LOW
islamic days name,islamic days name,informational,islamic-calendar,reference,New Zealand,,none,none,none,top,GSC_IMPRESSIONS_68D:1,GSC_AVG_POSITION:44,32.9,LOW,/blog/islamic-months-names-in-order,/blog/islamic-months-names-in-order,LOW,reference,MONITOR,GSC_SEARCH_ANALYTICS_2026-06-02_TO_2026-08-08,LOW
la ilaha illa allah arabisch,la ilaha illa allah arabisch,informational,islamic-terms,definition,PER,,none,none,none,top,GSC_IMPRESSIONS_68D:1,GSC_AVG_POSITION:37,32.9,MEDIUM,/blog/la-ilaha-illallah-meaning,/blog/la-ilaha-illallah-meaning,LOW,definition,MONITOR,GSC_SEARCH_ANALYTICS_2026-06-02_TO_2026-08-08,LOW
la illah ila allah in arabic,la illah ila allah in arabic,informational,islamic-general,reference,United States,,none,none,none,top,GSC_IMPRESSIONS_68D:1,GSC_AVG_POSITION:34,32.9,MEDIUM,/blog/la-ilaha-illallah-meaning,/blog/la-ilaha-illallah-meaning,LOW,reference,MONITOR,GSC_SEARCH_ANALYTICS_2026-06-02_TO_2026-08-08,LOW
mashaallah means,mashaallah means,informational,islamic-terms,definition,United Kingdom,,none,none,none,top,GSC_IMPRESSIONS_68D:1,GSC_AVG_POSITION:80,32.9,HIGH,/blog/mashallah-meaning.html,/blog/mashallah-meaning.html,LOW,definition,MONITOR,GSC_SEARCH_ANALYTICS_2026-06-02_TO_2026-08-08,LOW
mashallah arabic meaning,mashallah arabic meaning,informational,islamic-terms,definition,United Kingdom,,none,none,none,top,GSC_IMPRESSIONS_68D:1,GSC_AVG_POSITION:90,32.9,HIGH,/blog/mashallah-meaning.html,/blog/mashallah-meaning.html,LOW,definition,MONITOR,GSC_SEARCH_ANALYTICS_2026-06-02_TO_2026-08-08,LOW
mashallah english translation,mashallah english translation,informational,islamic-terms,definition,United Kingdom,,none,none,none,top,GSC_IMPRESSIONS_68D:1,GSC_AVG_POSITION:69,32.9,HIGH,/blog/mashallah-meaning.html,/blog/mashallah-meaning.html,LOW,definition,MONITOR,GSC_SEARCH_ANALYTICS_2026-06-02_TO_2026-08-08,LOW
mashallah habibi meaning,mashallah habibi meaning,informational,islamic-terms,definition,United Kingdom,,none,none,none,top,GSC_IMPRESSIONS_68D:1,GSC_AVG_POSITION:66,32.9,HIGH,/blog/mashallah-meaning.html,/blog/mashallah-meaning.html,LOW,definition,MONITOR,GSC_SEARCH_ANALYTICS_2026-06-02_TO_2026-08-08,LOW
mashallah la quwwata illa billah meaning,mashallah la quwwata illa billah meaning,informational,islamic-terms,definition,United Kingdom,,none,none,none,top,GSC_IMPRESSIONS_68D:1,GSC_AVG_POSITION:72,32.9,HIGH,/blog/mashallah-meaning.html,/blog/mashallah-meaning.html,LOW,definition,MONITOR,GSC_SEARCH_ANALYTICS_2026-06-02_TO_2026-08-08,LOW
mashallah meaning arabic,mashallah meaning arabic,informational,islamic-terms,definition,United Kingdom,,none,none,none,top,GSC_IMPRESSIONS_68D:1,GSC_AVG_POSITION:76,32.9,HIGH,/blog/mashallah-meaning.html,/blog/mashallah-meaning.html,LOW,definition,MONITOR,GSC_SEARCH_ANALYTICS_2026-06-02_TO_2026-08-08,LOW
mashallah meaning in english,mashallah meaning in english,informational,islamic-terms,definition,South Africa,,none,none,none,top,GSC_IMPRESSIONS_68D:1,GSC_AVG_POSITION:70,32.9,HIGH,/blog/mashallah-meaning.html,/blog/mashallah-meaning.html,LOW,definition,MONITOR,GSC_SEARCH_ANALYTICS_2026-06-02_TO_2026-08-08,LOW
mashallah means in english,mashallah means in english,informational,islamic-terms,definition,United Kingdom,,none,none,none,top,GSC_IMPRESSIONS_68D:1,GSC_AVG_POSITION:68,32.9,HIGH,/blog/mashallah-meaning.html,/blog/mashallah-meaning.html,LOW,definition,MONITOR,GSC_SEARCH_ANALYTICS_2026-06-02_TO_2026-08-08,LOW
mashallah quwwata illa billah meaning,mashallah quwwata illa billah meaning,informational,islamic-terms,definition,United Kingdom,,none,none,none,top,GSC_IMPRESSIONS_68D:1,GSC_AVG_POSITION:74,32.9,HIGH,/blog/mashallah-meaning.html,/blog/mashallah-meaning.html,LOW,definition,MONITOR,GSC_SEARCH_ANALYTICS_2026-06-02_TO_2026-08-08,LOW
mashallah translation in english,mashallah translation in english,informational,islamic-terms,definition,United Kingdom,,none,none,none,top,GSC_IMPRESSIONS_68D:1,GSC_AVG_POSITION:64,32.9,HIGH,/blog/mashallah-meaning.html,/blog/mashallah-meaning.html,LOW,definition,MONITOR,GSC_SEARCH_ANALYTICS_2026-06-02_TO_2026-08-08,LOW
meaning of 99 names of allah in english,meaning of 99 names of allah in english,informational,99-names,reference,United Kingdom,,none,none,none,top,GSC_IMPRESSIONS_68D:1,GSC_AVG_POSITION:71,32.9,HIGH,/blog/99-names-of-allah-asmaul-husna.html,/blog/99-names-of-allah-asmaul-husna.html,LOW,reference,MONITOR,GSC_SEARCH_ANALYTICS_2026-06-02_TO_2026-08-08,LOW
meaning of allah 99 names,meaning of allah 99 names,informational,99-names,reference,United States,,none,none,none,top,GSC_IMPRESSIONS_68D:1,GSC_AVG_POSITION:93,32.9,HIGH,/blog/99-names-of-allah-asmaul-husna.html,/blog/99-names-of-allah-asmaul-husna.html,LOW,reference,MONITOR,GSC_SEARCH_ANALYTICS_2026-06-02_TO_2026-08-08,LOW
meaning of allah name,meaning of allah name,informational,99-names,reference,United Kingdom,,none,none,none,top,GSC_IMPRESSIONS_68D:1,GSC_AVG_POSITION:75,32.9,HIGH,/blog/99-names-of-allah-asmaul-husna.html,/blog/99-names-of-allah-asmaul-husna.html,LOW,reference,MONITOR,GSC_SEARCH_ANALYTICS_2026-06-02_TO_2026-08-08,LOW
meaning of masha allah,meaning of masha allah,informational,islamic-terms,definition,United Kingdom,,none,none,none,top,GSC_IMPRESSIONS_68D:1,GSC_AVG_POSITION:83,32.9,HIGH,/blog/mashallah-meaning.html,/blog/mashallah-meaning.html,LOW,definition,MONITOR,GSC_SEARCH_ANALYTICS_2026-06-02_TO_2026-08-08,LOW
meaning of masha allah in english,meaning of masha allah in english,informational,islamic-terms,definition,United Kingdom,,none,none,none,top,GSC_IMPRESSIONS_68D:1,GSC_AVG_POSITION:74,32.9,HIGH,/blog/mashallah-meaning.html,/blog/mashallah-meaning.html,LOW,definition,MONITOR,GSC_SEARCH_ANALYTICS_2026-06-02_TO_2026-08-08,LOW
meaning of mashaallah,meaning of mashaallah,informational,islamic-terms,definition,United Kingdom,,none,none,none,top,GSC_IMPRESSIONS_68D:1,GSC_AVG_POSITION:76,32.9,HIGH,/blog/mashallah-meaning.html,/blog/mashallah-meaning.html,LOW,definition,MONITOR,GSC_SEARCH_ANALYTICS_2026-06-02_TO_2026-08-08,LOW
meaning of mashallah in english,meaning of mashallah in english,informational,islamic-terms,definition,United Kingdom,,none,none,none,top,GSC_IMPRESSIONS_68D:1,GSC_AVG_POSITION:74,32.9,HIGH,/blog/mashallah-meaning.html,/blog/mashallah-meaning.html,LOW,definition,MONITOR,GSC_SEARCH_ANALYTICS_2026-06-02_TO_2026-08-08,LOW
months of islam in order,months of islam in order,informational,islamic-general,reference,United States,,none,none,none,top,GSC_IMPRESSIONS_68D:1,GSC_AVG_POSITION:24,32.9,MEDIUM,/blog/islamic-months-names-in-order,/blog/islamic-months-names-in-order,LOW,reference,MONITOR,GSC_SEARCH_ANALYTICS_2026-06-02_TO_2026-08-08,LOW
muslim population wales,muslim population wales,informational,islamic-demographics,reference,Vietnam,,none,none,none,top,GSC_IMPRESSIONS_68D:1,GSC_AVG_POSITION:13,32.9,LOW,/blog/muslim-population-statistics-uk-usa,/blog/muslim-population-statistics-uk-usa,LOW,reference,PROTECT,GSC_SEARCH_ANALYTICS_2026-06-02_TO_2026-08-08,LOW
name of allah in english,name of allah in english,informational,islamic-general,reference,United Kingdom,,none,none,none,top,GSC_IMPRESSIONS_68D:1,GSC_AVG_POSITION:60,32.9,HIGH,/blog/99-names-of-allah-asmaul-husna.html,/blog/99-names-of-allah-asmaul-husna.html,LOW,reference,MONITOR,GSC_SEARCH_ANALYTICS_2026-06-02_TO_2026-08-08,LOW
noor academy online quran academy,noor academy online quran academy,navigational,brand,brand,United States,,none,none,none,brand,GSC_IMPRESSIONS_68D:1,GSC_AVG_POSITION:63,32.9,LOW,/,/,LOW,brand,PROTECT,GSC_SEARCH_ANALYTICS_2026-06-02_TO_2026-08-08,LOW
safar ki dua english,safar ki dua english,informational,duas-supplications,guide,Canada,,none,none,none,top,GSC_IMPRESSIONS_68D:1,GSC_AVG_POSITION:53,32.9,MEDIUM,/blog/safar-ki-dua-travel-dua-arabic-english,/blog/safar-ki-dua-travel-dua-arabic-english,LOW,guide,MONITOR,GSC_SEARCH_ANALYTICS_2026-06-02_TO_2026-08-08,LOW
safer ki dua,safer ki dua,informational,duas-supplications,guide,Canada,,none,none,none,top,GSC_IMPRESSIONS_68D:1,GSC_AVG_POSITION:28,32.9,LOW,/blog/safar-ki-dua-travel-dua-arabic-english,/blog/safar-ki-dua-travel-dua-arabic-english,LOW,guide,MONITOR,GSC_SEARCH_ANALYTICS_2026-06-02_TO_2026-08-08,LOW
sunnah adhkar after salah,sunnah adhkar after salah,informational,salah-prayer,guide,Turkey,,none,none,none,top,GSC_IMPRESSIONS_68D:1,GSC_AVG_POSITION:38,32.9,MEDIUM,/blog/adhkar-after-salah-arabic-english,/blog/adhkar-after-salah-arabic-english,LOW,guide,MONITOR,GSC_SEARCH_ANALYTICS_2026-06-02_TO_2026-08-08,LOW
"sunnah.com ""obey his wife"" ""disobey his mother""","sunnah.com ""obey his wife"" ""disobey his mother""",informational,islamic-terms,definition,Philippines,,none,none,none,top,GSC_IMPRESSIONS_68D:1,GSC_AVG_POSITION:23,32.9,MEDIUM,/blog/signs-of-qiyamah,/blog/signs-of-qiyamah,LOW,definition,MONITOR,GSC_SEARCH_ANALYTICS_2026-06-02_TO_2026-08-08,LOW
tashahhud in roman english,tashahhud in roman english,informational,salah-prayer,guide,Malaysia,,none,none,none,top,GSC_IMPRESSIONS_68D:1,GSC_AVG_POSITION:30,32.9,MEDIUM,/blog/attahiyat-full-arabic-english-tashahhud,/blog/attahiyat-full-arabic-english-tashahhud,LOW,guide,MONITOR,GSC_SEARCH_ANALYTICS_2026-06-02_TO_2026-08-08,LOW
the meaning of alhamdulillah,the meaning of alhamdulillah,informational,islamic-terms,definition,United States,,none,none,none,top,GSC_IMPRESSIONS_68D:1,GSC_AVG_POSITION:74,32.9,HIGH,/blog/alhamdulillah-meaning-in-english,/blog/alhamdulillah-meaning-in-english,LOW,definition,MONITOR,GSC_SEARCH_ANALYTICS_2026-06-02_TO_2026-08-08,LOW
the meaning of mashallah,the meaning of mashallah,informational,islamic-terms,definition,United Kingdom,,none,none,none,top,GSC_IMPRESSIONS_68D:1,GSC_AVG_POSITION:91,32.9,HIGH,/blog/mashallah-meaning.html,/blog/mashallah-meaning.html,LOW,definition,MONITOR,GSC_SEARCH_ANALYTICS_2026-06-02_TO_2026-08-08,LOW
the names of allah with meaning,the names of allah with meaning,informational,99-names,reference,United Kingdom,,none,none,none,top,GSC_IMPRESSIONS_68D:1,GSC_AVG_POSITION:76,32.9,HIGH,/blog/99-names-of-allah-asmaul-husna.html,/blog/99-names-of-allah-asmaul-husna.html,LOW,reference,MONITOR,GSC_SEARCH_ANALYTICS_2026-06-02_TO_2026-08-08,LOW
what does alhamdulillah mean in arabic,what does alhamdulillah mean in arabic,informational,islamic-terms,definition,United States,,none,none,none,top,GSC_IMPRESSIONS_68D:1,GSC_AVG_POSITION:83,32.9,HIGH,/blog/alhamdulillah-meaning-in-english,/blog/alhamdulillah-meaning-in-english,LOW,definition,MONITOR,GSC_SEARCH_ANALYTICS_2026-06-02_TO_2026-08-08,LOW
what does alhamdulillah mean in english,what does alhamdulillah mean in english,informational,islamic-terms,definition,United States,,none,none,none,top,GSC_IMPRESSIONS_68D:1,GSC_AVG_POSITION:79,32.9,HIGH,/blog/alhamdulillah-meaning-in-english,/blog/alhamdulillah-meaning-in-english,LOW,definition,MONITOR,GSC_SEARCH_ANALYTICS_2026-06-02_TO_2026-08-08,LOW
what does alhamdulillah means,what does alhamdulillah means,informational,islamic-terms,definition,United States,,none,none,none,top,GSC_IMPRESSIONS_68D:1,GSC_AVG_POSITION:75,32.9,HIGH,/blog/alhamdulillah-meaning-in-english,/blog/alhamdulillah-meaning-in-english,LOW,definition,MONITOR,GSC_SEARCH_ANALYTICS_2026-06-02_TO_2026-08-08,LOW
what does bismillah mean in arabic,what does bismillah mean in arabic,informational,islamic-terms,definition,United States,,none,none,none,top,GSC_IMPRESSIONS_68D:1,GSC_AVG_POSITION:89,32.9,HIGH,/blog/bismillah-meaning-in-english,/blog/bismillah-meaning-in-english,LOW,definition,MONITOR,GSC_SEARCH_ANALYTICS_2026-06-02_TO_2026-08-08,LOW
what is bismillah mean,what is bismillah mean,informational,islamic-terms,definition,United States,,none,none,none,top,GSC_IMPRESSIONS_68D:1,GSC_AVG_POSITION:72,32.9,HIGH,/blog/bismillah-meaning-in-english,/blog/bismillah-meaning-in-english,LOW,definition,MONITOR,GSC_SEARCH_ANALYTICS_2026-06-02_TO_2026-08-08,LOW
what is mashallah,what is mashallah,informational,islamic-terms,definition,United Kingdom,,none,none,none,top,GSC_IMPRESSIONS_68D:1,GSC_AVG_POSITION:80,32.9,HIGH,/blog/mashallah-meaning.html,/blog/mashallah-meaning.html,LOW,definition,MONITOR,GSC_SEARCH_ANALYTICS_2026-06-02_TO_2026-08-08,LOW
what is mashallah in english,what is mashallah in english,informational,islamic-terms,definition,United Kingdom,,none,none,none,top,GSC_IMPRESSIONS_68D:1,GSC_AVG_POSITION:72,32.9,HIGH,/blog/mashallah-meaning.html,/blog/mashallah-meaning.html,LOW,definition,MONITOR,GSC_SEARCH_ANALYTICS_2026-06-02_TO_2026-08-08,LOW
what is mashallah mean,what is mashallah mean,informational,islamic-terms,definition,United Kingdom,,none,none,none,top,GSC_IMPRESSIONS_68D:1,GSC_AVG_POSITION:89,32.9,HIGH,/blog/mashallah-meaning.html,/blog/mashallah-meaning.html,LOW,definition,MONITOR,GSC_SEARCH_ANALYTICS_2026-06-02_TO_2026-08-08,LOW
what is the meaning of alhamdulillah?,what is the meaning of alhamdulillah?,informational,islamic-terms,definition,United States,,none,none,none,top,GSC_IMPRESSIONS_68D:1,GSC_AVG_POSITION:89,32.9,HIGH,/blog/alhamdulillah-meaning-in-english,/blog/alhamdulillah-meaning-in-english,LOW,definition,MONITOR,GSC_SEARCH_ANALYTICS_2026-06-02_TO_2026-08-08,LOW
what means alhamdulillah,what means alhamdulillah,informational,islamic-terms,definition,United States,,none,none,none,top,GSC_IMPRESSIONS_68D:1,GSC_AVG_POSITION:78,32.9,HIGH,/blog/alhamdulillah-meaning-in-english.html,/blog/alhamdulillah-meaning-in-english.html,LOW,definition,MONITOR,GSC_SEARCH_ANALYTICS_2026-06-02_TO_2026-08-08,LOW
what means mashallah,what means mashallah,informational,islamic-terms,definition,United Kingdom,,none,none,none,top,GSC_IMPRESSIONS_68D:1,GSC_AVG_POSITION:90,32.9,HIGH,/blog/mashallah-meaning.html,/blog/mashallah-meaning.html,LOW,definition,MONITOR,GSC_SEARCH_ANALYTICS_2026-06-02_TO_2026-08-08,LOW
what's inshallah mean,what's inshallah mean,informational,islamic-terms,definition,United States,,none,none,none,top,GSC_IMPRESSIONS_68D:1,GSC_AVG_POSITION:72,32.9,HIGH,/blog/inshallah-meaning-in-english,/blog/inshallah-meaning-in-english,LOW,definition,MONITOR,GSC_SEARCH_ANALYTICS_2026-06-02_TO_2026-08-08,LOW
when to use mashallah,when to use mashallah,informational,islamic-terms,definition,United States,,none,none,none,top,GSC_IMPRESSIONS_68D:1,GSC_AVG_POSITION:64,32.9,HIGH,/blog/mashallah-meaning.html,/blog/mashallah-meaning.html,LOW,definition,MONITOR,GSC_SEARCH_ANALYTICS_2026-06-02_TO_2026-08-08,LOW
why do we say bismillah,why do we say bismillah,informational,islamic-terms,definition,United States,,none,none,none,top,GSC_IMPRESSIONS_68D:1,GSC_AVG_POSITION:78,32.9,HIGH,/blog/bismillah-meaning-in-english,/blog/bismillah-meaning-in-english,LOW,definition,MONITOR,GSC_SEARCH_ANALYTICS_2026-06-02_TO_2026-08-08,LOW
names of allah and meaning,names of allah and meaning,informational,99-names,reference,Nigeria,,none,none,none,top,GSC_IMPRESSIONS_68D:6,GSC_AVG_POSITION:58.7,32.7,HIGH,/blog/99-names-of-allah-asmaul-husna,/blog/99-names-of-allah-asmaul-husna,MEDIUM,reference,MONITOR,GSC_SEARCH_ANALYTICS_2026-06-02_TO_2026-08-08,MEDIUM
what is the meaning of inshallah,what is the meaning of inshallah,informational,islamic-terms,definition,Saudi Arabia,,none,none,none,top,GSC_IMPRESSIONS_68D:6,GSC_AVG_POSITION:71.2,32.7,HIGH,/blog/inshallah-meaning-in-english,/blog/inshallah-meaning-in-english,LOW,definition,MONITOR,GSC_SEARCH_ANALYTICS_2026-06-02_TO_2026-08-08,MEDIUM
surah al waqiah benefits,surah al waqiah benefits,informational,quran-surahs,reference,United Kingdom,,none,none,none,top,GSC_IMPRESSIONS_68D:12,GSC_AVG_POSITION:88.5,32.6,MEDIUM,/blog/surah-waqiah-benefits,/blog/surah-waqiah-benefits,LOW,reference,MONITOR,GSC_SEARCH_ANALYTICS_2026-06-02_TO_2026-08-08,HIGH
alhamdulillah in english,alhamdulillah in english,informational,islamic-terms,definition,Indonesia,,none,none,none,top,GSC_IMPRESSIONS_68D:11,GSC_AVG_POSITION:67.9,32.4,HIGH,/blog/alhamdulillah-meaning-in-english,/blog/alhamdulillah-meaning-in-english,MEDIUM,definition,MONITOR,GSC_SEARCH_ANALYTICS_2026-06-02_TO_2026-08-08,HIGH
safar dua,safar dua,informational,duas-supplications,guide,United Kingdom,,none,none,none,top,GSC_IMPRESSIONS_68D:5,GSC_AVG_POSITION:36.4,32.4,LOW,/blog/safar-ki-dua-travel-dua-arabic-english,/blog/safar-ki-dua-travel-dua-arabic-english,LOW,guide,CONTENT REFRESH,GSC_SEARCH_ANALYTICS_2026-06-02_TO_2026-08-08,MEDIUM
99 names of allah the healer,99 names of allah the healer,informational,99-names,reference,United States,,none,none,none,top,GSC_IMPRESSIONS_68D:2,GSC_AVG_POSITION:43.5,32.3,MEDIUM,/blog/99-names-of-allah-asmaul-husna,/blog/99-names-of-allah-asmaul-husna,LOW,reference,MONITOR,GSC_SEARCH_ANALYTICS_2026-06-02_TO_2026-08-08,LOW
all names of allah,all names of allah,informational,99-names,reference,Canada,,none,none,none,top,GSC_IMPRESSIONS_68D:2,GSC_AVG_POSITION:58,32.3,MEDIUM,/blog/99-names-of-allah-asmaul-husna,/blog/99-names-of-allah-asmaul-husna,LOW,reference,MONITOR,GSC_SEARCH_ANALYTICS_2026-06-02_TO_2026-08-08,LOW
allah 99 names in arabic,allah 99 names in arabic,informational,99-names,reference,United Kingdom,,none,none,none,top,GSC_IMPRESSIONS_68D:2,GSC_AVG_POSITION:50,32.3,MEDIUM,/blog/99-names-of-allah-asmaul-husna,/blog/99-names-of-allah-asmaul-husna,LOW,reference,MONITOR,GSC_SEARCH_ANALYTICS_2026-06-02_TO_2026-08-08,LOW
allah name of 99,allah name of 99,informational,99-names,reference,United Kingdom,,none,none,none,top,GSC_IMPRESSIONS_68D:2,GSC_AVG_POSITION:47.5,32.3,MEDIUM,/blog/99-names-of-allah-asmaul-husna,/blog/99-names-of-allah-asmaul-husna,LOW,reference,MONITOR,GSC_SEARCH_ANALYTICS_2026-06-02_TO_2026-08-08,LOW
asma ul husna 99 names of allah,asma ul husna 99 names of allah,informational,99-names,reference,United States,,none,none,none,top,GSC_IMPRESSIONS_68D:2,GSC_AVG_POSITION:43,32.3,MEDIUM,/blog/99-names-of-allah-asmaul-husna,/blog/99-names-of-allah-asmaul-husna,LOW,reference,MONITOR,GSC_SEARCH_ANALYTICS_2026-06-02_TO_2026-08-08,LOW
astaghfirullah arabic,astaghfirullah arabic,informational,islamic-terms,definition,Canada,,none,none,none,top,GSC_IMPRESSIONS_68D:10,GSC_AVG_POSITION:43.3,32.3,LOW,/blog/astaghfirullah-meaning,/blog/astaghfirullah-meaning,MEDIUM,definition,CONTENT REFRESH,GSC_SEARCH_ANALYTICS_2026-06-02_TO_2026-08-08,HIGH
at tahiyyat,at tahiyyat,informational,salah-prayer,guide,United Kingdom,,none,none,none,top,GSC_IMPRESSIONS_68D:2,GSC_AVG_POSITION:32,32.3,LOW,/blog/attahiyat-full-arabic-english-tashahhud,/blog/attahiyat-full-arabic-english-tashahhud,LOW,guide,MONITOR,GSC_SEARCH_ANALYTICS_2026-06-02_TO_2026-08-08,LOW
aththahiyath dua,aththahiyath dua,informational,salah-prayer,guide,United Kingdom,,none,none,none,top,GSC_IMPRESSIONS_68D:2,GSC_AVG_POSITION:22.5,32.3,LOW,/blog/attahiyat-full-arabic-english-tashahhud,/blog/attahiyat-full-arabic-english-tashahhud,LOW,guide,MONITOR,GSC_SEARCH_ANALYTICS_2026-06-02_TO_2026-08-08,LOW
attahiyat in salah,attahiyat in salah,informational,salah-prayer,guide,United Kingdom,,none,none,none,top,GSC_IMPRESSIONS_68D:2,GSC_AVG_POSITION:22.5,32.3,LOW,/blog/attahiyat-full-arabic-english-tashahhud,/blog/attahiyat-full-arabic-english-tashahhud,LOW,guide,MONITOR,GSC_SEARCH_ANALYTICS_2026-06-02_TO_2026-08-08,LOW
benefits of surah al mulk,benefits of surah al mulk,informational,quran-surahs,reference,Germany,,none,none,none,top,GSC_IMPRESSIONS_68D:2,GSC_AVG_POSITION:86.5,32.3,MEDIUM,/blog/surah-mulk-benefits,/blog/surah-mulk-benefits,LOW,reference,MONITOR,GSC_SEARCH_ANALYTICS_2026-06-02_TO_2026-08-08,LOW
best time for tahajjud,best time for tahajjud,informational,salah-prayer,guide,UAE,,none,none,none,top,GSC_IMPRESSIONS_68D:2,GSC_AVG_POSITION:49.5,32.3,MEDIUM,/blog/tahajjud-prayer,/blog/tahajjud-prayer,LOW,guide,MONITOR,GSC_SEARCH_ANALYTICS_2026-06-02_TO_2026-08-08,LOW
bis me lah meaning,bis me lah meaning,informational,unclustered,unknown,United States,,none,none,none,top,GSC_IMPRESSIONS_68D:2,GSC_AVG_POSITION:61,32.3,HIGH,/blog/bismillah-meaning-in-english,/blog/bismillah-meaning-in-english,LOW,unknown,MONITOR,GSC_SEARCH_ANALYTICS_2026-06-02_TO_2026-08-08,LOW
dreams translation in islam,dreams translation in islam,informational,islamic-general,reference,United Kingdom,,none,none,none,top,GSC_IMPRESSIONS_68D:2,GSC_AVG_POSITION:76.5,32.3,HIGH,/blog/islamic-dream-interpretation,/blog/islamic-dream-interpretation,MEDIUM,reference,MONITOR,GSC_SEARCH_ANALYTICS_2026-06-02_TO_2026-08-08,LOW
how to take ghusl,how to take ghusl,informational,salah-prayer,guide,Pakistan,,none,none,none,top,GSC_IMPRESSIONS_68D:2,GSC_AVG_POSITION:67.5,32.3,HIGH,/blog/how-to-do-ghusl-step-by-step,/blog/how-to-do-ghusl-step-by-step,LOW,guide,MONITOR,GSC_SEARCH_ANALYTICS_2026-06-02_TO_2026-08-08,LOW
how to wuzu,how to wuzu,informational,unclustered,unknown,United States,,none,none,none,top,GSC_IMPRESSIONS_68D:2,GSC_AVG_POSITION:76.5,32.3,HIGH,/blog/how-to-do-wudu-step-by-step,/blog/how-to-do-wudu-step-by-step,LOW,unknown,MONITOR,GSC_SEARCH_ANALYTICS_2026-06-02_TO_2026-08-08,LOW
inshallah define,inshallah define,informational,islamic-terms,definition,Canada,,none,none,none,top,GSC_IMPRESSIONS_68D:2,GSC_AVG_POSITION:30,32.3,LOW,/blog/inshallah-meaning-in-english,/blog/inshallah-meaning-in-english,LOW,definition,MONITOR,GSC_SEARCH_ANALYTICS_2026-06-02_TO_2026-08-08,LOW
learn quran online in usa,learn quran online in usa,commercial,islamic-general,reference,Pakistan,,none,none,none,middle,GSC_IMPRESSIONS_68D:2,GSC_AVG_POSITION:145,32.3,MEDIUM,/locations/online-quran-classes-usa,/locations/online-quran-classes-usa,LOW,reference,CLUSTER SUPPORT,GSC_SEARCH_ANALYTICS_2026-06-02_TO_2026-08-08,LOW
learn quran usa,learn quran usa,commercial,islamic-general,reference,Pakistan,,none,none,none,middle,GSC_IMPRESSIONS_68D:2,GSC_AVG_POSITION:98.5,32.3,MEDIUM,/locations/online-quran-classes-usa,/locations/online-quran-classes-usa,LOW,reference,CLUSTER SUPPORT,GSC_SEARCH_ANALYTICS_2026-06-02_TO_2026-08-08,LOW
meaning of surah al waqiah,meaning of surah al waqiah,informational,quran-surahs,reference,UAE,,none,none,none,top,GSC_IMPRESSIONS_68D:2,GSC_AVG_POSITION:72.5,32.3,HIGH,/blog/surah-waqiah-benefits,/blog/surah-waqiah-benefits,LOW,reference,MONITOR,GSC_SEARCH_ANALYTICS_2026-06-02_TO_2026-08-08,LOW
name of allah and meaning,name of allah and meaning,informational,islamic-general,reference,India,,none,none,none,top,GSC_IMPRESSIONS_68D:2,GSC_AVG_POSITION:44.5,32.3,HIGH,/blog/99-names-of-allah-asmaul-husna,/blog/99-names-of-allah-asmaul-husna,MEDIUM,reference,MONITOR,GSC_SEARCH_ANALYTICS_2026-06-02_TO_2026-08-08,LOW
surah e mulk benefits,surah e mulk benefits,informational,quran-surahs,reference,Canada,,none,none,none,top,GSC_IMPRESSIONS_68D:2,GSC_AVG_POSITION:82,32.3,MEDIUM,/blog/surah-mulk-benefits,/blog/surah-mulk-benefits,LOW,reference,MONITOR,GSC_SEARCH_ANALYTICS_2026-06-02_TO_2026-08-08,LOW
tahajjud rakats,tahajjud rakats,informational,salah-prayer,guide,Canada,,none,none,none,top,GSC_IMPRESSIONS_68D:2,GSC_AVG_POSITION:41.5,32.3,LOW,/blog/tahajjud-prayer,/blog/tahajjud-prayer,LOW,guide,MONITOR,GSC_SEARCH_ANALYTICS_2026-06-02_TO_2026-08-08,LOW
uk 2021 census muslim population percentage,uk 2021 census muslim population percentage,informational,islamic-demographics,reference,United Kingdom,,none,none,none,top,GSC_IMPRESSIONS_68D:2,GSC_AVG_POSITION:22.5,32.3,MEDIUM,/blog/muslim-population-statistics-uk-usa,/blog/muslim-population-statistics-uk-usa,LOW,reference,MONITOR,GSC_SEARCH_ANALYTICS_2026-06-02_TO_2026-08-08,LOW
what age should you finish the quran,what age should you finish the quran,informational,islamic-general,reference,United States,,none,none,none,top,GSC_IMPRESSIONS_68D:2,GSC_AVG_POSITION:95,32.3,HIGH,/blog/best-age-to-start-quran-learning.html,/blog/best-age-to-start-quran-learning.html,LOW,reference,MONITOR,GSC_SEARCH_ANALYTICS_2026-06-02_TO_2026-08-08,LOW
99 name of allah,99 name of allah,informational,99-names,reference,United States,,none,none,none,top,GSC_IMPRESSIONS_68D:9,GSC_AVG_POSITION:50.1,32.0,MEDIUM,/blog/99-names-of-allah-asmaul-husna,/blog/99-names-of-allah-asmaul-husna,MEDIUM,reference,MONITOR,GSC_SEARCH_ANALYTICS_2026-06-02_TO_2026-08-08,MEDIUM
alhamdulillah in english translation,alhamdulillah in english translation,informational,islamic-terms,definition,UAE,,none,none,none,top,GSC_IMPRESSIONS_68D:4,GSC_AVG_POSITION:70.5,32.0,HIGH,/blog/alhamdulillah-meaning-in-english,/blog/alhamdulillah-meaning-in-english,LOW,definition,MONITOR,GSC_SEARCH_ANALYTICS_2026-06-02_TO_2026-08-08,MEDIUM
allahs 99 names,allahs 99 names,informational,99-names,reference,Denmark,,none,none,none,top,GSC_IMPRESSIONS_68D:4,GSC_AVG_POSITION:62.2,32.0,LOW,/blog/99-names-of-allah-asmaul-husna,/blog/99-names-of-allah-asmaul-husna,MEDIUM,reference,MONITOR,GSC_SEARCH_ANALYTICS_2026-06-02_TO_2026-08-08,MEDIUM
attahiyat surah,attahiyat surah,informational,quran-surahs,reference,United States,,none,none,none,top,GSC_IMPRESSIONS_68D:4,GSC_AVG_POSITION:23.5,32.0,LOW,/blog/attahiyat-full-arabic-english-tashahhud,/blog/attahiyat-full-arabic-english-tashahhud,LOW,reference,MONITOR,GSC_SEARCH_ANALYTICS_2026-06-02_TO_2026-08-08,MEDIUM
ayatul kursi in english meaning,ayatul kursi in english meaning,informational,quran-surahs,reference,India,,none,none,none,top,GSC_IMPRESSIONS_68D:4,GSC_AVG_POSITION:75.5,32.0,HIGH,/blog/ayatul-kursi-arabic-english-benefits,/blog/ayatul-kursi-arabic-english-benefits,LOW,reference,MONITOR,GSC_SEARCH_ANALYTICS_2026-06-02_TO_2026-08-08,MEDIUM
en sha allah,en sha allah,informational,islamic-terms,definition,Australia,,none,none,none,top,GSC_IMPRESSIONS_68D:9,GSC_AVG_POSITION:44.4,32.0,LOW,/blog/inshallah-meaning-in-english,/blog/inshallah-meaning-in-english,LOW,definition,CONTENT REFRESH,GSC_SEARCH_ANALYTICS_2026-06-02_TO_2026-08-08,MEDIUM
interpretation of islamic dreams,interpretation of islamic dreams,informational,islamic-general,reference,Belgium,,none,none,none,top,GSC_IMPRESSIONS_68D:4,GSC_AVG_POSITION:76.5,32.0,MEDIUM,/blog/islamic-dream-interpretation.html,/blog/islamic-dream-interpretation.html,LOW,reference,MONITOR,GSC_SEARCH_ANALYTICS_2026-06-02_TO_2026-08-08,MEDIUM
surah ikhlas benefits,surah ikhlas benefits,informational,quran-surahs,reference,Netherlands,,none,none,none,top,GSC_IMPRESSIONS_68D:8,GSC_AVG_POSITION:57,31.9,LOW,/blog/surah-ikhlas-benefits,/blog/surah-ikhlas-benefits,LOW,reference,MONITOR,GSC_SEARCH_ANALYTICS_2026-06-02_TO_2026-08-08,MEDIUM
99 attributes of allah in arabic,99 attributes of allah in arabic,informational,islamic-general,reference,United States,,none,none,none,top,GSC_IMPRESSIONS_68D:3,GSC_AVG_POSITION:44.7,31.6,MEDIUM,/blog/99-names-of-allah-asmaul-husna,/blog/99-names-of-allah-asmaul-husna,MEDIUM,reference,MONITOR,GSC_SEARCH_ANALYTICS_2026-06-02_TO_2026-08-08,MEDIUM
99 names in english,99 names in english,informational,99-names,reference,Bangladesh,,none,none,none,top,GSC_IMPRESSIONS_68D:3,GSC_AVG_POSITION:50.7,31.6,HIGH,/blog/99-names-of-allah-asmaul-husna,/blog/99-names-of-allah-asmaul-husna,LOW,reference,MONITOR,GSC_SEARCH_ANALYTICS_2026-06-02_TO_2026-08-08,MEDIUM
astaghfar dua,astaghfar dua,informational,duas-supplications,guide,Canada,,none,none,none,top,GSC_IMPRESSIONS_68D:3,GSC_AVG_POSITION:44.3,31.6,LOW,/blog/dua-for-forgiveness-istighfar,/blog/dua-for-forgiveness-istighfar,LOW,guide,MONITOR,GSC_SEARCH_ANALYTICS_2026-06-02_TO_2026-08-08,MEDIUM
attahiyat position,attahiyat position,informational,salah-prayer,guide,Vietnam,,none,none,none,top,GSC_IMPRESSIONS_68D:3,GSC_AVG_POSITION:29.7,31.6,LOW,/blog/attahiyat-full-arabic-english-tashahhud,/blog/attahiyat-full-arabic-english-tashahhud,LOW,guide,MONITOR,GSC_SEARCH_ANALYTICS_2026-06-02_TO_2026-08-08,MEDIUM
dreams interpretation in islam,dreams interpretation in islam,informational,islamic-general,reference,Belgium,,none,none,none,top,GSC_IMPRESSIONS_68D:3,GSC_AVG_POSITION:87.3,31.6,MEDIUM,/blog/islamic-dream-interpretation.html,/blog/islamic-dream-interpretation.html,LOW,reference,MONITOR,GSC_SEARCH_ANALYTICS_2026-06-02_TO_2026-08-08,MEDIUM
dua for traveling on plane,dua for traveling on plane,informational,duas-supplications,guide,United Kingdom,,none,none,none,top,GSC_IMPRESSIONS_68D:3,GSC_AVG_POSITION:50.3,31.6,MEDIUM,/blog/safar-ki-dua-travel-dua-arabic-english,/blog/safar-ki-dua-travel-dua-arabic-english,LOW,guide,MONITOR,GSC_SEARCH_ANALYTICS_2026-06-02_TO_2026-08-08,MEDIUM
duas rizq,duas rizq,informational,duas-supplications,guide,United States,,none,none,none,top,GSC_IMPRESSIONS_68D:3,GSC_AVG_POSITION:29,31.6,LOW,/blog/dua-for-rizq-arabic-english,/blog/dua-for-rizq-arabic-english,LOW,guide,MONITOR,GSC_SEARCH_ANALYTICS_2026-06-02_TO_2026-08-08,MEDIUM
enshallah,enshallah,informational,islamic-terms,definition,United States,,none,none,none,top,GSC_IMPRESSIONS_68D:7,GSC_AVG_POSITION:35.9,31.6,LOW,/blog/inshallah-meaning-in-english,/blog/inshallah-meaning-in-english,LOW,definition,CONTENT REFRESH,GSC_SEARCH_ANALYTICS_2026-06-02_TO_2026-08-08,MEDIUM
hifz quran online,hifz quran online,informational,hifz-memorisation,course,United States,,none,hifz,none,top,GSC_IMPRESSIONS_68D:3,GSC_AVG_POSITION:85.3,31.6,LOW,/hifz-quran-online,/hifz-quran-online,LOW,course,MONITOR,GSC_SEARCH_ANALYTICS_2026-06-02_TO_2026-08-08,MEDIUM
hijri months in order,hijri months in order,informational,islamic-calendar,reference,Canada,,none,none,none,top,GSC_IMPRESSIONS_68D:3,GSC_AVG_POSITION:53.7,31.6,MEDIUM,/blog/islamic-months-names-in-order,/blog/islamic-months-names-in-order,LOW,reference,MONITOR,GSC_SEARCH_ANALYTICS_2026-06-02_TO_2026-08-08,MEDIUM
inshalah,inshalah,informational,unclustered,unknown,Australia,,none,none,none,top,GSC_IMPRESSIONS_68D:3,GSC_AVG_POSITION:36.3,31.6,LOW,/blog/inshallah-meaning-in-english,/blog/inshallah-meaning-in-english,LOW,unknown,MONITOR,GSC_SEARCH_ANALYTICS_2026-06-02_TO_2026-08-08,MEDIUM
istighfar dua english,istighfar dua english,informational,duas-supplications,guide,United Kingdom,,none,none,none,top,GSC_IMPRESSIONS_68D:3,GSC_AVG_POSITION:33,31.6,LOW,/blog/dua-for-forgiveness-istighfar,/blog/dua-for-forgiveness-istighfar,LOW,guide,MONITOR,GSC_SEARCH_ANALYTICS_2026-06-02_TO_2026-08-08,MEDIUM
online hifz program,online hifz program,informational,hifz-memorisation,course,United Kingdom,,none,hifz,none,top,GSC_IMPRESSIONS_68D:3,GSC_AVG_POSITION:97.3,31.6,LOW,/hifz-quran-online,/hifz-quran-online,LOW,course,MONITOR,GSC_SEARCH_ANALYTICS_2026-06-02_TO_2026-08-08,MEDIUM
uk census 2021 muslim population percentage,uk census 2021 muslim population percentage,informational,islamic-demographics,reference,BRA,,none,none,none,top,GSC_IMPRESSIONS_68D:3,GSC_AVG_POSITION:23.3,31.6,MEDIUM,/blog/muslim-population-statistics-uk-usa,/blog/muslim-population-statistics-uk-usa,LOW,reference,MONITOR,GSC_SEARCH_ANALYTICS_2026-06-02_TO_2026-08-08,MEDIUM
99 name of allah in arabic,99 name of allah in arabic,informational,99-names,reference,United Kingdom,,none,none,none,top,GSC_IMPRESSIONS_68D:1,GSC_AVG_POSITION:47,31.4,MEDIUM,/blog/99-names-of-allah-asmaul-husna.html,/blog/99-names-of-allah-asmaul-husna.html,LOW,reference,MONITOR,GSC_SEARCH_ANALYTICS_2026-06-02_TO_2026-08-08,LOW
99 names of alah,99 names of alah,informational,99-names,reference,Netherlands,,none,none,none,top,GSC_IMPRESSIONS_68D:1,GSC_AVG_POSITION:73,31.4,MEDIUM,/blog/99-names-of-allah-asmaul-husna,/blog/99-names-of-allah-asmaul-husna,LOW,reference,MONITOR,GSC_SEARCH_ANALYTICS_2026-06-02_TO_2026-08-08,LOW
99 names of allah 100 times,99 names of allah 100 times,informational,99-names,reference,United States,,none,none,none,top,GSC_IMPRESSIONS_68D:1,GSC_AVG_POSITION:45,31.4,MEDIUM,/blog/99-names-of-allah-asmaul-husna,/blog/99-names-of-allah-asmaul-husna,LOW,reference,MONITOR,GSC_SEARCH_ANALYTICS_2026-06-02_TO_2026-08-08,LOW
99 names of allah and its meaning,99 names of allah and its meaning,informational,99-names,reference,GHA,,none,none,none,top,GSC_IMPRESSIONS_68D:1,GSC_AVG_POSITION:62,31.4,HIGH,/blog/99-names-of-allah-asmaul-husna,/blog/99-names-of-allah-asmaul-husna,LOW,reference,MONITOR,GSC_SEARCH_ANALYTICS_2026-06-02_TO_2026-08-08,LOW
99 names of allah and meanings,99 names of allah and meanings,informational,99-names,reference,United States,,none,none,none,top,GSC_IMPRESSIONS_68D:1,GSC_AVG_POSITION:44,31.4,MEDIUM,/blog/99-names-of-allah-asmaul-husna,/blog/99-names-of-allah-asmaul-husna,LOW,reference,MONITOR,GSC_SEARCH_ANALYTICS_2026-06-02_TO_2026-08-08,LOW
ahmadullah meaning,ahmadullah meaning,informational,unclustered,unknown,United States,,none,none,none,top,GSC_IMPRESSIONS_68D:1,GSC_AVG_POSITION:94,31.4,HIGH,/blog/alhamdulillah-meaning-in-english,/blog/alhamdulillah-meaning-in-english,LOW,unknown,MONITOR,GSC_SEARCH_ANALYTICS_2026-06-02_TO_2026-08-08,LOW
all allah's 99 names,all allah's 99 names,informational,99-names,reference,United States,,none,none,none,top,GSC_IMPRESSIONS_68D:1,GSC_AVG_POSITION:48,31.4,MEDIUM,/blog/99-names-of-allah-asmaul-husna,/blog/99-names-of-allah-asmaul-husna,LOW,reference,MONITOR,GSC_SEARCH_ANALYTICS_2026-06-02_TO_2026-08-08,LOW
allah 99 names and meanings,allah 99 names and meanings,informational,99-names,reference,Germany,,none,none,none,top,GSC_IMPRESSIONS_68D:1,GSC_AVG_POSITION:55,31.4,MEDIUM,/blog/99-names-of-allah-asmaul-husna,/blog/99-names-of-allah-asmaul-husna,LOW,reference,MONITOR,GSC_SEARCH_ANALYTICS_2026-06-02_TO_2026-08-08,LOW
allah 99 names list,allah 99 names list,informational,99-names,reference,United States,,none,none,none,top,GSC_IMPRESSIONS_68D:1,GSC_AVG_POSITION:49,31.4,MEDIUM,/blog/99-names-of-allah-asmaul-husna,/blog/99-names-of-allah-asmaul-husna,LOW,reference,MONITOR,GSC_SEARCH_ANALYTICS_2026-06-02_TO_2026-08-08,LOW
allah names in arabic,allah names in arabic,informational,99-names,reference,United States,,none,none,none,top,GSC_IMPRESSIONS_68D:1,GSC_AVG_POSITION:41,31.4,MEDIUM,/blog/99-names-of-allah-asmaul-husna,/blog/99-names-of-allah-asmaul-husna,LOW,reference,MONITOR,GSC_SEARCH_ANALYTICS_2026-06-02_TO_2026-08-08,LOW
ashala meaning,ashala meaning,informational,unclustered,unknown,United States,,none,none,none,top,GSC_IMPRESSIONS_68D:1,GSC_AVG_POSITION:61,31.4,HIGH,/blog/inshallah-meaning-in-english,/blog/inshallah-meaning-in-english,LOW,unknown,MONITOR,GSC_SEARCH_ANALYTICS_2026-06-02_TO_2026-08-08,LOW
asma ul husna 99 names,asma ul husna 99 names,informational,99-names,reference,United States,,none,none,none,top,GSC_IMPRESSIONS_68D:1,GSC_AVG_POSITION:48,31.4,MEDIUM,/blog/99-names-of-allah-asmaul-husna,/blog/99-names-of-allah-asmaul-husna,LOW,reference,MONITOR,GSC_SEARCH_ANALYTICS_2026-06-02_TO_2026-08-08,LOW
asma ul husna in arabic text,asma ul husna in arabic text,informational,99-names,reference,United Kingdom,,none,none,none,top,GSC_IMPRESSIONS_68D:1,GSC_AVG_POSITION:46,31.4,MEDIUM,/blog/99-names-of-allah-asmaul-husna.html,/blog/99-names-of-allah-asmaul-husna.html,LOW,reference,MONITOR,GSC_SEARCH_ANALYTICS_2026-06-02_TO_2026-08-08,LOW
astaghfar allah,astaghfar allah,informational,duas-supplications,guide,Belgium,,none,none,none,top,GSC_IMPRESSIONS_68D:1,GSC_AVG_POSITION:43,31.4,LOW,/blog/astaghfirullah-meaning,/blog/astaghfirullah-meaning,LOW,guide,MONITOR,GSC_SEARCH_ANALYTICS_2026-06-02_TO_2026-08-08,LOW
attahiyat during prayer,attahiyat during prayer,informational,salah-prayer,guide,United States,,none,none,none,top,GSC_IMPRESSIONS_68D:1,GSC_AVG_POSITION:38,31.4,LOW,/blog/attahiyat-full-arabic-english-tashahhud,/blog/attahiyat-full-arabic-english-tashahhud,LOW,guide,MONITOR,GSC_SEARCH_ANALYTICS_2026-06-02_TO_2026-08-08,LOW
attahiyat lyrics,attahiyat lyrics,informational,salah-prayer,guide,United Kingdom,,none,none,none,top,GSC_IMPRESSIONS_68D:1,GSC_AVG_POSITION:24,31.4,LOW,/blog/attahiyat-full-arabic-english-tashahhud,/blog/attahiyat-full-arabic-english-tashahhud,LOW,guide,MONITOR,GSC_SEARCH_ANALYTICS_2026-06-02_TO_2026-08-08,LOW
ba arabic letter,ba arabic letter,informational,noorani-qaida,course,India,,none,none,none,top,GSC_IMPRESSIONS_68D:1,GSC_AVG_POSITION:47,31.4,LOW,/noorani-qaida/arabic-letters/ba,/noorani-qaida/arabic-letters/ba,LOW,course,MONITOR,GSC_SEARCH_ANALYTICS_2026-06-02_TO_2026-08-08,LOW
barakall,barakall,informational,unclustered,unknown,India,,none,none,none,top,GSC_IMPRESSIONS_68D:1,GSC_AVG_POSITION:11,31.4,LOW,/blog/barakallah-meaning,/blog/barakallah-meaning,LOW,unknown,PROTECT,GSC_SEARCH_ANALYTICS_2026-06-02_TO_2026-08-08,LOW
benefits of surah mulk,benefits of surah mulk,informational,quran-surahs,reference,Germany,,none,none,none,top,GSC_IMPRESSIONS_68D:1,GSC_AVG_POSITION:74,31.4,MEDIUM,/blog/surah-mulk-benefits,/blog/surah-mulk-benefits,LOW,reference,MONITOR,GSC_SEARCH_ANALYTICS_2026-06-02_TO_2026-08-08,LOW
best time of tahajjud,best time of tahajjud,informational,salah-prayer,guide,Saudi Arabia,,none,none,none,top,GSC_IMPRESSIONS_68D:1,GSC_AVG_POSITION:48,31.4,MEDIUM,/blog/tahajjud-prayer,/blog/tahajjud-prayer,LOW,guide,MONITOR,GSC_SEARCH_ANALYTICS_2026-06-02_TO_2026-08-08,LOW
bismileh,bismileh,informational,unclustered,unknown,Netherlands,,none,none,none,top,GSC_IMPRESSIONS_68D:1,GSC_AVG_POSITION:39,31.4,LOW,/blog/bismillah-meaning-in-english,/blog/bismillah-meaning-in-english,LOW,unknown,MONITOR,GSC_SEARCH_ANALYTICS_2026-06-02_TO_2026-08-08,LOW
dhikr morning and evening,dhikr morning and evening,informational,duas-supplications,guide,URY,,none,none,scheduling,top,GSC_IMPRESSIONS_68D:1,GSC_AVG_POSITION:43,31.4,MEDIUM,/blog/morning-evening-adhkar-dhikr,/blog/morning-evening-adhkar-dhikr,LOW,guide,MONITOR,GSC_SEARCH_ANALYTICS_2026-06-02_TO_2026-08-08,LOW
dream islamic meaning,dream islamic meaning,informational,islamic-general,reference,United Kingdom,,none,none,none,top,GSC_IMPRESSIONS_68D:1,GSC_AVG_POSITION:82,31.4,HIGH,/blog/islamic-dream-interpretation.html,/blog/islamic-dream-interpretation.html,LOW,reference,MONITOR,GSC_SEARCH_ANALYTICS_2026-06-02_TO_2026-08-08,LOW
dream meaning in islam,dream meaning in islam,informational,islamic-general,reference,United Kingdom,,none,none,none,top,GSC_IMPRESSIONS_68D:1,GSC_AVG_POSITION:83,31.4,HIGH,/blog/islamic-dream-interpretation.html,/blog/islamic-dream-interpretation.html,LOW,reference,MONITOR,GSC_SEARCH_ANALYTICS_2026-06-02_TO_2026-08-08,LOW
dream translation in islam,dream translation in islam,informational,islamic-general,reference,United Kingdom,,none,none,none,top,GSC_IMPRESSIONS_68D:1,GSC_AVG_POSITION:84,31.4,HIGH,/blog/islamic-dream-interpretation.html,/blog/islamic-dream-interpretation.html,LOW,reference,MONITOR,GSC_SEARCH_ANALYTICS_2026-06-02_TO_2026-08-08,LOW
dream translation islam,dream translation islam,informational,islamic-general,reference,United Kingdom,,none,none,none,top,GSC_IMPRESSIONS_68D:1,GSC_AVG_POSITION:89,31.4,HIGH,/blog/islamic-dream-interpretation.html,/blog/islamic-dream-interpretation.html,LOW,reference,MONITOR,GSC_SEARCH_ANALYTICS_2026-06-02_TO_2026-08-08,LOW
dreaming meaning in islam,dreaming meaning in islam,informational,islamic-general,reference,United States,,none,none,none,top,GSC_IMPRESSIONS_68D:1,GSC_AVG_POSITION:66,31.4,HIGH,/blog/islamic-dream-interpretation,/blog/islamic-dream-interpretation,LOW,reference,MONITOR,GSC_SEARCH_ANALYTICS_2026-06-02_TO_2026-08-08,LOW
dreams explained in islam,dreams explained in islam,informational,islamic-general,reference,United Kingdom,,none,none,none,top,GSC_IMPRESSIONS_68D:1,GSC_AVG_POSITION:67,31.4,HIGH,/blog/islamic-dream-interpretation,/blog/islamic-dream-interpretation,LOW,reference,MONITOR,GSC_SEARCH_ANALYTICS_2026-06-02_TO_2026-08-08,LOW
dreams explained islam,dreams explained islam,informational,islamic-general,reference,United States,,none,none,none,top,GSC_IMPRESSIONS_68D:1,GSC_AVG_POSITION:87,31.4,HIGH,/blog/islamic-dream-interpretation.html,/blog/islamic-dream-interpretation.html,LOW,reference,MONITOR,GSC_SEARCH_ANALYTICS_2026-06-02_TO_2026-08-08,LOW
dreams meaning in islam,dreams meaning in islam,informational,islamic-general,reference,United Kingdom,,none,none,none,top,GSC_IMPRESSIONS_68D:1,GSC_AVG_POSITION:85,31.4,HIGH,/blog/islamic-dream-interpretation.html,/blog/islamic-dream-interpretation.html,LOW,reference,MONITOR,GSC_SEARCH_ANALYTICS_2026-06-02_TO_2026-08-08,LOW
dua e masura in roman english,dua e masura in roman english,informational,duas-supplications,guide,India,,none,none,none,top,GSC_IMPRESSIONS_68D:1,GSC_AVG_POSITION:39,31.4,MEDIUM,/blog/dua-e-masura-arabic-english,/blog/dua-e-masura-arabic-english,LOW,guide,MONITOR,GSC_SEARCH_ANALYTICS_2026-06-02_TO_2026-08-08,LOW
dua e qunoot english,dua e qunoot english,informational,duas-supplications,guide,Australia,,none,none,none,top,GSC_IMPRESSIONS_68D:1,GSC_AVG_POSITION:67,31.4,MEDIUM,/blog/dua-e-qunoot-arabic-english,/blog/dua-e-qunoot-arabic-english,LOW,guide,MONITOR,GSC_SEARCH_ANALYTICS_2026-06-02_TO_2026-08-08,LOW
dua for depression and anxiety,dua for depression and anxiety,informational,duas-supplications,guide,Pakistan,,none,none,none,top,GSC_IMPRESSIONS_68D:1,GSC_AVG_POSITION:31,31.4,MEDIUM,/blog/dua-for-anxiety-stress-depression,/blog/dua-for-anxiety-stress-depression,LOW,guide,MONITOR,GSC_SEARCH_ANALYTICS_2026-06-02_TO_2026-08-08,LOW
dua for peace of mind,dua for peace of mind,informational,duas-supplications,guide,Pakistan,,none,none,none,top,GSC_IMPRESSIONS_68D:1,GSC_AVG_POSITION:30,31.4,MEDIUM,/blog/dua-for-anxiety-stress-depression,/blog/dua-for-anxiety-stress-depression,LOW,guide,MONITOR,GSC_SEARCH_ANALYTICS_2026-06-02_TO_2026-08-08,LOW
dua for stress anxiety and depression,dua for stress anxiety and depression,informational,duas-supplications,guide,India,,none,none,none,top,GSC_IMPRESSIONS_68D:1,GSC_AVG_POSITION:29,31.4,MEDIUM,/blog/dua-for-anxiety-stress-depression,/blog/dua-for-anxiety-stress-depression,LOW,guide,MONITOR,GSC_SEARCH_ANALYTICS_2026-06-02_TO_2026-08-08,LOW
dua for travel islam,dua for travel islam,informational,duas-supplications,guide,Canada,,none,none,none,top,GSC_IMPRESSIONS_68D:1,GSC_AVG_POSITION:73,31.4,MEDIUM,/blog/safar-ki-dua-travel-dua-arabic-english,/blog/safar-ki-dua-travel-dua-arabic-english,LOW,guide,MONITOR,GSC_SEARCH_ANALYTICS_2026-06-02_TO_2026-08-08,LOW
durood e shareef in roman english,durood e shareef in roman english,informational,duas-supplications,guide,India,,none,none,none,top,GSC_IMPRESSIONS_68D:1,GSC_AVG_POSITION:31,31.4,MEDIUM,/blog/darood-sharif,/blog/darood-sharif,LOW,guide,MONITOR,GSC_SEARCH_ANALYTICS_2026-06-02_TO_2026-08-08,LOW
elhamdülillah meaning,elhamdülillah meaning,informational,unclustered,unknown,United States,,none,none,none,top,GSC_IMPRESSIONS_68D:1,GSC_AVG_POSITION:67,31.4,HIGH,/blog/alhamdulillah-meaning-in-english,/blog/alhamdulillah-meaning-in-english,LOW,unknown,MONITOR,GSC_SEARCH_ANALYTICS_2026-06-02_TO_2026-08-08,LOW
ghusl steps,ghusl steps,informational,salah-prayer,guide,United States,,none,none,none,top,GSC_IMPRESSIONS_68D:28,GSC_AVG_POSITION:52.3,31.4,LOW,/blog/how-to-do-ghusl-step-by-step,/blog/how-to-do-ghusl-step-by-step,LOW,guide,MONITOR,GSC_SEARCH_ANALYTICS_2026-06-02_TO_2026-08-08,HIGH
ghusl tutorial,ghusl tutorial,informational,salah-prayer,guide,United States,,none,none,none,top,GSC_IMPRESSIONS_68D:1,GSC_AVG_POSITION:40,31.4,LOW,/blog/how-to-do-ghusl-step-by-step,/blog/how-to-do-ghusl-step-by-step,LOW,guide,MONITOR,GSC_SEARCH_ANALYTICS_2026-06-02_TO_2026-08-08,LOW
hamdillah meaning,hamdillah meaning,informational,unclustered,unknown,United States,,none,none,none,top,GSC_IMPRESSIONS_68D:1,GSC_AVG_POSITION:64,31.4,HIGH,/blog/alhamdulillah-meaning-in-english,/blog/alhamdulillah-meaning-in-english,LOW,unknown,MONITOR,GSC_SEARCH_ANALYTICS_2026-06-02_TO_2026-08-08,LOW
how old is the holy quran,how old is the holy quran,informational,islamic-general,reference,United States,,none,none,none,top,GSC_IMPRESSIONS_68D:1,GSC_AVG_POSITION:98,31.4,HIGH,/blog/best-age-to-start-quran-learning.html,/blog/best-age-to-start-quran-learning.html,LOW,reference,MONITOR,GSC_SEARCH_ANALYTICS_2026-06-02_TO_2026-08-08,LOW
how old is the quran,how old is the quran,informational,islamic-general,reference,United States,,none,none,none,top,GSC_IMPRESSIONS_68D:1,GSC_AVG_POSITION:75,31.4,HIGH,/blog/best-age-to-start-quran-learning.html,/blog/best-age-to-start-quran-learning.html,LOW,reference,MONITOR,GSC_SEARCH_ANALYTICS_2026-06-02_TO_2026-08-08,LOW
how to do ghusul,how to do ghusul,informational,unclustered,unknown,United Kingdom,,none,none,none,top,GSC_IMPRESSIONS_68D:1,GSC_AVG_POSITION:68,31.4,HIGH,/blog/how-to-do-ghusl-step-by-step,/blog/how-to-do-ghusl-step-by-step,LOW,unknown,MONITOR,GSC_SEARCH_ANALYTICS_2026-06-02_TO_2026-08-08,LOW
how to perform ghusul,how to perform ghusul,informational,unclustered,unknown,United Kingdom,,none,none,none,top,GSC_IMPRESSIONS_68D:1,GSC_AVG_POSITION:69,31.4,HIGH,/blog/how-to-do-ghusl-step-by-step,/blog/how-to-do-ghusl-step-by-step,LOW,unknown,MONITOR,GSC_SEARCH_ANALYTICS_2026-06-02_TO_2026-08-08,LOW
how to perform tayammum,how to perform tayammum,informational,unclustered,unknown,United Kingdom,,none,none,none,top,GSC_IMPRESSIONS_68D:1,GSC_AVG_POSITION:76,31.4,HIGH,/blog/how-to-do-tayammum-step-by-step,/blog/how-to-do-tayammum-step-by-step,LOW,unknown,MONITOR,GSC_SEARCH_ANALYTICS_2026-06-02_TO_2026-08-08,LOW
ijazah certificate,ijazah certificate,informational,quran-learning-service,service,India,,none,none,none,top,GSC_IMPRESSIONS_68D:1,GSC_AVG_POSITION:50,31.4,LOW,/blog/what-is-ijazah-in-quran-teaching,/blog/what-is-ijazah-in-quran-teaching,LOW,service,MONITOR,GSC_SEARCH_ANALYTICS_2026-06-02_TO_2026-08-08,LOW
ilaha,ilaha,informational,unclustered,unknown,Netherlands,,none,none,none,top,GSC_IMPRESSIONS_68D:1,GSC_AVG_POSITION:21,31.4,LOW,/blog/la-ilaha-illallah-meaning,/blog/la-ilaha-illallah-meaning,LOW,unknown,MONITOR,GSC_SEARCH_ANALYTICS_2026-06-02_TO_2026-08-08,LOW
ilaha illallah,ilaha illallah,informational,islamic-general,reference,Netherlands,,none,none,none,top,GSC_IMPRESSIONS_68D:1,GSC_AVG_POSITION:34,31.4,LOW,/blog/la-ilaha-illallah-meaning,/blog/la-ilaha-illallah-meaning,LOW,reference,MONITOR,GSC_SEARCH_ANALYTICS_2026-06-02_TO_2026-08-08,LOW
illallah,illallah,informational,islamic-general,reference,Netherlands,,none,none,none,top,GSC_IMPRESSIONS_68D:1,GSC_AVG_POSITION:35,31.4,LOW,/blog/la-ilaha-illallah-meaning,/blog/la-ilaha-illallah-meaning,LOW,reference,MONITOR,GSC_SEARCH_ANALYTICS_2026-06-02_TO_2026-08-08,LOW
inshallah in arabic writing,inshallah in arabic writing,informational,islamic-terms,definition,United Kingdom,,none,none,none,top,GSC_IMPRESSIONS_68D:1,GSC_AVG_POSITION:50,31.4,MEDIUM,/blog/inshallah-meaning-in-english,/blog/inshallah-meaning-in-english,LOW,definition,MONITOR,GSC_SEARCH_ANALYTICS_2026-06-02_TO_2026-08-08,LOW
interpretation of dream in islam,interpretation of dream in islam,informational,islamic-general,reference,Spain,,none,none,none,top,GSC_IMPRESSIONS_68D:1,GSC_AVG_POSITION:88,31.4,MEDIUM,/blog/islamic-dream-interpretation.html,/blog/islamic-dream-interpretation.html,LOW,reference,MONITOR,GSC_SEARCH_ANALYTICS_2026-06-02_TO_2026-08-08,LOW
islam dreams meaning,islam dreams meaning,informational,islamic-general,reference,United Kingdom,,none,none,none,top,GSC_IMPRESSIONS_68D:1,GSC_AVG_POSITION:79,31.4,HIGH,/blog/islamic-dream-interpretation.html,/blog/islamic-dream-interpretation.html,LOW,reference,MONITOR,GSC_SEARCH_ANALYTICS_2026-06-02_TO_2026-08-08,LOW
islamic dreams explained,islamic dreams explained,informational,islamic-general,reference,United States,,none,none,none,top,GSC_IMPRESSIONS_68D:1,GSC_AVG_POSITION:87,31.4,HIGH,/blog/islamic-dream-interpretation.html,/blog/islamic-dream-interpretation.html,LOW,reference,MONITOR,GSC_SEARCH_ANALYTICS_2026-06-02_TO_2026-08-08,LOW
islamic dreams meaning,islamic dreams meaning,informational,islamic-general,reference,United Kingdom,,none,none,none,top,GSC_IMPRESSIONS_68D:1,GSC_AVG_POSITION:76,31.4,HIGH,/blog/islamic-dream-interpretation.html,/blog/islamic-dream-interpretation.html,LOW,reference,MONITOR,GSC_SEARCH_ANALYTICS_2026-06-02_TO_2026-08-08,LOW
islamic dreams translation,islamic dreams translation,informational,islamic-general,reference,United Kingdom,,none,none,none,top,GSC_IMPRESSIONS_68D:1,GSC_AVG_POSITION:80,31.4,HIGH,/blog/islamic-dream-interpretation.html,/blog/islamic-dream-interpretation.html,LOW,reference,MONITOR,GSC_SEARCH_ANALYTICS_2026-06-02_TO_2026-08-08,LOW
islamic interpretation of dreams,islamic interpretation of dreams,informational,islamic-general,reference,Italy,,none,none,none,top,GSC_IMPRESSIONS_68D:1,GSC_AVG_POSITION:88,31.4,MEDIUM,/blog/islamic-dream-interpretation.html,/blog/islamic-dream-interpretation.html,LOW,reference,MONITOR,GSC_SEARCH_ANALYTICS_2026-06-02_TO_2026-08-08,LOW
islamic meaning for dreams,islamic meaning for dreams,informational,islamic-general,reference,United States,,none,none,none,top,GSC_IMPRESSIONS_68D:1,GSC_AVG_POSITION:87,31.4,HIGH,/blog/islamic-dream-interpretation.html,/blog/islamic-dream-interpretation.html,LOW,reference,MONITOR,GSC_SEARCH_ANALYTICS_2026-06-02_TO_2026-08-08,LOW
islamic meaning of dream,islamic meaning of dream,informational,islamic-general,reference,United Kingdom,,none,none,none,top,GSC_IMPRESSIONS_68D:1,GSC_AVG_POSITION:86,31.4,HIGH,/blog/islamic-dream-interpretation.html,/blog/islamic-dream-interpretation.html,LOW,reference,MONITOR,GSC_SEARCH_ANALYTICS_2026-06-02_TO_2026-08-08,LOW
islamic meaning of dreams,islamic meaning of dreams,informational,islamic-general,reference,United Kingdom,,none,none,none,top,GSC_IMPRESSIONS_68D:1,GSC_AVG_POSITION:81,31.4,HIGH,/blog/islamic-dream-interpretation.html,/blog/islamic-dream-interpretation.html,LOW,reference,MONITOR,GSC_SEARCH_ANALYTICS_2026-06-02_TO_2026-08-08,LOW
la ilaha il allah,la ilaha il allah,informational,islamic-terms,definition,United States,,none,none,none,top,GSC_IMPRESSIONS_68D:1,GSC_AVG_POSITION:44,31.4,MEDIUM,/blog/la-ilaha-illallah-meaning,/blog/la-ilaha-illallah-meaning,LOW,definition,MONITOR,GSC_SEARCH_ANALYTICS_2026-06-02_TO_2026-08-08,LOW
la ilaha illa allah,la ilaha illa allah,informational,islamic-terms,definition,United States,,none,none,none,top,GSC_IMPRESSIONS_68D:1,GSC_AVG_POSITION:47,31.4,MEDIUM,/blog/la-ilaha-illallah-meaning,/blog/la-ilaha-illallah-meaning,LOW,definition,MONITOR,GSC_SEARCH_ANALYTICS_2026-06-02_TO_2026-08-08,LOW
la ilaha illah allah,la ilaha illah allah,informational,islamic-terms,definition,United States,,none,none,none,top,GSC_IMPRESSIONS_68D:1,GSC_AVG_POSITION:43,31.4,MEDIUM,/blog/la-ilaha-illallah-meaning,/blog/la-ilaha-illallah-meaning,LOW,definition,MONITOR,GSC_SEARCH_ANALYTICS_2026-06-02_TO_2026-08-08,LOW
ma sha allah meaning,ma sha allah meaning,informational,islamic-general,reference,United Kingdom,,none,none,none,top,GSC_IMPRESSIONS_68D:1,GSC_AVG_POSITION:71,31.4,HIGH,/blog/mashallah-meaning.html,/blog/mashallah-meaning.html,LOW,reference,MONITOR,GSC_SEARCH_ANALYTICS_2026-06-02_TO_2026-08-08,LOW
ma sha allah meaning in english,ma sha allah meaning in english,informational,islamic-general,reference,United Kingdom,,none,none,none,top,GSC_IMPRESSIONS_68D:1,GSC_AVG_POSITION:65,31.4,HIGH,/blog/mashallah-meaning.html,/blog/mashallah-meaning.html,LOW,reference,MONITOR,GSC_SEARCH_ANALYTICS_2026-06-02_TO_2026-08-08,LOW
mahsallah meaning,mahsallah meaning,informational,islamic-general,reference,Turkey,,none,none,none,top,GSC_IMPRESSIONS_68D:1,GSC_AVG_POSITION:44,31.4,HIGH,/blog/mashallah-meaning,/blog/mashallah-meaning,LOW,reference,MONITOR,GSC_SEARCH_ANALYTICS_2026-06-02_TO_2026-08-08,LOW
mashah allah meaning,mashah allah meaning,informational,islamic-general,reference,Turkey,,none,none,none,top,GSC_IMPRESSIONS_68D:1,GSC_AVG_POSITION:42,31.4,HIGH,/blog/mashallah-meaning,/blog/mashallah-meaning,LOW,reference,MONITOR,GSC_SEARCH_ANALYTICS_2026-06-02_TO_2026-08-08,LOW
meaning of a dream in islam,meaning of a dream in islam,informational,islamic-general,reference,United Kingdom,,none,none,none,top,GSC_IMPRESSIONS_68D:1,GSC_AVG_POSITION:92,31.4,HIGH,/blog/islamic-dream-interpretation.html,/blog/islamic-dream-interpretation.html,LOW,reference,MONITOR,GSC_SEARCH_ANALYTICS_2026-06-02_TO_2026-08-08,LOW
meaning of bismil,meaning of bismil,informational,unclustered,unknown,United Kingdom,,none,none,none,top,GSC_IMPRESSIONS_68D:1,GSC_AVG_POSITION:69,31.4,HIGH,/blog/bismillah-meaning-in-english,/blog/bismillah-meaning-in-english,LOW,unknown,MONITOR,GSC_SEARCH_ANALYTICS_2026-06-02_TO_2026-08-08,LOW
meaning of dream in islam,meaning of dream in islam,informational,islamic-general,reference,United Kingdom,,none,none,none,top,GSC_IMPRESSIONS_68D:1,GSC_AVG_POSITION:87,31.4,HIGH,/blog/islamic-dream-interpretation.html,/blog/islamic-dream-interpretation.html,LOW,reference,MONITOR,GSC_SEARCH_ANALYTICS_2026-06-02_TO_2026-08-08,LOW
meaning of dreams in islam,meaning of dreams in islam,informational,islamic-general,reference,United Kingdom,,none,none,none,top,GSC_IMPRESSIONS_68D:1,GSC_AVG_POSITION:90,31.4,HIGH,/blog/islamic-dream-interpretation.html,/blog/islamic-dream-interpretation.html,LOW,reference,MONITOR,GSC_SEARCH_ANALYTICS_2026-06-02_TO_2026-08-08,LOW
meaning of dreams islamic,meaning of dreams islamic,informational,islamic-general,reference,United Kingdom,,none,none,none,top,GSC_IMPRESSIONS_68D:1,GSC_AVG_POSITION:84,31.4,HIGH,/blog/islamic-dream-interpretation.html,/blog/islamic-dream-interpretation.html,LOW,reference,MONITOR,GSC_SEARCH_ANALYTICS_2026-06-02_TO_2026-08-08,LOW
meaning of inshaallah,meaning of inshaallah,informational,islamic-terms,definition,LUX,,none,none,none,top,GSC_IMPRESSIONS_68D:1,GSC_AVG_POSITION:95,31.4,HIGH,/blog/inshallah-meaning-in-english,/blog/inshallah-meaning-in-english,LOW,definition,MONITOR,GSC_SEARCH_ANALYTICS_2026-06-02_TO_2026-08-08,LOW
morning and evening adhkar in english,morning and evening adhkar in english,informational,unclustered,unknown,United States,,none,none,scheduling,top,GSC_IMPRESSIONS_68D:1,GSC_AVG_POSITION:62,31.4,HIGH,/blog/morning-evening-adhkar-dhikr,/blog/morning-evening-adhkar-dhikr,LOW,unknown,MONITOR,GSC_SEARCH_ANALYTICS_2026-06-02_TO_2026-08-08,LOW
mushallah meaning,mushallah meaning,informational,islamic-general,reference,India,,none,none,none,top,GSC_IMPRESSIONS_68D:1,GSC_AVG_POSITION:44,31.4,HIGH,/blog/mashallah-meaning,/blog/mashallah-meaning,LOW,reference,MONITOR,GSC_SEARCH_ANALYTICS_2026-06-02_TO_2026-08-08,LOW
muslim population in uk 2023,muslim population in uk 2023,informational,islamic-demographics,reference,United States,,none,none,none,top,GSC_IMPRESSIONS_68D:1,GSC_AVG_POSITION:23,31.4,MEDIUM,/blog/muslim-population-statistics-uk-usa,/blog/muslim-population-statistics-uk-usa,LOW,reference,MONITOR,GSC_SEARCH_ANALYTICS_2026-06-02_TO_2026-08-08,LOW
name of the islamic months,name of the islamic months,informational,islamic-calendar,reference,Italy,,none,none,none,top,GSC_IMPRESSIONS_68D:1,GSC_AVG_POSITION:76,31.4,MEDIUM,/blog/islamic-months-names-in-order,/blog/islamic-months-names-in-order,LOW,reference,MONITOR,GSC_SEARCH_ANALYTICS_2026-06-02_TO_2026-08-08,LOW
names of allah arabic,names of allah arabic,informational,99-names,reference,United States,,none,none,none,top,GSC_IMPRESSIONS_68D:1,GSC_AVG_POSITION:47,31.4,MEDIUM,/blog/99-names-of-allah-asmaul-husna,/blog/99-names-of-allah-asmaul-husna,LOW,reference,MONITOR,GSC_SEARCH_ANALYTICS_2026-06-02_TO_2026-08-08,LOW
ninety nine names of allah,ninety nine names of allah,informational,99-names,reference,Netherlands,,none,none,none,top,GSC_IMPRESSIONS_68D:1,GSC_AVG_POSITION:72,31.4,MEDIUM,/blog/99-names-of-allah-asmaul-husna.html,/blog/99-names-of-allah-asmaul-husna.html,LOW,reference,MONITOR,GSC_SEARCH_ANALYTICS_2026-06-02_TO_2026-08-08,LOW
prayer attahiyat,prayer attahiyat,informational,salah-prayer,guide,United States,,none,none,none,top,GSC_IMPRESSIONS_68D:1,GSC_AVG_POSITION:21,31.4,LOW,/blog/attahiyat-full-arabic-english-tashahhud,/blog/attahiyat-full-arabic-english-tashahhud,LOW,guide,MONITOR,GSC_SEARCH_ANALYTICS_2026-06-02_TO_2026-08-08,LOW
qunoot meaning,qunoot meaning,informational,unclustered,unknown,United States,,none,none,none,top,GSC_IMPRESSIONS_68D:1,GSC_AVG_POSITION:91,31.4,HIGH,/blog/dua-e-qunoot-arabic-english,/blog/dua-e-qunoot-arabic-english,LOW,unknown,MONITOR,GSC_SEARCH_ANALYTICS_2026-06-02_TO_2026-08-08,LOW
reciting surah waqiah 41 times benefits,reciting surah waqiah 41 times benefits,informational,quran-surahs,reference,Australia,,none,none,none,top,GSC_IMPRESSIONS_68D:1,GSC_AVG_POSITION:87,31.4,MEDIUM,/blog/surah-waqiah-benefits,/blog/surah-waqiah-benefits,LOW,reference,MONITOR,GSC_SEARCH_ANALYTICS_2026-06-02_TO_2026-08-08,LOW
salat after attahiyat,salat after attahiyat,informational,salah-prayer,guide,United Kingdom,,none,none,none,top,GSC_IMPRESSIONS_68D:1,GSC_AVG_POSITION:40,31.4,LOW,/blog/attahiyat-full-arabic-english-tashahhud,/blog/attahiyat-full-arabic-english-tashahhud,LOW,guide,MONITOR,GSC_SEARCH_ANALYTICS_2026-06-02_TO_2026-08-08,LOW
tahiyat english,tahiyat english,informational,salah-prayer,guide,United Kingdom,,none,none,none,top,GSC_IMPRESSIONS_68D:1,GSC_AVG_POSITION:29,31.4,LOW,/blog/attahiyat-full-arabic-english-tashahhud,/blog/attahiyat-full-arabic-english-tashahhud,LOW,guide,MONITOR,GSC_SEARCH_ANALYTICS_2026-06-02_TO_2026-08-08,LOW
the last two ayat of surah baqarah,the last two ayat of surah baqarah,informational,quran-surahs,reference,Philippines,,none,none,none,top,GSC_IMPRESSIONS_68D:1,GSC_AVG_POSITION:43,31.4,MEDIUM,/blog/last-two-ayahs-surah-baqarah,/blog/last-two-ayahs-surah-baqarah,LOW,reference,MONITOR,GSC_SEARCH_ANALYTICS_2026-06-02_TO_2026-08-08,LOW
traveling dua in english,traveling dua in english,informational,duas-supplications,guide,UAE,,none,none,none,top,GSC_IMPRESSIONS_68D:1,GSC_AVG_POSITION:66,31.4,HIGH,/blog/safar-ki-dua-travel-dua-arabic-english,/blog/safar-ki-dua-travel-dua-arabic-english,LOW,guide,MONITOR,GSC_SEARCH_ANALYTICS_2026-06-02_TO_2026-08-08,LOW
what breaks ablution,what breaks ablution,informational,unclustered,unknown,BRA,,none,none,none,top,GSC_IMPRESSIONS_68D:1,GSC_AVG_POSITION:52,31.4,HIGH,/blog/what-breaks-wudu,/blog/what-breaks-wudu,LOW,unknown,MONITOR,GSC_SEARCH_ANALYTICS_2026-06-02_TO_2026-08-08,LOW
what does bismillah means,what does bismillah means,informational,islamic-terms,definition,Philippines,,none,none,none,top,GSC_IMPRESSIONS_68D:1,GSC_AVG_POSITION:72,31.4,HIGH,/blog/bismillah-meaning-in-english,/blog/bismillah-meaning-in-english,LOW,definition,MONITOR,GSC_SEARCH_ANALYTICS_2026-06-02_TO_2026-08-08,LOW
what does dreams mean in islam,what does dreams mean in islam,informational,islamic-general,reference,United Kingdom,,none,none,none,top,GSC_IMPRESSIONS_68D:1,GSC_AVG_POSITION:88,31.4,HIGH,/blog/islamic-dream-interpretation.html,/blog/islamic-dream-interpretation.html,LOW,reference,MONITOR,GSC_SEARCH_ANALYTICS_2026-06-02_TO_2026-08-08,LOW
what does mashala mean,what does mashala mean,informational,unclustered,unknown,United Kingdom,,none,none,none,top,GSC_IMPRESSIONS_68D:1,GSC_AVG_POSITION:84,31.4,HIGH,/blog/mashallah-meaning.html,/blog/mashallah-meaning.html,LOW,unknown,MONITOR,GSC_SEARCH_ANALYTICS_2026-06-02_TO_2026-08-08,LOW
what does stafallah mean,what does stafallah mean,informational,islamic-general,reference,United States,,none,none,none,top,GSC_IMPRESSIONS_68D:1,GSC_AVG_POSITION:66,31.4,HIGH,/blog/astaghfirullah-meaning,/blog/astaghfirullah-meaning,LOW,reference,MONITOR,GSC_SEARCH_ANALYTICS_2026-06-02_TO_2026-08-08,LOW
bismallah,bismallah,informational,islamic-terms,definition,Australia,,none,none,none,top,GSC_IMPRESSIONS_68D:6,GSC_AVG_POSITION:49.2,31.3,LOW,/blog/bismillah-meaning-in-english,/blog/bismillah-meaning-in-english,LOW,definition,CONTENT REFRESH,GSC_SEARCH_ANALYTICS_2026-06-02_TO_2026-08-08,MEDIUM
benefits of surah al waqiah,benefits of surah al waqiah,informational,quran-surahs,reference,United Kingdom,,none,none,none,top,GSC_IMPRESSIONS_68D:5,GSC_AVG_POSITION:84.8,31.0,MEDIUM,/blog/surah-waqiah-benefits,/blog/surah-waqiah-benefits,LOW,reference,MONITOR,GSC_SEARCH_ANALYTICS_2026-06-02_TO_2026-08-08,MEDIUM
islamic months names,islamic months names,informational,islamic-calendar,reference,New Zealand,,none,none,none,top,GSC_IMPRESSIONS_68D:5,GSC_AVG_POSITION:73.2,31.0,LOW,/blog/islamic-months-names-in-order,/blog/islamic-months-names-in-order,LOW,reference,MONITOR,GSC_SEARCH_ANALYTICS_2026-06-02_TO_2026-08-08,MEDIUM
100 name of allah,100 name of allah,informational,islamic-general,reference,Germany,,none,none,none,top,GSC_IMPRESSIONS_68D:2,GSC_AVG_POSITION:56.5,30.9,MEDIUM,/blog/99-names-of-allah-asmaul-husna,/blog/99-names-of-allah-asmaul-husna,LOW,reference,MONITOR,GSC_SEARCH_ANALYTICS_2026-06-02_TO_2026-08-08,LOW
99 allah names and meaning and benefits,99 allah names and meaning and benefits,informational,99-names,reference,Bangladesh,,none,none,none,top,GSC_IMPRESSIONS_68D:2,GSC_AVG_POSITION:56,30.9,HIGH,/blog/99-names-of-allah-asmaul-husna,/blog/99-names-of-allah-asmaul-husna,LOW,reference,MONITOR,GSC_SEARCH_ANALYTICS_2026-06-02_TO_2026-08-08,LOW
99 names of allah and the meaning,99 names of allah and the meaning,informational,99-names,reference,Nigeria,,none,none,none,top,GSC_IMPRESSIONS_68D:2,GSC_AVG_POSITION:50.5,30.9,HIGH,/blog/99-names-of-allah-asmaul-husna,/blog/99-names-of-allah-asmaul-husna,LOW,reference,MONITOR,GSC_SEARCH_ANALYTICS_2026-06-02_TO_2026-08-08,LOW
adhkar before sleep,adhkar before sleep,informational,unclustered,unknown,Canada,,none,none,none,top,GSC_IMPRESSIONS_68D:2,GSC_AVG_POSITION:35.5,30.9,LOW,/blog/dua-before-sleeping-islam,/blog/dua-before-sleeping-islam,LOW,unknown,MONITOR,GSC_SEARCH_ANALYTICS_2026-06-02_TO_2026-08-08,LOW
allah ke 100 name,allah ke 100 name,informational,islamic-general,reference,United States,,none,none,none,top,GSC_IMPRESSIONS_68D:2,GSC_AVG_POSITION:41,30.9,MEDIUM,/blog/99-names-of-allah-asmaul-husna,/blog/99-names-of-allah-asmaul-husna,LOW,reference,MONITOR,GSC_SEARCH_ANALYTICS_2026-06-02_TO_2026-08-08,LOW
astagfirullah,astagfirullah,informational,islamic-terms,definition,Finland,,none,none,none,top,GSC_IMPRESSIONS_68D:2,GSC_AVG_POSITION:61.5,30.9,LOW,/blog/astaghfirullah-meaning,/blog/astaghfirullah-meaning,LOW,definition,MONITOR,GSC_SEARCH_ANALYTICS_2026-06-02_TO_2026-08-08,LOW
astaghfar duas,astaghfar duas,informational,duas-supplications,guide,Canada,,none,none,none,top,GSC_IMPRESSIONS_68D:2,GSC_AVG_POSITION:40.5,30.9,LOW,/blog/dua-for-forgiveness-istighfar,/blog/dua-for-forgiveness-istighfar,LOW,guide,MONITOR,GSC_SEARCH_ANALYTICS_2026-06-02_TO_2026-08-08,LOW
astaghfirullah mean,astaghfirullah mean,informational,islamic-terms,definition,France,,none,none,none,top,GSC_IMPRESSIONS_68D:2,GSC_AVG_POSITION:35.5,30.9,LOW,/blog/astaghfirullah-meaning,/blog/astaghfirullah-meaning,MEDIUM,definition,MONITOR,GSC_SEARCH_ANALYTICS_2026-06-02_TO_2026-08-08,LOW
attahiyat surah english,attahiyat surah english,informational,quran-surahs,reference,United Kingdom,,none,none,none,top,GSC_IMPRESSIONS_68D:2,GSC_AVG_POSITION:22,30.9,LOW,/blog/attahiyat-full-arabic-english-tashahhud,/blog/attahiyat-full-arabic-english-tashahhud,LOW,reference,MONITOR,GSC_SEARCH_ANALYTICS_2026-06-02_TO_2026-08-08,LOW
bismillah translation,bismillah translation,informational,islamic-terms,definition,Pakistan,,none,none,none,top,GSC_IMPRESSIONS_68D:2,GSC_AVG_POSITION:56,30.9,HIGH,/blog/bismillah-meaning-in-english,/blog/bismillah-meaning-in-english,LOW,definition,MONITOR,GSC_SEARCH_ANALYTICS_2026-06-02_TO_2026-08-08,LOW
bismillah vertaling,bismillah vertaling,informational,islamic-terms,definition,Belgium,,none,none,none,top,GSC_IMPRESSIONS_68D:2,GSC_AVG_POSITION:44,30.9,LOW,/blog/bismillah-meaning-in-english,/blog/bismillah-meaning-in-english,LOW,definition,MONITOR,GSC_SEARCH_ANALYTICS_2026-06-02_TO_2026-08-08,LOW
dua astaghfar,dua astaghfar,informational,duas-supplications,guide,United Kingdom,,none,none,none,top,GSC_IMPRESSIONS_68D:2,GSC_AVG_POSITION:34.5,30.9,LOW,/blog/dua-for-forgiveness-istighfar,/blog/dua-for-forgiveness-istighfar,LOW,guide,MONITOR,GSC_SEARCH_ANALYTICS_2026-06-02_TO_2026-08-08,LOW
dua for rizq,dua for rizq,informational,duas-supplications,guide,United States,,none,none,none,top,GSC_IMPRESSIONS_68D:2,GSC_AVG_POSITION:22,30.9,LOW,/blog/dua-for-rizq-arabic-english,/blog/dua-for-rizq-arabic-english,LOW,guide,MONITOR,GSC_SEARCH_ANALYTICS_2026-06-02_TO_2026-08-08,LOW
dua for sadness and worries,dua for sadness and worries,informational,duas-supplications,guide,UAE,,none,none,none,top,GSC_IMPRESSIONS_68D:2,GSC_AVG_POSITION:44.5,30.9,MEDIUM,/blog/dua-for-anxiety-stress-depression,/blog/dua-for-anxiety-stress-depression,LOW,guide,MONITOR,GSC_SEARCH_ANALYTICS_2026-06-02_TO_2026-08-08,LOW
dua for travelling in plane,dua for travelling in plane,informational,duas-supplications,guide,UAE,,none,none,none,top,GSC_IMPRESSIONS_68D:2,GSC_AVG_POSITION:47,30.9,MEDIUM,/blog/safar-ki-dua-travel-dua-arabic-english,/blog/safar-ki-dua-travel-dua-arabic-english,LOW,guide,MONITOR,GSC_SEARCH_ANALYTICS_2026-06-02_TO_2026-08-08,LOW
dua for travelling on plane,dua for travelling on plane,informational,duas-supplications,guide,UAE,,none,none,none,top,GSC_IMPRESSIONS_68D:2,GSC_AVG_POSITION:47.5,30.9,MEDIUM,/blog/safar-ki-dua-travel-dua-arabic-english,/blog/safar-ki-dua-travel-dua-arabic-english,LOW,guide,MONITOR,GSC_SEARCH_ANALYTICS_2026-06-02_TO_2026-08-08,LOW
dua to relieve stress and anxiety,dua to relieve stress and anxiety,informational,duas-supplications,guide,United Kingdom,,none,none,none,top,GSC_IMPRESSIONS_68D:2,GSC_AVG_POSITION:56,30.9,MEDIUM,/blog/dua-for-anxiety-stress-depression,/blog/dua-for-anxiety-stress-depression,LOW,guide,MONITOR,GSC_SEARCH_ANALYTICS_2026-06-02_TO_2026-08-08,LOW
dua travelling plane,dua travelling plane,informational,duas-supplications,guide,Canada,,none,none,none,top,GSC_IMPRESSIONS_68D:2,GSC_AVG_POSITION:45,30.9,LOW,/blog/safar-ki-dua-travel-dua-arabic-english,/blog/safar-ki-dua-travel-dua-arabic-english,LOW,guide,MONITOR,GSC_SEARCH_ANALYTICS_2026-06-02_TO_2026-08-08,LOW
dua when travelling by plane,dua when travelling by plane,informational,duas-supplications,guide,United Kingdom,,none,none,none,top,GSC_IMPRESSIONS_68D:2,GSC_AVG_POSITION:59.5,30.9,MEDIUM,/blog/safar-ki-dua-travel-dua-arabic-english,/blog/safar-ki-dua-travel-dua-arabic-english,LOW,guide,MONITOR,GSC_SEARCH_ANALYTICS_2026-06-02_TO_2026-08-08,LOW
ghusl step by step,ghusl step by step,informational,salah-prayer,guide,India,,none,none,none,top,GSC_IMPRESSIONS_68D:2,GSC_AVG_POSITION:44.5,30.9,MEDIUM,/blog/how-to-do-ghusl-step-by-step,/blog/how-to-do-ghusl-step-by-step,LOW,guide,MONITOR,GSC_SEARCH_ANALYTICS_2026-06-02_TO_2026-08-08,LOW
hifz programs,hifz programs,informational,hifz-memorisation,course,Pakistan,,none,hifz,none,top,GSC_IMPRESSIONS_68D:2,GSC_AVG_POSITION:48,30.9,LOW,/hifz-quran-online,/hifz-quran-online,LOW,course,MONITOR,GSC_SEARCH_ANALYTICS_2026-06-02_TO_2026-08-08,LOW
indhallah,indhallah,informational,islamic-general,reference,Canada,,none,none,none,top,GSC_IMPRESSIONS_68D:2,GSC_AVG_POSITION:30.5,30.9,LOW,/blog/inshallah-meaning-in-english,/blog/inshallah-meaning-in-english,LOW,reference,MONITOR,GSC_SEARCH_ANALYTICS_2026-06-02_TO_2026-08-08,LOW
insh'allah,insh'allah,informational,islamic-general,reference,Canada,,none,none,none,top,GSC_IMPRESSIONS_68D:2,GSC_AVG_POSITION:32,30.9,LOW,/blog/inshallah-meaning-in-english,/blog/inshallah-meaning-in-english,LOW,reference,MONITOR,GSC_SEARCH_ANALYTICS_2026-06-02_TO_2026-08-08,LOW
inshallah or in sha allah,inshallah or in sha allah,informational,islamic-terms,definition,Bangladesh,,none,none,none,top,GSC_IMPRESSIONS_68D:2,GSC_AVG_POSITION:32,30.9,MEDIUM,/blog/inshallah-meaning-in-english,/blog/inshallah-meaning-in-english,LOW,definition,MONITOR,GSC_SEARCH_ANALYTICS_2026-06-02_TO_2026-08-08,LOW
inshallah very soon meaning in urdu,inshallah very soon meaning in urdu,informational,islamic-terms,definition,Pakistan,,none,none,none,top,GSC_IMPRESSIONS_68D:2,GSC_AVG_POSITION:58,30.9,HIGH,/blog/inshallah-meaning-in-english,/blog/inshallah-meaning-in-english,LOW,definition,MONITOR,GSC_SEARCH_ANALYTICS_2026-06-02_TO_2026-08-08,LOW
muslim population uk 2021 census,muslim population uk 2021 census,informational,islamic-demographics,reference,THA,,none,none,none,top,GSC_IMPRESSIONS_68D:2,GSC_AVG_POSITION:21.5,30.9,MEDIUM,/blog/muslim-population-statistics-uk-usa,/blog/muslim-population-statistics-uk-usa,LOW,reference,MONITOR,GSC_SEARCH_ANALYTICS_2026-06-02_TO_2026-08-08,LOW
names of allah and benefits,names of allah and benefits,informational,99-names,reference,India,,none,none,none,top,GSC_IMPRESSIONS_68D:2,GSC_AVG_POSITION:31.5,30.9,MEDIUM,/blog/99-names-of-allah-asmaul-husna,/blog/99-names-of-allah-asmaul-husna,LOW,reference,MONITOR,GSC_SEARCH_ANALYTICS_2026-06-02_TO_2026-08-08,LOW
online hifdh program,online hifdh program,informational,hifz-memorisation,course,United Kingdom,,none,hifz,none,top,GSC_IMPRESSIONS_68D:2,GSC_AVG_POSITION:90,30.9,LOW,/hifz-quran-online,/hifz-quran-online,LOW,course,MONITOR,GSC_SEARCH_ANALYTICS_2026-06-02_TO_2026-08-08,LOW
surah ahad,surah ahad,informational,quran-surahs,reference,Australia,,none,none,none,top,GSC_IMPRESSIONS_68D:2,GSC_AVG_POSITION:48,30.9,LOW,/blog/surah-ikhlas-benefits,/blog/surah-ikhlas-benefits,LOW,reference,MONITOR,GSC_SEARCH_ANALYTICS_2026-06-02_TO_2026-08-08,LOW
surah waqiah which para,surah waqiah which para,informational,quran-surahs,reference,UAE,,none,none,none,top,GSC_IMPRESSIONS_68D:2,GSC_AVG_POSITION:42,30.9,MEDIUM,/blog/surah-waqiah-benefits,/blog/surah-waqiah-benefits,LOW,reference,MONITOR,GSC_SEARCH_ANALYTICS_2026-06-02_TO_2026-08-08,LOW
translate inshallah from arabic,translate inshallah from arabic,informational,islamic-terms,definition,Pakistan,,none,none,none,top,GSC_IMPRESSIONS_68D:2,GSC_AVG_POSITION:39,30.9,MEDIUM,/blog/inshallah-meaning-in-english,/blog/inshallah-meaning-in-english,LOW,definition,MONITOR,GSC_SEARCH_ANALYTICS_2026-06-02_TO_2026-08-08,LOW
uk muslim population 2021 census percentage,uk muslim population 2021 census percentage,informational,islamic-demographics,reference,BRA,,none,none,none,top,GSC_IMPRESSIONS_68D:2,GSC_AVG_POSITION:22.5,30.9,MEDIUM,/blog/muslim-population-statistics-uk-usa,/blog/muslim-population-statistics-uk-usa,LOW,reference,MONITOR,GSC_SEARCH_ANALYTICS_2026-06-02_TO_2026-08-08,LOW
what inshallah means,what inshallah means,informational,islamic-terms,definition,Nigeria,,none,none,none,top,GSC_IMPRESSIONS_68D:2,GSC_AVG_POSITION:59.5,30.9,HIGH,/blog/inshallah-meaning-in-english,/blog/inshallah-meaning-in-english,LOW,definition,MONITOR,GSC_SEARCH_ANALYTICS_2026-06-02_TO_2026-08-08,LOW
what is the meaning of astaghfirullah,what is the meaning of astaghfirullah,informational,islamic-terms,definition,India,,none,none,none,top,GSC_IMPRESSIONS_68D:2,GSC_AVG_POSITION:55,30.9,HIGH,/blog/astaghfirullah-meaning,/blog/astaghfirullah-meaning,MEDIUM,definition,MONITOR,GSC_SEARCH_ANALYTICS_2026-06-02_TO_2026-08-08,LOW
alhamdulillah mean,alhamdulillah mean,informational,islamic-terms,definition,Spain,,none,none,none,top,GSC_IMPRESSIONS_68D:4,GSC_AVG_POSITION:58.2,30.6,LOW,/blog/alhamdulillah-meaning-in-english,/blog/alhamdulillah-meaning-in-english,LOW,definition,MONITOR,GSC_SEARCH_ANALYTICS_2026-06-02_TO_2026-08-08,MEDIUM
define bismillah,define bismillah,informational,islamic-terms,definition,Australia,,none,none,none,top,GSC_IMPRESSIONS_68D:4,GSC_AVG_POSITION:41.5,30.6,LOW,/blog/bismillah-meaning-in-english,/blog/bismillah-meaning-in-english,LOW,definition,MONITOR,GSC_SEARCH_ANALYTICS_2026-06-02_TO_2026-08-08,MEDIUM
inshallah allah,inshallah allah,informational,islamic-terms,definition,Sri Lanka,,none,none,none,top,GSC_IMPRESSIONS_68D:9,GSC_AVG_POSITION:37.6,30.6,LOW,/blog/inshallah-meaning-in-english,/blog/inshallah-meaning-in-english,LOW,definition,CONTENT REFRESH,GSC_SEARCH_ANALYTICS_2026-06-02_TO_2026-08-08,MEDIUM
steps of ghusl,steps of ghusl,informational,salah-prayer,guide,Australia,,none,none,none,top,GSC_IMPRESSIONS_68D:4,GSC_AVG_POSITION:56.5,30.6,LOW,/blog/how-to-do-ghusl-step-by-step,/blog/how-to-do-ghusl-step-by-step,LOW,guide,MONITOR,GSC_SEARCH_ANALYTICS_2026-06-02_TO_2026-08-08,MEDIUM
inshallah mean,inshallah mean,informational,islamic-terms,definition,Spain,,none,none,none,top,GSC_IMPRESSIONS_68D:8,GSC_AVG_POSITION:75.9,30.4,LOW,/blog/inshallah-meaning-in-english,/blog/inshallah-meaning-in-english,LOW,definition,MONITOR,GSC_SEARCH_ANALYTICS_2026-06-02_TO_2026-08-08,MEDIUM
astaghfirullah,astaghfirullah,informational,islamic-terms,definition,United States,,none,none,none,top,GSC_IMPRESSIONS_68D:62,GSC_AVG_POSITION:54.9,30.3,LOW,/blog/astaghfirullah-meaning,/blog/astaghfirullah-meaning,MEDIUM,definition,MONITOR,GSC_SEARCH_ANALYTICS_2026-06-02_TO_2026-08-08,HIGH
99 names of allah list,99 names of allah list,informational,99-names,reference,United Kingdom,,none,none,none,top,GSC_IMPRESSIONS_68D:3,GSC_AVG_POSITION:59,30.1,MEDIUM,/blog/99-names-of-allah-asmaul-husna,/blog/99-names-of-allah-asmaul-husna,LOW,reference,MONITOR,GSC_SEARCH_ANALYTICS_2026-06-02_TO_2026-08-08,MEDIUM
benefit of surah al waqiah,benefit of surah al waqiah,informational,quran-surahs,reference,United Kingdom,,none,none,none,top,GSC_IMPRESSIONS_68D:3,GSC_AVG_POSITION:87,30.1,MEDIUM,/blog/surah-waqiah-benefits,/blog/surah-waqiah-benefits,LOW,reference,MONITOR,GSC_SEARCH_ANALYTICS_2026-06-02_TO_2026-08-08,MEDIUM
bismillah english,bismillah english,informational,islamic-terms,definition,United States,,none,none,none,top,GSC_IMPRESSIONS_68D:3,GSC_AVG_POSITION:36,30.1,LOW,/blog/bismillah-meaning-in-english,/blog/bismillah-meaning-in-english,LOW,definition,MONITOR,GSC_SEARCH_ANALYTICS_2026-06-02_TO_2026-08-08,MEDIUM
define inshallah,define inshallah,informational,islamic-terms,definition,Belgium,,none,none,none,top,GSC_IMPRESSIONS_68D:7,GSC_AVG_POSITION:58.9,30.1,LOW,/blog/inshallah-meaning-in-english,/blog/inshallah-meaning-in-english,LOW,definition,MONITOR,GSC_SEARCH_ANALYTICS_2026-06-02_TO_2026-08-08,MEDIUM
dua istighfar,dua istighfar,informational,duas-supplications,guide,UAE,,none,none,none,top,GSC_IMPRESSIONS_68D:7,GSC_AVG_POSITION:34.4,30.1,LOW,/blog/dua-for-forgiveness-istighfar,/blog/dua-for-forgiveness-istighfar,LOW,guide,CONTENT REFRESH,GSC_SEARCH_ANALYTICS_2026-06-02_TO_2026-08-08,MEDIUM
labbaik allahumma labbaik,labbaik allahumma labbaik,informational,islamic-terms,definition,United Kingdom,,none,none,none,top,GSC_IMPRESSIONS_68D:3,GSC_AVG_POSITION:25.7,30.1,LOW,/blog/labbaik-allahumma-labbaik,/blog/labbaik-allahumma-labbaik,LOW,definition,MONITOR,GSC_SEARCH_ANALYTICS_2026-06-02_TO_2026-08-08,MEDIUM
4 qul transliteration,4 qul transliteration,informational,quran-surahs,reference,United Kingdom,,none,none,none,top,GSC_IMPRESSIONS_68D:1,GSC_AVG_POSITION:34,30.0,LOW,/blog/4-quls,/blog/4-quls,LOW,reference,MONITOR,GSC_SEARCH_ANALYTICS_2026-06-02_TO_2026-08-08,LOW
adhkar before sleeping,adhkar before sleeping,informational,unclustered,unknown,Canada,,none,none,none,top,GSC_IMPRESSIONS_68D:1,GSC_AVG_POSITION:36,30.0,LOW,/blog/dua-before-sleeping-islam,/blog/dua-before-sleeping-islam,LOW,unknown,MONITOR,GSC_SEARCH_ANALYTICS_2026-06-02_TO_2026-08-08,LOW
ain in arabic,ain in arabic,informational,islamic-general,reference,Canada,,none,none,none,top,GSC_IMPRESSIONS_68D:1,GSC_AVG_POSITION:40,30.0,LOW,/noorani-qaida/arabic-letters/ain,/noorani-qaida/arabic-letters/ain,LOW,reference,MONITOR,GSC_SEARCH_ANALYTICS_2026-06-02_TO_2026-08-08,LOW
al asma ul husna,al asma ul husna,informational,99-names,reference,India,,none,none,none,top,GSC_IMPRESSIONS_68D:1,GSC_AVG_POSITION:25,30.0,MEDIUM,/blog/99-names-of-allah-asmaul-husna.html,/blog/99-names-of-allah-asmaul-husna.html,LOW,reference,MONITOR,GSC_SEARCH_ANALYTICS_2026-06-02_TO_2026-08-08,LOW
al baqarah last 2 ayats,al baqarah last 2 ayats,informational,unclustered,unknown,United Kingdom,,none,none,none,top,GSC_IMPRESSIONS_68D:1,GSC_AVG_POSITION:48,30.0,MEDIUM,/blog/last-two-ayahs-surah-baqarah,/blog/last-two-ayahs-surah-baqarah,LOW,unknown,MONITOR,GSC_SEARCH_ANALYTICS_2026-06-02_TO_2026-08-08,LOW
alhamdulillah in arabic translation,alhamdulillah in arabic translation,informational,islamic-terms,definition,Qatar,,none,none,none,top,GSC_IMPRESSIONS_68D:1,GSC_AVG_POSITION:82,30.0,HIGH,/blog/alhamdulillah-meaning-in-english.html,/blog/alhamdulillah-meaning-in-english.html,LOW,definition,MONITOR,GSC_SEARCH_ANALYTICS_2026-06-02_TO_2026-08-08,LOW
alhamdulillah meaning in malayalam,alhamdulillah meaning in malayalam,informational,islamic-terms,definition,India,,none,none,none,top,GSC_IMPRESSIONS_68D:1,GSC_AVG_POSITION:51,30.0,HIGH,/blog/alhamdulillah-meaning-in-english.html,/blog/alhamdulillah-meaning-in-english.html,LOW,definition,MONITOR,GSC_SEARCH_ANALYTICS_2026-06-02_TO_2026-08-08,LOW
alhamdulillah translate,alhamdulillah translate,informational,islamic-terms,definition,Denmark,,none,none,none,top,GSC_IMPRESSIONS_68D:1,GSC_AVG_POSITION:69,30.0,LOW,/blog/alhamdulillah-meaning-in-english,/blog/alhamdulillah-meaning-in-english,LOW,definition,MONITOR,GSC_SEARCH_ANALYTICS_2026-06-02_TO_2026-08-08,LOW
alhamdullilah means,alhamdullilah means,informational,unclustered,unknown,THA,,none,none,none,top,GSC_IMPRESSIONS_68D:1,GSC_AVG_POSITION:79,30.0,HIGH,/blog/alhamdulillah-meaning-in-english.html,/blog/alhamdulillah-meaning-in-english.html,LOW,unknown,MONITOR,GSC_SEARCH_ANALYTICS_2026-06-02_TO_2026-08-08,LOW
allah names with benefits,allah names with benefits,informational,99-names,reference,Pakistan,,none,none,none,top,GSC_IMPRESSIONS_68D:1,GSC_AVG_POSITION:33,30.0,MEDIUM,/blog/99-names-of-allah-asmaul-husna,/blog/99-names-of-allah-asmaul-husna,LOW,reference,MONITOR,GSC_SEARCH_ANALYTICS_2026-06-02_TO_2026-08-08,LOW
asmaul husna in arabic,asmaul husna in arabic,informational,99-names,reference,India,,none,none,none,top,GSC_IMPRESSIONS_68D:1,GSC_AVG_POSITION:22,30.0,MEDIUM,/blog/99-names-of-allah-asmaul-husna,/blog/99-names-of-allah-asmaul-husna,LOW,reference,MONITOR,GSC_SEARCH_ANALYTICS_2026-06-02_TO_2026-08-08,LOW
at tahiyat transliteration,at tahiyat transliteration,informational,salah-prayer,guide,Vietnam,,none,none,none,top,GSC_IMPRESSIONS_68D:1,GSC_AVG_POSITION:29,30.0,LOW,/blog/attahiyat-full-arabic-english-tashahhud,/blog/attahiyat-full-arabic-english-tashahhud,LOW,guide,MONITOR,GSC_SEARCH_ANALYTICS_2026-06-02_TO_2026-08-08,LOW
athiyat,athiyat,informational,unclustered,unknown,Australia,,none,none,none,top,GSC_IMPRESSIONS_68D:1,GSC_AVG_POSITION:34,30.0,LOW,/blog/attahiyat-full-arabic-english-tashahhud,/blog/attahiyat-full-arabic-english-tashahhud,LOW,unknown,MONITOR,GSC_SEARCH_ANALYTICS_2026-06-02_TO_2026-08-08,LOW
ayat al karima,ayat al karima,informational,quran-surahs,reference,United Kingdom,,none,none,none,top,GSC_IMPRESSIONS_68D:1,GSC_AVG_POSITION:36,30.0,LOW,/blog/ayat-e-karima,/blog/ayat-e-karima,LOW,reference,MONITOR,GSC_SEARCH_ANALYTICS_2026-06-02_TO_2026-08-08,LOW
ayatul kursi in arabic and english,ayatul kursi in arabic and english,informational,quran-surahs,reference,United States,,none,none,none,top,GSC_IMPRESSIONS_68D:1,GSC_AVG_POSITION:51,30.0,MEDIUM,/blog/ayatul-kursi-arabic-english-benefits,/blog/ayatul-kursi-arabic-english-benefits,LOW,reference,MONITOR,GSC_SEARCH_ANALYTICS_2026-06-02_TO_2026-08-08,LOW
barakallahu feekum means,barakallahu feekum means,informational,islamic-terms,definition,India,,none,none,none,top,GSC_IMPRESSIONS_68D:1,GSC_AVG_POSITION:52,30.0,HIGH,/blog/barakallah-meaning,/blog/barakallah-meaning,LOW,definition,MONITOR,GSC_SEARCH_ANALYTICS_2026-06-02_TO_2026-08-08,LOW
before sleeping dua,before sleeping dua,informational,duas-supplications,guide,Canada,,none,none,none,top,GSC_IMPRESSIONS_68D:1,GSC_AVG_POSITION:41,30.0,LOW,/blog/dua-before-sleeping-islam,/blog/dua-before-sleeping-islam,LOW,guide,MONITOR,GSC_SEARCH_ANALYTICS_2026-06-02_TO_2026-08-08,LOW
darood salam in arabic,darood salam in arabic,informational,duas-supplications,guide,Saudi Arabia,,none,none,none,top,GSC_IMPRESSIONS_68D:1,GSC_AVG_POSITION:43,30.0,MEDIUM,/blog/darood-sharif,/blog/darood-sharif,LOW,guide,MONITOR,GSC_SEARCH_ANALYTICS_2026-06-02_TO_2026-08-08,LOW
dorud sharif,dorud sharif,informational,unclustered,unknown,Canada,,none,none,none,top,GSC_IMPRESSIONS_68D:1,GSC_AVG_POSITION:25,30.0,LOW,/blog/darood-sharif,/blog/darood-sharif,LOW,unknown,MONITOR,GSC_SEARCH_ANALYTICS_2026-06-02_TO_2026-08-08,LOW
dreams in islam interpretation,dreams in islam interpretation,informational,islamic-general,reference,Belgium,,none,none,none,top,GSC_IMPRESSIONS_68D:1,GSC_AVG_POSITION:90,30.0,MEDIUM,/blog/islamic-dream-interpretation.html,/blog/islamic-dream-interpretation.html,LOW,reference,MONITOR,GSC_SEARCH_ANALYTICS_2026-06-02_TO_2026-08-08,LOW
dua al-istikhara,dua al-istikhara,informational,duas-supplications,guide,United States,,none,none,none,top,GSC_IMPRESSIONS_68D:1,GSC_AVG_POSITION:38,30.0,LOW,/blog/dua-e-istikhara,/blog/dua-e-istikhara,LOW,guide,MONITOR,GSC_SEARCH_ANALYTICS_2026-06-02_TO_2026-08-08,LOW
dua e qunoot in english,dua e qunoot in english,informational,duas-supplications,guide,India,,none,none,none,top,GSC_IMPRESSIONS_68D:1,GSC_AVG_POSITION:68,30.0,HIGH,/blog/dua-e-qunoot-arabic-english,/blog/dua-e-qunoot-arabic-english,LOW,guide,MONITOR,GSC_SEARCH_ANALYTICS_2026-06-02_TO_2026-08-08,LOW
dua for airplane travel,dua for airplane travel,informational,duas-supplications,guide,United Kingdom,,none,none,none,top,GSC_IMPRESSIONS_68D:1,GSC_AVG_POSITION:52,30.0,MEDIUM,/blog/safar-ki-dua-travel-dua-arabic-english,/blog/safar-ki-dua-travel-dua-arabic-english,LOW,guide,MONITOR,GSC_SEARCH_ANALYTICS_2026-06-02_TO_2026-08-08,LOW
dua for hajat,dua for hajat,informational,duas-supplications,guide,United States,,none,none,none,top,GSC_IMPRESSIONS_68D:1,GSC_AVG_POSITION:28,30.0,LOW,/blog/dua-for-hajat-arabic-english,/blog/dua-for-hajat-arabic-english,LOW,guide,MONITOR,GSC_SEARCH_ANALYTICS_2026-06-02_TO_2026-08-08,LOW
dua for plane travel,dua for plane travel,informational,duas-supplications,guide,United States,,none,none,none,top,GSC_IMPRESSIONS_68D:1,GSC_AVG_POSITION:60,30.0,MEDIUM,/blog/safar-ki-dua-travel-dua-arabic-english,/blog/safar-ki-dua-travel-dua-arabic-english,LOW,guide,MONITOR,GSC_SEARCH_ANALYTICS_2026-06-02_TO_2026-08-08,LOW
dua for stress relief,dua for stress relief,informational,duas-supplications,guide,United Kingdom,,none,none,none,top,GSC_IMPRESSIONS_68D:1,GSC_AVG_POSITION:51,30.0,MEDIUM,/blog/dua-for-anxiety-stress-depression,/blog/dua-for-anxiety-stress-depression,LOW,guide,MONITOR,GSC_SEARCH_ANALYTICS_2026-06-02_TO_2026-08-08,LOW
dua for travel in english,dua for travel in english,informational,duas-supplications,guide,India,,none,none,none,top,GSC_IMPRESSIONS_68D:1,GSC_AVG_POSITION:75,30.0,HIGH,/blog/safar-ki-dua-travel-dua-arabic-english,/blog/safar-ki-dua-travel-dua-arabic-english,LOW,guide,MONITOR,GSC_SEARCH_ANALYTICS_2026-06-02_TO_2026-08-08,LOW
dua for traveling in plane,dua for traveling in plane,informational,duas-supplications,guide,United Kingdom,,none,none,none,top,GSC_IMPRESSIONS_68D:1,GSC_AVG_POSITION:51,30.0,MEDIUM,/blog/safar-ki-dua-travel-dua-arabic-english,/blog/safar-ki-dua-travel-dua-arabic-english,LOW,guide,MONITOR,GSC_SEARCH_ANALYTICS_2026-06-02_TO_2026-08-08,LOW
dua for worry and anxiety,dua for worry and anxiety,informational,duas-supplications,guide,United Kingdom,,none,none,none,top,GSC_IMPRESSIONS_68D:1,GSC_AVG_POSITION:51,30.0,MEDIUM,/blog/dua-for-anxiety-stress-depression,/blog/dua-for-anxiety-stress-depression,LOW,guide,MONITOR,GSC_SEARCH_ANALYTICS_2026-06-02_TO_2026-08-08,LOW
dua hajaat,dua hajaat,informational,duas-supplications,guide,United States,,none,none,none,top,GSC_IMPRESSIONS_68D:1,GSC_AVG_POSITION:25,30.0,LOW,/blog/dua-for-hajat-arabic-english,/blog/dua-for-hajat-arabic-english,LOW,guide,MONITOR,GSC_SEARCH_ANALYTICS_2026-06-02_TO_2026-08-08,LOW
dua hajat,dua hajat,informational,duas-supplications,guide,United States,,none,none,none,top,GSC_IMPRESSIONS_68D:1,GSC_AVG_POSITION:25,30.0,LOW,/blog/dua-for-hajat-arabic-english,/blog/dua-for-hajat-arabic-english,LOW,guide,MONITOR,GSC_SEARCH_ANALYTICS_2026-06-02_TO_2026-08-08,LOW
dua of rizq,dua of rizq,informational,duas-supplications,guide,United States,,none,none,none,top,GSC_IMPRESSIONS_68D:1,GSC_AVG_POSITION:27,30.0,LOW,/blog/dua-for-rizq-arabic-english,/blog/dua-for-rizq-arabic-english,LOW,guide,MONITOR,GSC_SEARCH_ANALYTICS_2026-06-02_TO_2026-08-08,LOW
dua qunoot arabic english,dua qunoot arabic english,informational,duas-supplications,guide,United States,,none,none,none,top,GSC_IMPRESSIONS_68D:1,GSC_AVG_POSITION:52,30.0,MEDIUM,/blog/dua-e-qunoot-arabic-english,/blog/dua-e-qunoot-arabic-english,LOW,guide,MONITOR,GSC_SEARCH_ANALYTICS_2026-06-02_TO_2026-08-08,LOW
dua qunoot english arabic,dua qunoot english arabic,informational,duas-supplications,guide,United States,,none,none,none,top,GSC_IMPRESSIONS_68D:1,GSC_AVG_POSITION:53,30.0,MEDIUM,/blog/dua-e-qunoot-arabic-english,/blog/dua-e-qunoot-arabic-english,LOW,guide,MONITOR,GSC_SEARCH_ANALYTICS_2026-06-02_TO_2026-08-08,LOW
dua when depressed,dua when depressed,informational,duas-supplications,guide,United States,,none,none,none,top,GSC_IMPRESSIONS_68D:1,GSC_AVG_POSITION:37,30.0,LOW,/blog/dua-for-anxiety-stress-depression,/blog/dua-for-anxiety-stress-depression,LOW,guide,MONITOR,GSC_SEARCH_ANALYTICS_2026-06-02_TO_2026-08-08,LOW
duas for rizq,duas for rizq,informational,duas-supplications,guide,United States,,none,none,none,top,GSC_IMPRESSIONS_68D:1,GSC_AVG_POSITION:31,30.0,LOW,/blog/dua-for-rizq-arabic-english,/blog/dua-for-rizq-arabic-english,LOW,guide,MONITOR,GSC_SEARCH_ANALYTICS_2026-06-02_TO_2026-08-08,LOW
evil eye in quran,evil eye in quran,informational,islamic-general,reference,United States,,none,none,none,top,GSC_IMPRESSIONS_68D:1,GSC_AVG_POSITION:42,30.0,MEDIUM,/blog/evil-eye-dua-nazar-ruqyah,/blog/evil-eye-dua-nazar-ruqyah,LOW,reference,MONITOR,GSC_SEARCH_ANALYTICS_2026-06-02_TO_2026-08-08,LOW
fard ghusl steps,fard ghusl steps,informational,salah-prayer,guide,THA,,none,none,none,top,GSC_IMPRESSIONS_68D:1,GSC_AVG_POSITION:28,30.0,LOW,/blog/how-to-do-ghusl-step-by-step,/blog/how-to-do-ghusl-step-by-step,LOW,guide,MONITOR,GSC_SEARCH_ANALYTICS_2026-06-02_TO_2026-08-08,LOW
ha letter arabic,ha letter arabic,informational,islamic-general,reference,Canada,,none,none,none,top,GSC_IMPRESSIONS_68D:1,GSC_AVG_POSITION:37,30.0,LOW,/noorani-qaida/arabic-letters/ha,/noorani-qaida/arabic-letters/ha,MEDIUM,reference,MONITOR,GSC_SEARCH_ANALYTICS_2026-06-02_TO_2026-08-08,LOW
in sha allah in arabic,in sha allah in arabic,informational,islamic-terms,definition,India,,none,none,none,top,GSC_IMPRESSIONS_68D:1,GSC_AVG_POSITION:36,30.0,MEDIUM,/blog/inshallah-meaning-in-english,/blog/inshallah-meaning-in-english,LOW,definition,MONITOR,GSC_SEARCH_ANALYTICS_2026-06-02_TO_2026-08-08,LOW
in shaa allah in arabic,in shaa allah in arabic,informational,islamic-general,reference,Canada,,none,none,none,top,GSC_IMPRESSIONS_68D:1,GSC_AVG_POSITION:52,30.0,MEDIUM,/blog/inshallah-meaning-in-english,/blog/inshallah-meaning-in-english,LOW,reference,MONITOR,GSC_SEARCH_ANALYTICS_2026-06-02_TO_2026-08-08,LOW
in which para is surah yaseen,in which para is surah yaseen,informational,quran-surahs,reference,United States,,none,none,none,top,GSC_IMPRESSIONS_68D:1,GSC_AVG_POSITION:56,30.0,MEDIUM,/blog/surah-yaseen-arabic-english,/blog/surah-yaseen-arabic-english,LOW,reference,MONITOR,GSC_SEARCH_ANALYTICS_2026-06-02_TO_2026-08-08,LOW
inshallag,inshallag,informational,unclustered,unknown,Canada,,none,none,none,top,GSC_IMPRESSIONS_68D:1,GSC_AVG_POSITION:28,30.0,LOW,/blog/inshallah-meaning-in-english,/blog/inshallah-meaning-in-english,LOW,unknown,MONITOR,GSC_SEARCH_ANALYTICS_2026-06-02_TO_2026-08-08,LOW
inshallah meaning in gujarati,inshallah meaning in gujarati,informational,islamic-terms,definition,India,,none,none,none,top,GSC_IMPRESSIONS_68D:1,GSC_AVG_POSITION:51,30.0,HIGH,/blog/inshallah-meaning-in-english,/blog/inshallah-meaning-in-english,LOW,definition,MONITOR,GSC_SEARCH_ANALYTICS_2026-06-02_TO_2026-08-08,LOW
last 2 ayats of surah baqarah,last 2 ayats of surah baqarah,informational,quran-surahs,reference,United States,,none,none,none,top,GSC_IMPRESSIONS_68D:1,GSC_AVG_POSITION:56,30.0,MEDIUM,/blog/last-two-ayahs-surah-baqarah,/blog/last-two-ayahs-surah-baqarah,LOW,reference,MONITOR,GSC_SEARCH_ANALYTICS_2026-06-02_TO_2026-08-08,LOW
mad leen,mad leen,informational,unclustered,unknown,Canada,,none,none,none,top,GSC_IMPRESSIONS_68D:1,GSC_AVG_POSITION:40,30.0,LOW,/noorani-qaida/lessons/madd-and-leen,/noorani-qaida/lessons/madd-and-leen,LOW,unknown,MONITOR,GSC_SEARCH_ANALYTICS_2026-06-02_TO_2026-08-08,LOW
name of allah 99 in english,name of allah 99 in english,informational,islamic-general,reference,UAE,,none,none,none,top,GSC_IMPRESSIONS_68D:1,GSC_AVG_POSITION:57,30.0,HIGH,/blog/99-names-of-allah-asmaul-husna.html,/blog/99-names-of-allah-asmaul-husna.html,LOW,reference,MONITOR,GSC_SEARCH_ANALYTICS_2026-06-02_TO_2026-08-08,LOW
panic attacks stress anxiety duas for stress,panic attacks stress anxiety duas for stress,informational,duas-supplications,guide,United Kingdom,,none,none,none,top,GSC_IMPRESSIONS_68D:1,GSC_AVG_POSITION:59,30.0,MEDIUM,/blog/dua-for-anxiety-stress-depression,/blog/dua-for-anxiety-stress-depression,LOW,guide,MONITOR,GSC_SEARCH_ANALYTICS_2026-06-02_TO_2026-08-08,LOW
plane dua,plane dua,informational,duas-supplications,guide,United States,,none,none,none,top,GSC_IMPRESSIONS_68D:1,GSC_AVG_POSITION:34,30.0,LOW,/blog/safar-ki-dua-travel-dua-arabic-english,/blog/safar-ki-dua-travel-dua-arabic-english,LOW,guide,MONITOR,GSC_SEARCH_ANALYTICS_2026-06-02_TO_2026-08-08,LOW
quick ghusl steps,quick ghusl steps,informational,salah-prayer,guide,THA,,none,none,none,top,GSC_IMPRESSIONS_68D:1,GSC_AVG_POSITION:23,30.0,LOW,/blog/how-to-do-ghusl-step-by-step,/blog/how-to-do-ghusl-step-by-step,LOW,guide,MONITOR,GSC_SEARCH_ANALYTICS_2026-06-02_TO_2026-08-08,LOW
ra in arabic,ra in arabic,informational,islamic-general,reference,Canada,,none,none,none,top,GSC_IMPRESSIONS_68D:1,GSC_AVG_POSITION:38,30.0,LOW,/noorani-qaida/arabic-letters/ra,/noorani-qaida/arabic-letters/ra,LOW,reference,MONITOR,GSC_SEARCH_ANALYTICS_2026-06-02_TO_2026-08-08,LOW
rizq dua,rizq dua,informational,duas-supplications,guide,United Kingdom,,none,none,none,top,GSC_IMPRESSIONS_68D:1,GSC_AVG_POSITION:25,30.0,LOW,/blog/dua-for-rizq-arabic-english,/blog/dua-for-rizq-arabic-english,LOW,guide,MONITOR,GSC_SEARCH_ANALYTICS_2026-06-02_TO_2026-08-08,LOW
safar ki dua in roman english,safar ki dua in roman english,informational,duas-supplications,guide,UAE,,none,none,none,top,GSC_IMPRESSIONS_68D:1,GSC_AVG_POSITION:49,30.0,MEDIUM,/blog/safar-ki-dua-travel-dua-arabic-english,/blog/safar-ki-dua-travel-dua-arabic-english,LOW,guide,MONITOR,GSC_SEARCH_ANALYTICS_2026-06-02_TO_2026-08-08,LOW
saying la ilaha illallah,saying la ilaha illallah,informational,islamic-terms,definition,Philippines,,none,none,none,top,GSC_IMPRESSIONS_68D:1,GSC_AVG_POSITION:49,30.0,MEDIUM,/blog/la-ilaha-illallah-meaning,/blog/la-ilaha-illallah-meaning,LOW,definition,MONITOR,GSC_SEARCH_ANALYTICS_2026-06-02_TO_2026-08-08,LOW
subhanallah arabic,subhanallah arabic,informational,islamic-terms,definition,Netherlands,,none,none,none,top,GSC_IMPRESSIONS_68D:1,GSC_AVG_POSITION:42,30.0,LOW,/blog/subhanallah-meaning,/blog/subhanallah-meaning,LOW,definition,MONITOR,GSC_SEARCH_ANALYTICS_2026-06-02_TO_2026-08-08,LOW
wudu step by step,wudu step by step,informational,salah-prayer,guide,United Kingdom,,none,none,none,top,GSC_IMPRESSIONS_68D:1,GSC_AVG_POSITION:85,30.0,MEDIUM,/blog/how-to-do-wudu-step-by-step,/blog/how-to-do-wudu-step-by-step,LOW,guide,MONITOR,GSC_SEARCH_ANALYTICS_2026-06-02_TO_2026-08-08,LOW
wudu steps for women,wudu steps for women,informational,salah-prayer,guide,United Kingdom,,women,none,gender-preference,top,GSC_IMPRESSIONS_68D:1,GSC_AVG_POSITION:79,30.0,MEDIUM,/blog/how-to-do-wudu-step-by-step,/blog/how-to-do-wudu-step-by-step,LOW,guide,MONITOR,GSC_SEARCH_ANALYTICS_2026-06-02_TO_2026-08-08,LOW
zain pronunciation,zain pronunciation,informational,unclustered,unknown,Canada,,none,none,none,top,GSC_IMPRESSIONS_68D:1,GSC_AVG_POSITION:37,30.0,LOW,/noorani-qaida/arabic-letters/zain,/noorani-qaida/arabic-letters/zain,LOW,unknown,MONITOR,GSC_SEARCH_ANALYTICS_2026-06-02_TO_2026-08-08,LOW
dua istikhara arabic,dua istikhara arabic,informational,duas-supplications,guide,United States,,none,none,none,top,GSC_IMPRESSIONS_68D:6,GSC_AVG_POSITION:48.8,29.9,LOW,/blog/dua-e-istikhara,/blog/dua-e-istikhara,LOW,guide,CONTENT REFRESH,GSC_SEARCH_ANALYTICS_2026-06-02_TO_2026-08-08,MEDIUM
allah 99 names,allah 99 names,informational,99-names,reference,Australia,,none,none,none,top,GSC_IMPRESSIONS_68D:12,GSC_AVG_POSITION:53.3,29.7,LOW,/blog/99-names-of-allah-asmaul-husna,/blog/99-names-of-allah-asmaul-husna,LOW,reference,MONITOR,GSC_SEARCH_ANALYTICS_2026-06-02_TO_2026-08-08,HIGH
insallah,insallah,informational,islamic-terms,definition,Australia,,none,none,none,top,GSC_IMPRESSIONS_68D:12,GSC_AVG_POSITION:57.2,29.7,LOW,/blog/inshallah-meaning-in-english,/blog/inshallah-meaning-in-english,LOW,definition,MONITOR,GSC_SEARCH_ANALYTICS_2026-06-02_TO_2026-08-08,HIGH
subhanallah in arabic,subhanallah in arabic,informational,islamic-terms,definition,Belgium,,none,none,none,top,GSC_IMPRESSIONS_68D:5,GSC_AVG_POSITION:55.6,29.6,LOW,/blog/subhanallah-meaning,/blog/subhanallah-meaning,LOW,definition,MONITOR,GSC_SEARCH_ANALYTICS_2026-06-02_TO_2026-08-08,MEDIUM
12 months of islam,12 months of islam,informational,islamic-general,reference,Canada,,none,none,none,top,GSC_IMPRESSIONS_68D:2,GSC_AVG_POSITION:69,29.4,MEDIUM,/blog/islamic-months-names-in-order,/blog/islamic-months-names-in-order,LOW,reference,MONITOR,GSC_SEARCH_ANALYTICS_2026-06-02_TO_2026-08-08,LOW
99 arabic names of allah,99 arabic names of allah,informational,99-names,reference,United Kingdom,,none,none,none,top,GSC_IMPRESSIONS_68D:2,GSC_AVG_POSITION:51,29.4,MEDIUM,/blog/99-names-of-allah-asmaul-husna,/blog/99-names-of-allah-asmaul-husna,MEDIUM,reference,MONITOR,GSC_SEARCH_ANALYTICS_2026-06-02_TO_2026-08-08,LOW
99 name of allaha,99 name of allaha,informational,99-names,reference,United States,,none,none,none,top,GSC_IMPRESSIONS_68D:2,GSC_AVG_POSITION:51.5,29.4,MEDIUM,/blog/99-names-of-allah-asmaul-husna,/blog/99-names-of-allah-asmaul-husna,LOW,reference,MONITOR,GSC_SEARCH_ANALYTICS_2026-06-02_TO_2026-08-08,LOW
99 names allah,99 names allah,informational,99-names,reference,Australia,,none,none,none,top,GSC_IMPRESSIONS_68D:10,GSC_AVG_POSITION:59.6,29.4,LOW,/blog/99-names-of-allah-asmaul-husna,/blog/99-names-of-allah-asmaul-husna,MEDIUM,reference,MONITOR,GSC_SEARCH_ANALYTICS_2026-06-02_TO_2026-08-08,HIGH
99 names of all,99 names of all,informational,99-names,reference,United States,,none,none,none,top,GSC_IMPRESSIONS_68D:2,GSC_AVG_POSITION:56.5,29.4,MEDIUM,/blog/99-names-of-allah-asmaul-husna,/blog/99-names-of-allah-asmaul-husna,LOW,reference,MONITOR,GSC_SEARCH_ANALYTICS_2026-06-02_TO_2026-08-08,LOW
alhamdulillah translation in arabic,alhamdulillah translation in arabic,informational,islamic-terms,definition,India,,none,none,none,top,GSC_IMPRESSIONS_68D:2,GSC_AVG_POSITION:86,29.4,HIGH,/blog/alhamdulillah-meaning-in-english.html,/blog/alhamdulillah-meaning-in-english.html,LOW,definition,MONITOR,GSC_SEARCH_ANALYTICS_2026-06-02_TO_2026-08-08,LOW
arabic months in order,arabic months in order,informational,islamic-calendar,reference,Canada,,none,none,none,top,GSC_IMPRESSIONS_68D:2,GSC_AVG_POSITION:74.5,29.4,MEDIUM,/blog/islamic-months-names-in-order,/blog/islamic-months-names-in-order,LOW,reference,MONITOR,GSC_SEARCH_ANALYTICS_2026-06-02_TO_2026-08-08,LOW
arabic months name,arabic months name,informational,islamic-calendar,reference,New Zealand,,none,none,none,top,GSC_IMPRESSIONS_68D:2,GSC_AVG_POSITION:78.5,29.4,LOW,/blog/islamic-months-names-in-order,/blog/islamic-months-names-in-order,LOW,reference,MONITOR,GSC_SEARCH_ANALYTICS_2026-06-02_TO_2026-08-08,LOW
bism allah,bism allah,informational,islamic-general,reference,France,,none,none,none,top,GSC_IMPRESSIONS_68D:2,GSC_AVG_POSITION:40,29.4,LOW,/blog/bismillah-meaning-in-english,/blog/bismillah-meaning-in-english,LOW,reference,MONITOR,GSC_SEARCH_ANALYTICS_2026-06-02_TO_2026-08-08,LOW
dream interpretation in islam,dream interpretation in islam,informational,islamic-general,reference,France,,none,none,none,top,GSC_IMPRESSIONS_68D:2,GSC_AVG_POSITION:60,29.4,MEDIUM,/blog/islamic-dream-interpretation.html,/blog/islamic-dream-interpretation.html,LOW,reference,MONITOR,GSC_SEARCH_ANALYTICS_2026-06-02_TO_2026-08-08,LOW
dua when entering the home,dua when entering the home,informational,duas-supplications,guide,United States,,none,none,none,top,GSC_IMPRESSIONS_68D:2,GSC_AVG_POSITION:68,29.4,MEDIUM,/blog/dua-entering-leaving-home,/blog/dua-entering-leaving-home,LOW,guide,MONITOR,GSC_SEARCH_ANALYTICS_2026-06-02_TO_2026-08-08,LOW
islamic calendar months in order,islamic calendar months in order,informational,islamic-calendar,reference,Canada,,none,none,none,top,GSC_IMPRESSIONS_68D:2,GSC_AVG_POSITION:87.5,29.4,MEDIUM,/blog/islamic-months-names-in-order,/blog/islamic-months-names-in-order,LOW,reference,MONITOR,GSC_SEARCH_ANALYTICS_2026-06-02_TO_2026-08-08,LOW
islamic calendar months name,islamic calendar months name,informational,islamic-calendar,reference,Australia,,none,none,none,top,GSC_IMPRESSIONS_68D:2,GSC_AVG_POSITION:78.5,29.4,MEDIUM,/blog/islamic-months-names-in-order,/blog/islamic-months-names-in-order,LOW,reference,MONITOR,GSC_SEARCH_ANALYTICS_2026-06-02_TO_2026-08-08,LOW
labaik,labaik,informational,islamic-terms,definition,United Kingdom,,none,none,none,top,GSC_IMPRESSIONS_68D:2,GSC_AVG_POSITION:37.5,29.4,LOW,/blog/labbaik-allahumma-labbaik,/blog/labbaik-allahumma-labbaik,LOW,definition,MONITOR,GSC_SEARCH_ANALYTICS_2026-06-02_TO_2026-08-08,LOW
99 allah names in arabic,99 allah names in arabic,informational,99-names,reference,United States,,none,none,none,top,GSC_IMPRESSIONS_68D:4,GSC_AVG_POSITION:63.2,29.1,MEDIUM,/blog/99-names-of-allah-asmaul-husna,/blog/99-names-of-allah-asmaul-husna,LOW,reference,MONITOR,GSC_SEARCH_ANALYTICS_2026-06-02_TO_2026-08-08,MEDIUM
al kursi english,al kursi english,informational,quran-surahs,reference,United Kingdom,,none,none,none,top,GSC_IMPRESSIONS_68D:4,GSC_AVG_POSITION:46,29.1,LOW,/blog/ayatul-kursi-arabic-english-benefits,/blog/ayatul-kursi-arabic-english-benefits,MEDIUM,reference,MONITOR,GSC_SEARCH_ANALYTICS_2026-06-02_TO_2026-08-08,MEDIUM
dua for istighfar,dua for istighfar,informational,duas-supplications,guide,UAE,,none,none,none,top,GSC_IMPRESSIONS_68D:4,GSC_AVG_POSITION:35.2,29.1,LOW,/blog/dua-for-forgiveness-istighfar,/blog/dua-for-forgiveness-istighfar,LOW,guide,MONITOR,GSC_SEARCH_ANALYTICS_2026-06-02_TO_2026-08-08,MEDIUM
define alhamdulillah,define alhamdulillah,informational,islamic-terms,definition,Belgium,,none,none,none,top,GSC_IMPRESSIONS_68D:8,GSC_AVG_POSITION:77.2,29.0,LOW,/blog/alhamdulillah-meaning-in-english,/blog/alhamdulillah-meaning-in-english,MEDIUM,definition,MONITOR,GSC_SEARCH_ANALYTICS_2026-06-02_TO_2026-08-08,MEDIUM
100 names for allah,100 names for allah,informational,99-names,reference,United States,,none,none,none,top,GSC_IMPRESSIONS_68D:3,GSC_AVG_POSITION:72,28.7,MEDIUM,/blog/99-names-of-allah-asmaul-husna.html,/blog/99-names-of-allah-asmaul-husna.html,MEDIUM,reference,MONITOR,GSC_SEARCH_ANALYTICS_2026-06-02_TO_2026-08-08,MEDIUM
99 names of allah meanings and benefits,99 names of allah meanings and benefits,informational,99-names,reference,United States,,none,none,none,top,GSC_IMPRESSIONS_68D:3,GSC_AVG_POSITION:88.7,28.7,MEDIUM,/blog/99-names-of-allah-asmaul-husna,/blog/99-names-of-allah-asmaul-husna,MEDIUM,reference,MONITOR,GSC_SEARCH_ANALYTICS_2026-06-02_TO_2026-08-08,MEDIUM
alhamdulillah pronunciation,alhamdulillah pronunciation,informational,islamic-terms,definition,Spain,,none,none,none,top,GSC_IMPRESSIONS_68D:3,GSC_AVG_POSITION:62.3,28.7,LOW,/blog/alhamdulillah-meaning-in-english.html,/blog/alhamdulillah-meaning-in-english.html,LOW,definition,MONITOR,GSC_SEARCH_ANALYTICS_2026-06-02_TO_2026-08-08,MEDIUM
duae istikhara,duae istikhara,informational,unclustered,unknown,United States,,none,none,none,top,GSC_IMPRESSIONS_68D:3,GSC_AVG_POSITION:35.3,28.7,LOW,/blog/dua-e-istikhara,/blog/dua-e-istikhara,LOW,unknown,MONITOR,GSC_SEARCH_ANALYTICS_2026-06-02_TO_2026-08-08,MEDIUM
durood shareef english,durood shareef english,informational,duas-supplications,guide,United States,,none,none,none,top,GSC_IMPRESSIONS_68D:3,GSC_AVG_POSITION:46.7,28.7,LOW,/blog/darood-sharif,/blog/darood-sharif,LOW,guide,MONITOR,GSC_SEARCH_ANALYTICS_2026-06-02_TO_2026-08-08,MEDIUM
insha allah,insha allah,informational,islamic-terms,definition,United Kingdom,,none,none,none,top,GSC_IMPRESSIONS_68D:7,GSC_AVG_POSITION:46.1,28.7,LOW,/blog/inshallah-meaning-in-english,/blog/inshallah-meaning-in-english,LOW,definition,CONTENT REFRESH,GSC_SEARCH_ANALYTICS_2026-06-02_TO_2026-08-08,MEDIUM
insha allah in arabic,insha allah in arabic,informational,islamic-terms,definition,India,,none,none,none,top,GSC_IMPRESSIONS_68D:3,GSC_AVG_POSITION:45,28.7,MEDIUM,/blog/inshallah-meaning-in-english,/blog/inshallah-meaning-in-english,LOW,definition,MONITOR,GSC_SEARCH_ANALYTICS_2026-06-02_TO_2026-08-08,MEDIUM
inshallah in a sentence,inshallah in a sentence,informational,islamic-terms,definition,United States,,none,none,none,top,GSC_IMPRESSIONS_68D:3,GSC_AVG_POSITION:64.3,28.7,MEDIUM,/blog/inshallah-meaning-in-english,/blog/inshallah-meaning-in-english,LOW,definition,MONITOR,GSC_SEARCH_ANALYTICS_2026-06-02_TO_2026-08-08,MEDIUM
islam 99 names of allah,islam 99 names of allah,informational,99-names,reference,United States,,none,none,none,top,GSC_IMPRESSIONS_68D:3,GSC_AVG_POSITION:74,28.7,MEDIUM,/blog/99-names-of-allah-asmaul-husna,/blog/99-names-of-allah-asmaul-husna,MEDIUM,reference,MONITOR,GSC_SEARCH_ANALYTICS_2026-06-02_TO_2026-08-08,MEDIUM
20 names of allah,20 names of allah,informational,99-names,reference,United Kingdom,,none,none,none,top,GSC_IMPRESSIONS_68D:1,GSC_AVG_POSITION:56,28.6,MEDIUM,/blog/99-names-of-allah-asmaul-husna.html,/blog/99-names-of-allah-asmaul-husna.html,LOW,reference,MONITOR,GSC_SEARCH_ANALYTICS_2026-06-02_TO_2026-08-08,LOW
99 names in arabic,99 names in arabic,informational,99-names,reference,United States,,none,none,none,top,GSC_IMPRESSIONS_68D:1,GSC_AVG_POSITION:53,28.6,MEDIUM,/blog/99-names-of-allah-asmaul-husna,/blog/99-names-of-allah-asmaul-husna,LOW,reference,MONITOR,GSC_SEARCH_ANALYTICS_2026-06-02_TO_2026-08-08,LOW
99 names of allah arabic and english,99 names of allah arabic and english,informational,99-names,reference,United Kingdom,,none,none,none,top,GSC_IMPRESSIONS_68D:1,GSC_AVG_POSITION:59,28.6,MEDIUM,/blog/99-names-of-allah-asmaul-husna.html,/blog/99-names-of-allah-asmaul-husna.html,LOW,reference,MONITOR,GSC_SEARCH_ANALYTICS_2026-06-02_TO_2026-08-08,LOW
alhamdulillah betyder,alhamdulillah betyder,informational,islamic-terms,definition,Sweden,,none,none,none,top,GSC_IMPRESSIONS_68D:1,GSC_AVG_POSITION:87,28.6,LOW,/blog/alhamdulillah-meaning-in-english.html,/blog/alhamdulillah-meaning-in-english.html,LOW,definition,MONITOR,GSC_SEARCH_ANALYTICS_2026-06-02_TO_2026-08-08,LOW
all allah 99 names,all allah 99 names,informational,99-names,reference,United States,,none,none,none,top,GSC_IMPRESSIONS_68D:1,GSC_AVG_POSITION:53,28.6,MEDIUM,/blog/99-names-of-allah-asmaul-husna,/blog/99-names-of-allah-asmaul-husna,LOW,reference,MONITOR,GSC_SEARCH_ANALYTICS_2026-06-02_TO_2026-08-08,LOW
allah tala 99 names,allah tala 99 names,informational,99-names,reference,United States,,none,none,none,top,GSC_IMPRESSIONS_68D:1,GSC_AVG_POSITION:53,28.6,MEDIUM,/blog/99-names-of-allah-asmaul-husna,/blog/99-names-of-allah-asmaul-husna,LOW,reference,MONITOR,GSC_SEARCH_ANALYTICS_2026-06-02_TO_2026-08-08,LOW
allahuakbar,allahuakbar,informational,islamic-terms,definition,United Kingdom,,none,none,none,top,GSC_IMPRESSIONS_68D:1,GSC_AVG_POSITION:37,28.6,LOW,/blog/allahu-akbar-meaning-in-english,/blog/allahu-akbar-meaning-in-english,LOW,definition,MONITOR,GSC_SEARCH_ANALYTICS_2026-06-02_TO_2026-08-08,LOW
asma ul husna in quran,asma ul husna in quran,informational,99-names,reference,United States,,none,none,none,top,GSC_IMPRESSIONS_68D:1,GSC_AVG_POSITION:60,28.6,MEDIUM,/blog/99-names-of-allah-asmaul-husna,/blog/99-names-of-allah-asmaul-husna,LOW,reference,MONITOR,GSC_SEARCH_ANALYTICS_2026-06-02_TO_2026-08-08,LOW
at tahiyat,at tahiyat,informational,salah-prayer,guide,United Kingdom,,none,none,none,top,GSC_IMPRESSIONS_68D:1,GSC_AVG_POSITION:41,28.6,LOW,/blog/attahiyat-full-arabic-english-tashahhud,/blog/attahiyat-full-arabic-english-tashahhud,LOW,guide,MONITOR,GSC_SEARCH_ANALYTICS_2026-06-02_TO_2026-08-08,LOW
benefit of surah al mulk,benefit of surah al mulk,informational,quran-surahs,reference,United States,,none,none,none,top,GSC_IMPRESSIONS_68D:1,GSC_AVG_POSITION:95,28.6,MEDIUM,/blog/surah-mulk-benefits,/blog/surah-mulk-benefits,LOW,reference,MONITOR,GSC_SEARCH_ANALYTICS_2026-06-02_TO_2026-08-08,LOW
benefit of surah waqiah,benefit of surah waqiah,informational,quran-surahs,reference,United States,,none,none,none,top,GSC_IMPRESSIONS_68D:1,GSC_AVG_POSITION:80,28.6,MEDIUM,/blog/surah-waqiah-benefits,/blog/surah-waqiah-benefits,LOW,reference,MONITOR,GSC_SEARCH_ANALYTICS_2026-06-02_TO_2026-08-08,LOW
benefits of surah rahman,benefits of surah rahman,informational,quran-surahs,reference,United Kingdom,,none,none,none,top,GSC_IMPRESSIONS_68D:1,GSC_AVG_POSITION:89,28.6,MEDIUM,/blog/surah-rahman-benefits,/blog/surah-rahman-benefits,LOW,reference,MONITOR,GSC_SEARCH_ANALYTICS_2026-06-02_TO_2026-08-08,LOW
benefits of surah waqia,benefits of surah waqia,informational,quran-surahs,reference,United Kingdom,,none,none,none,top,GSC_IMPRESSIONS_68D:1,GSC_AVG_POSITION:80,28.6,MEDIUM,/blog/surah-waqiah-benefits,/blog/surah-waqiah-benefits,LOW,reference,MONITOR,GSC_SEARCH_ANALYTICS_2026-06-02_TO_2026-08-08,LOW
bismillah traduttore,bismillah traduttore,informational,islamic-terms,definition,Italy,,none,none,none,top,GSC_IMPRESSIONS_68D:1,GSC_AVG_POSITION:60,28.6,LOW,/blog/bismillah-meaning-in-english,/blog/bismillah-meaning-in-english,LOW,definition,MONITOR,GSC_SEARCH_ANALYTICS_2026-06-02_TO_2026-08-08,LOW
dua for a ill person,dua for a ill person,informational,duas-supplications,guide,United States,,none,none,none,top,GSC_IMPRESSIONS_68D:1,GSC_AVG_POSITION:66,28.6,MEDIUM,/blog/dua-for-sick-person-arabic-english,/blog/dua-for-sick-person-arabic-english,LOW,guide,MONITOR,GSC_SEARCH_ANALYTICS_2026-06-02_TO_2026-08-08,LOW
dua for provision,dua for provision,informational,duas-supplications,guide,Philippines,,none,none,none,top,GSC_IMPRESSIONS_68D:1,GSC_AVG_POSITION:26,28.6,LOW,/blog/dua-for-rizq-arabic-english,/blog/dua-for-rizq-arabic-english,LOW,guide,MONITOR,GSC_SEARCH_ANALYTICS_2026-06-02_TO_2026-08-08,LOW
dua for stress and overthinking,dua for stress and overthinking,informational,duas-supplications,guide,Pakistan,,none,none,none,top,GSC_IMPRESSIONS_68D:1,GSC_AVG_POSITION:41,28.6,MEDIUM,/blog/dua-for-anxiety-stress-depression,/blog/dua-for-anxiety-stress-depression,LOW,guide,MONITOR,GSC_SEARCH_ANALYTICS_2026-06-02_TO_2026-08-08,LOW
dua qunoot arabic and english,dua qunoot arabic and english,informational,duas-supplications,guide,United States,,none,none,none,top,GSC_IMPRESSIONS_68D:1,GSC_AVG_POSITION:72,28.6,MEDIUM,/blog/dua-e-qunoot-arabic-english,/blog/dua-e-qunoot-arabic-english,LOW,guide,MONITOR,GSC_SEARCH_ANALYTICS_2026-06-02_TO_2026-08-08,LOW
duas for travelling on plane,duas for travelling on plane,informational,duas-supplications,guide,United Kingdom,,none,none,none,top,GSC_IMPRESSIONS_68D:1,GSC_AVG_POSITION:61,28.6,MEDIUM,/blog/safar-ki-dua-travel-dua-arabic-english,/blog/safar-ki-dua-travel-dua-arabic-english,LOW,guide,MONITOR,GSC_SEARCH_ANALYTICS_2026-06-02_TO_2026-08-08,LOW
hadith 99 names of allah,hadith 99 names of allah,informational,99-names,reference,United Kingdom,,none,none,none,top,GSC_IMPRESSIONS_68D:1,GSC_AVG_POSITION:59,28.6,MEDIUM,/blog/99-names-of-allah-asmaul-husna.html,/blog/99-names-of-allah-asmaul-husna.html,LOW,reference,MONITOR,GSC_SEARCH_ANALYTICS_2026-06-02_TO_2026-08-08,LOW
insha allah in urdu,insha allah in urdu,informational,islamic-terms,definition,United Kingdom,,none,none,none,top,GSC_IMPRESSIONS_68D:1,GSC_AVG_POSITION:51,28.6,MEDIUM,/blog/inshallah-meaning-in-english,/blog/inshallah-meaning-in-english,LOW,definition,MONITOR,GSC_SEARCH_ANALYTICS_2026-06-02_TO_2026-08-08,LOW
inshallah english,inshallah english,informational,islamic-terms,definition,Germany,,none,none,none,top,GSC_IMPRESSIONS_68D:1,GSC_AVG_POSITION:46,28.6,LOW,/blog/inshallah-meaning-in-english,/blog/inshallah-meaning-in-english,LOW,definition,MONITOR,GSC_SEARCH_ANALYTICS_2026-06-02_TO_2026-08-08,LOW
islamic 99 names of allah,islamic 99 names of allah,informational,99-names,reference,United Kingdom,,none,none,none,top,GSC_IMPRESSIONS_68D:1,GSC_AVG_POSITION:60,28.6,MEDIUM,/blog/99-names-of-allah-asmaul-husna.html,/blog/99-names-of-allah-asmaul-husna.html,LOW,reference,MONITOR,GSC_SEARCH_ANALYTICS_2026-06-02_TO_2026-08-08,LOW
islamic calendar name of months,islamic calendar name of months,informational,islamic-calendar,reference,Australia,,none,none,none,top,GSC_IMPRESSIONS_68D:1,GSC_AVG_POSITION:76,28.6,MEDIUM,/blog/islamic-months-names-in-order,/blog/islamic-months-names-in-order,LOW,reference,MONITOR,GSC_SEARCH_ANALYTICS_2026-06-02_TO_2026-08-08,LOW
islamic dream and interpretation,islamic dream and interpretation,informational,islamic-general,reference,Canada,,none,none,none,top,GSC_IMPRESSIONS_68D:1,GSC_AVG_POSITION:80,28.6,MEDIUM,/blog/islamic-dream-interpretation.html,/blog/islamic-dream-interpretation.html,LOW,reference,MONITOR,GSC_SEARCH_ANALYTICS_2026-06-02_TO_2026-08-08,LOW
islamic months in arabic,islamic months in arabic,informational,islamic-calendar,reference,Canada,,none,none,none,top,GSC_IMPRESSIONS_68D:1,GSC_AVG_POSITION:80,28.6,MEDIUM,/blog/islamic-months-names-in-order,/blog/islamic-months-names-in-order,LOW,reference,MONITOR,GSC_SEARCH_ANALYTICS_2026-06-02_TO_2026-08-08,LOW
islamic months name in arabic,islamic months name in arabic,informational,islamic-calendar,reference,Canada,,none,none,none,top,GSC_IMPRESSIONS_68D:1,GSC_AVG_POSITION:75,28.6,MEDIUM,/blog/islamic-months-names-in-order,/blog/islamic-months-names-in-order,LOW,reference,MONITOR,GSC_SEARCH_ANALYTICS_2026-06-02_TO_2026-08-08,LOW
labaik allah,labaik allah,informational,islamic-terms,definition,United States,,none,none,none,top,GSC_IMPRESSIONS_68D:1,GSC_AVG_POSITION:37,28.6,LOW,/blog/labbaik-allahumma-labbaik,/blog/labbaik-allahumma-labbaik,LOW,definition,MONITOR,GSC_SEARCH_ANALYTICS_2026-06-02_TO_2026-08-08,LOW
labaik allahuma labaik,labaik allahuma labaik,informational,islamic-terms,definition,Australia,,none,none,none,top,GSC_IMPRESSIONS_68D:1,GSC_AVG_POSITION:43,28.6,LOW,/blog/labbaik-allahumma-labbaik,/blog/labbaik-allahumma-labbaik,LOW,definition,MONITOR,GSC_SEARCH_ANALYTICS_2026-06-02_TO_2026-08-08,LOW
labbaik in arabic,labbaik in arabic,informational,islamic-terms,definition,United States,,none,none,none,top,GSC_IMPRESSIONS_68D:1,GSC_AVG_POSITION:29,28.6,LOW,/blog/labbaik-allahumma-labbaik,/blog/labbaik-allahumma-labbaik,LOW,definition,MONITOR,GSC_SEARCH_ANALYTICS_2026-06-02_TO_2026-08-08,LOW
masha allah meaning in english,masha allah meaning in english,informational,islamic-terms,definition,Pakistan,,none,none,none,top,GSC_IMPRESSIONS_68D:1,GSC_AVG_POSITION:63,28.6,HIGH,/blog/mashallah-meaning.html,/blog/mashallah-meaning.html,LOW,definition,MONITOR,GSC_SEARCH_ANALYTICS_2026-06-02_TO_2026-08-08,LOW
months in arabic calendar,months in arabic calendar,informational,islamic-general,reference,Canada,,none,none,none,top,GSC_IMPRESSIONS_68D:1,GSC_AVG_POSITION:72,28.6,MEDIUM,/blog/islamic-months-names-in-order,/blog/islamic-months-names-in-order,LOW,reference,MONITOR,GSC_SEARCH_ANALYTICS_2026-06-02_TO_2026-08-08,LOW
muslim phrases,muslim phrases,informational,islamic-general,reference,Ireland,,none,none,none,top,GSC_IMPRESSIONS_68D:1,GSC_AVG_POSITION:77,28.6,LOW,/blog/islamic-phrases-meaning,/blog/islamic-phrases-meaning,LOW,reference,MONITOR,GSC_SEARCH_ANALYTICS_2026-06-02_TO_2026-08-08,LOW
night prayer tahajjud,night prayer tahajjud,informational,salah-prayer,guide,Netherlands,,none,none,none,top,GSC_IMPRESSIONS_68D:1,GSC_AVG_POSITION:61,28.6,LOW,/blog/tahajjud-prayer,/blog/tahajjud-prayer,LOW,guide,MONITOR,GSC_SEARCH_ANALYTICS_2026-06-02_TO_2026-08-08,LOW
other names of allah,other names of allah,informational,99-names,reference,United States,,none,none,none,top,GSC_IMPRESSIONS_68D:1,GSC_AVG_POSITION:54,28.6,MEDIUM,/blog/99-names-of-allah-asmaul-husna,/blog/99-names-of-allah-asmaul-husna,LOW,reference,MONITOR,GSC_SEARCH_ANALYTICS_2026-06-02_TO_2026-08-08,LOW
quran teaching online,quran teaching online,informational,islamic-general,reference,New Zealand,,none,none,none,top,GSC_IMPRESSIONS_68D:1,GSC_AVG_POSITION:88,28.6,LOW,/locations/online-quran-classes-new-zealand,/locations/online-quran-classes-new-zealand,LOW,reference,MONITOR,GSC_SEARCH_ANALYTICS_2026-06-02_TO_2026-08-08,LOW
signs of qiyamah in quran and hadith,signs of qiyamah in quran and hadith,informational,islamic-terms,definition,United Kingdom,,none,none,none,top,GSC_IMPRESSIONS_68D:1,GSC_AVG_POSITION:56,28.6,MEDIUM,/blog/signs-of-qiyamah,/blog/signs-of-qiyamah,LOW,definition,MONITOR,GSC_SEARCH_ANALYTICS_2026-06-02_TO_2026-08-08,LOW
surah al ikhlas benefits,surah al ikhlas benefits,informational,quran-surahs,reference,India,,none,none,none,top,GSC_IMPRESSIONS_68D:1,GSC_AVG_POSITION:43,28.6,MEDIUM,/blog/surah-ikhlas-benefits,/blog/surah-ikhlas-benefits,LOW,reference,MONITOR,GSC_SEARCH_ANALYTICS_2026-06-02_TO_2026-08-08,LOW
what are the 12 islamic months,what are the 12 islamic months,informational,islamic-calendar,reference,Saudi Arabia,,none,none,none,top,GSC_IMPRESSIONS_68D:1,GSC_AVG_POSITION:70,28.6,HIGH,/blog/islamic-months-names-in-order,/blog/islamic-months-names-in-order,LOW,reference,MONITOR,GSC_SEARCH_ANALYTICS_2026-06-02_TO_2026-08-08,LOW
what is meaning of inshallah,what is meaning of inshallah,informational,islamic-terms,definition,Nigeria,,none,none,none,top,GSC_IMPRESSIONS_68D:1,GSC_AVG_POSITION:86,28.6,HIGH,/blog/inshallah-meaning-in-english,/blog/inshallah-meaning-in-english,LOW,definition,MONITOR,GSC_SEARCH_ANALYTICS_2026-06-02_TO_2026-08-08,LOW
what is the meaning of bismillah,what is the meaning of bismillah,informational,islamic-terms,definition,India,,none,none,none,top,GSC_IMPRESSIONS_68D:1,GSC_AVG_POSITION:65,28.6,HIGH,/blog/bismillah-meaning-in-english,/blog/bismillah-meaning-in-english,LOW,definition,MONITOR,GSC_SEARCH_ANALYTICS_2026-06-02_TO_2026-08-08,LOW
islam and dreams interpretation,islam and dreams interpretation,informational,islamic-general,reference,United States,,none,none,none,top,GSC_IMPRESSIONS_68D:6,GSC_AVG_POSITION:87.2,28.4,MEDIUM,/blog/islamic-dream-interpretation.html,/blog/islamic-dream-interpretation.html,LOW,reference,MONITOR,GSC_SEARCH_ANALYTICS_2026-06-02_TO_2026-08-08,MEDIUM
surah al-waqiah benefits,surah al-waqiah benefits,informational,quran-surahs,reference,Australia,,none,none,none,top,GSC_IMPRESSIONS_68D:6,GSC_AVG_POSITION:85.8,28.4,LOW,/blog/surah-waqiah-benefits,/blog/surah-waqiah-benefits,LOW,reference,MONITOR,GSC_SEARCH_ANALYTICS_2026-06-02_TO_2026-08-08,MEDIUM
99 of allah,99 of allah,informational,99-names,reference,Canada,,none,none,none,top,GSC_IMPRESSIONS_68D:5,GSC_AVG_POSITION:55.6,28.1,LOW,/blog/99-names-of-allah-asmaul-husna,/blog/99-names-of-allah-asmaul-husna,LOW,reference,MONITOR,GSC_SEARCH_ANALYTICS_2026-06-02_TO_2026-08-08,MEDIUM
inshallah spelling,inshallah spelling,informational,islamic-terms,definition,United States,,none,none,none,top,GSC_IMPRESSIONS_68D:5,GSC_AVG_POSITION:46,28.1,LOW,/blog/inshallah-meaning-in-english,/blog/inshallah-meaning-in-english,LOW,definition,CONTENT REFRESH,GSC_SEARCH_ANALYTICS_2026-06-02_TO_2026-08-08,MEDIUM
islamic calendar months,islamic calendar months,informational,islamic-calendar,reference,Spain,,none,none,none,top,GSC_IMPRESSIONS_68D:5,GSC_AVG_POSITION:90.6,28.1,LOW,/blog/islamic-months-names-in-order,/blog/islamic-months-names-in-order,LOW,reference,MONITOR,GSC_SEARCH_ANALYTICS_2026-06-02_TO_2026-08-08,MEDIUM
subhanallah,subhanallah,informational,islamic-terms,definition,Australia,,none,none,none,top,GSC_IMPRESSIONS_68D:5,GSC_AVG_POSITION:51.2,28.1,LOW,/blog/subhanallah-meaning,/blog/subhanallah-meaning,LOW,definition,MONITOR,GSC_SEARCH_ANALYTICS_2026-06-02_TO_2026-08-08,MEDIUM
99 names of allah swt,99 names of allah swt,informational,99-names,reference,United Kingdom,,none,none,none,top,GSC_IMPRESSIONS_68D:2,GSC_AVG_POSITION:62.5,28.0,MEDIUM,/blog/99-names-of-allah-asmaul-husna,/blog/99-names-of-allah-asmaul-husna,LOW,reference,MONITOR,GSC_SEARCH_ANALYTICS_2026-06-02_TO_2026-08-08,LOW
alhamdulillah define,alhamdulillah define,informational,islamic-terms,definition,Australia,,none,none,none,top,GSC_IMPRESSIONS_68D:10,GSC_AVG_POSITION:76.5,28.0,LOW,/blog/alhamdulillah-meaning-in-english,/blog/alhamdulillah-meaning-in-english,MEDIUM,definition,MONITOR,GSC_SEARCH_ANALYTICS_2026-06-02_TO_2026-08-08,HIGH
all 99 names of allah,all 99 names of allah,informational,99-names,reference,United States,,none,none,none,top,GSC_IMPRESSIONS_68D:2,GSC_AVG_POSITION:90,28.0,MEDIUM,/blog/99-names-of-allah-asmaul-husna,/blog/99-names-of-allah-asmaul-husna,LOW,reference,MONITOR,GSC_SEARCH_ANALYTICS_2026-06-02_TO_2026-08-08,LOW
allah 99 names and meanings with benefits,allah 99 names and meanings with benefits,informational,99-names,reference,United Kingdom,,none,none,none,top,GSC_IMPRESSIONS_68D:2,GSC_AVG_POSITION:84.5,28.0,MEDIUM,/blog/99-names-of-allah-asmaul-husna,/blog/99-names-of-allah-asmaul-husna,MEDIUM,reference,MONITOR,GSC_SEARCH_ANALYTICS_2026-06-02_TO_2026-08-08,LOW
arabic 99 names of allah,arabic 99 names of allah,informational,99-names,reference,United Kingdom,,none,none,none,top,GSC_IMPRESSIONS_68D:2,GSC_AVG_POSITION:70,28.0,MEDIUM,/blog/99-names-of-allah-asmaul-husna,/blog/99-names-of-allah-asmaul-husna,MEDIUM,reference,MONITOR,GSC_SEARCH_ANALYTICS_2026-06-02_TO_2026-08-08,LOW
asmaul husna 99 names of allah,asmaul husna 99 names of allah,informational,99-names,reference,Bangladesh,,none,none,none,top,GSC_IMPRESSIONS_68D:2,GSC_AVG_POSITION:40.5,28.0,MEDIUM,/blog/99-names-of-allah-asmaul-husna,/blog/99-names-of-allah-asmaul-husna,LOW,reference,MONITOR,GSC_SEARCH_ANALYTICS_2026-06-02_TO_2026-08-08,LOW
correct spelling of alhamdulillah,correct spelling of alhamdulillah,informational,islamic-terms,definition,Pakistan,,none,none,none,top,GSC_IMPRESSIONS_68D:2,GSC_AVG_POSITION:43,28.0,MEDIUM,/blog/alhamdulillah-meaning-in-english,/blog/alhamdulillah-meaning-in-english,MEDIUM,definition,MONITOR,GSC_SEARCH_ANALYTICS_2026-06-02_TO_2026-08-08,LOW
dua for calmness,dua for calmness,informational,duas-supplications,guide,United Kingdom,,none,none,none,top,GSC_IMPRESSIONS_68D:2,GSC_AVG_POSITION:40.5,28.0,LOW,/blog/dua-for-anxiety-stress-depression,/blog/dua-for-anxiety-stress-depression,LOW,guide,MONITOR,GSC_SEARCH_ANALYTICS_2026-06-02_TO_2026-08-08,LOW
dua for depression,dua for depression,informational,duas-supplications,guide,United Kingdom,,none,none,none,top,GSC_IMPRESSIONS_68D:2,GSC_AVG_POSITION:46.5,28.0,LOW,/blog/dua-for-anxiety-stress-depression,/blog/dua-for-anxiety-stress-depression,LOW,guide,MONITOR,GSC_SEARCH_ANALYTICS_2026-06-02_TO_2026-08-08,LOW
dua for traveling by plane,dua for traveling by plane,informational,duas-supplications,guide,UAE,,none,none,none,top,GSC_IMPRESSIONS_68D:2,GSC_AVG_POSITION:57,28.0,MEDIUM,/blog/safar-ki-dua-travel-dua-arabic-english,/blog/safar-ki-dua-travel-dua-arabic-english,LOW,guide,MONITOR,GSC_SEARCH_ANALYTICS_2026-06-02_TO_2026-08-08,LOW
insh allah,insh allah,informational,islamic-general,reference,United Kingdom,,none,none,none,top,GSC_IMPRESSIONS_68D:2,GSC_AVG_POSITION:31.5,28.0,LOW,/blog/inshallah-meaning-in-english,/blog/inshallah-meaning-in-english,LOW,reference,MONITOR,GSC_SEARCH_ANALYTICS_2026-06-02_TO_2026-08-08,LOW
inshaallah,inshaallah,informational,islamic-terms,definition,Netherlands,,none,none,none,top,GSC_IMPRESSIONS_68D:2,GSC_AVG_POSITION:54,28.0,LOW,/blog/inshallah-meaning-in-english,/blog/inshallah-meaning-in-english,LOW,definition,MONITOR,GSC_SEARCH_ANALYTICS_2026-06-02_TO_2026-08-08,LOW
inshallah arabic,inshallah arabic,informational,islamic-terms,definition,Philippines,,none,none,none,top,GSC_IMPRESSIONS_68D:10,GSC_AVG_POSITION:48.9,28.0,LOW,/blog/inshallah-meaning-in-english,/blog/inshallah-meaning-in-english,LOW,definition,CONTENT REFRESH,GSC_SEARCH_ANALYTICS_2026-06-02_TO_2026-08-08,HIGH
inshallah translate,inshallah translate,informational,islamic-terms,definition,GRC,,none,none,none,top,GSC_IMPRESSIONS_68D:2,GSC_AVG_POSITION:37.5,28.0,LOW,/blog/inshallah-meaning-in-english,/blog/inshallah-meaning-in-english,LOW,definition,MONITOR,GSC_SEARCH_ANALYTICS_2026-06-02_TO_2026-08-08,LOW
labbayk,labbayk,informational,unclustered,unknown,United Kingdom,,none,none,none,top,GSC_IMPRESSIONS_68D:2,GSC_AVG_POSITION:26.5,28.0,LOW,/blog/labbaik-allahumma-labbaik,/blog/labbaik-allahumma-labbaik,LOW,unknown,MONITOR,GSC_SEARCH_ANALYTICS_2026-06-02_TO_2026-08-08,LOW
labbayk allahumma labbayk,labbayk allahumma labbayk,informational,islamic-general,reference,United Kingdom,,none,none,none,top,GSC_IMPRESSIONS_68D:2,GSC_AVG_POSITION:30,28.0,LOW,/blog/labbaik-allahumma-labbaik,/blog/labbaik-allahumma-labbaik,LOW,reference,MONITOR,GSC_SEARCH_ANALYTICS_2026-06-02_TO_2026-08-08,LOW
list of 99 names of allah,list of 99 names of allah,informational,99-names,reference,United States,,none,none,none,top,GSC_IMPRESSIONS_68D:2,GSC_AVG_POSITION:82.5,28.0,MEDIUM,/blog/99-names-of-allah-asmaul-husna,/blog/99-names-of-allah-asmaul-husna,LOW,reference,MONITOR,GSC_SEARCH_ANALYTICS_2026-06-02_TO_2026-08-08,LOW
list of the 99 names of allah,list of the 99 names of allah,informational,99-names,reference,United Kingdom,,none,none,none,top,GSC_IMPRESSIONS_68D:2,GSC_AVG_POSITION:78.5,28.0,MEDIUM,/blog/99-names-of-allah-asmaul-husna,/blog/99-names-of-allah-asmaul-husna,MEDIUM,reference,MONITOR,GSC_SEARCH_ANALYTICS_2026-06-02_TO_2026-08-08,LOW
list the 99 names of allah,list the 99 names of allah,informational,99-names,reference,United Kingdom,,none,none,none,top,GSC_IMPRESSIONS_68D:2,GSC_AVG_POSITION:86,28.0,MEDIUM,/blog/99-names-of-allah-asmaul-husna,/blog/99-names-of-allah-asmaul-husna,MEDIUM,reference,MONITOR,GSC_SEARCH_ANALYTICS_2026-06-02_TO_2026-08-08,LOW
name of allah 99,name of allah 99,informational,islamic-general,reference,United Kingdom,,none,none,none,top,GSC_IMPRESSIONS_68D:2,GSC_AVG_POSITION:58,28.0,MEDIUM,/blog/99-names-of-allah-asmaul-husna,/blog/99-names-of-allah-asmaul-husna,MEDIUM,reference,MONITOR,GSC_SEARCH_ANALYTICS_2026-06-02_TO_2026-08-08,LOW
names of allah meanings,names of allah meanings,informational,99-names,reference,United Kingdom,,none,none,none,top,GSC_IMPRESSIONS_68D:2,GSC_AVG_POSITION:64,28.0,MEDIUM,/blog/99-names-of-allah-asmaul-husna,/blog/99-names-of-allah-asmaul-husna,MEDIUM,reference,MONITOR,GSC_SEARCH_ANALYTICS_2026-06-02_TO_2026-08-08,LOW
steps for ghusl,steps for ghusl,informational,salah-prayer,guide,Canada,,none,none,none,top,GSC_IMPRESSIONS_68D:2,GSC_AVG_POSITION:64,28.0,LOW,/blog/how-to-do-ghusl-step-by-step,/blog/how-to-do-ghusl-step-by-step,LOW,guide,MONITOR,GSC_SEARCH_ANALYTICS_2026-06-02_TO_2026-08-08,LOW
the 99 names of allah,the 99 names of allah,informational,99-names,reference,United Kingdom,,none,none,none,top,GSC_IMPRESSIONS_68D:2,GSC_AVG_POSITION:77.5,28.0,MEDIUM,/blog/99-names-of-allah-asmaul-husna,/blog/99-names-of-allah-asmaul-husna,MEDIUM,reference,MONITOR,GSC_SEARCH_ANALYTICS_2026-06-02_TO_2026-08-08,LOW
uk 2021 census muslim population,uk 2021 census muslim population,informational,islamic-demographics,reference,India,,none,none,none,top,GSC_IMPRESSIONS_68D:2,GSC_AVG_POSITION:24,28.0,MEDIUM,/blog/muslim-population-statistics-uk-usa,/blog/muslim-population-statistics-uk-usa,LOW,reference,MONITOR,GSC_SEARCH_ANALYTICS_2026-06-02_TO_2026-08-08,LOW
الحمدلله in english,الحمدلله in english,informational,unclustered,unknown,Egypt,,none,none,none,top,GSC_IMPRESSIONS_68D:2,GSC_AVG_POSITION:62.5,28.0,HIGH,/blog/alhamdulillah-meaning-in-english.html,/blog/alhamdulillah-meaning-in-english.html,LOW,unknown,MONITOR,GSC_SEARCH_ANALYTICS_2026-06-02_TO_2026-08-08,LOW
100 names allah,100 names allah,informational,99-names,reference,Canada,,none,none,none,top,GSC_IMPRESSIONS_68D:4,GSC_AVG_POSITION:56.8,27.7,LOW,/blog/99-names-of-allah-asmaul-husna,/blog/99-names-of-allah-asmaul-husna,LOW,reference,MONITOR,GSC_SEARCH_ANALYTICS_2026-06-02_TO_2026-08-08,MEDIUM
astaghfirullah in arabic,astaghfirullah in arabic,informational,islamic-terms,definition,United States,,none,none,none,top,GSC_IMPRESSIONS_68D:18,GSC_AVG_POSITION:51.9,27.7,LOW,/blog/astaghfirullah-meaning,/blog/astaghfirullah-meaning,MEDIUM,definition,MONITOR,GSC_SEARCH_ANALYTICS_2026-06-02_TO_2026-08-08,HIGH
surah al rahman benefits,surah al rahman benefits,informational,quran-surahs,reference,UAE,,none,none,none,top,GSC_IMPRESSIONS_68D:4,GSC_AVG_POSITION:85.5,27.7,MEDIUM,/blog/surah-rahman-benefits,/blog/surah-rahman-benefits,LOW,reference,MONITOR,GSC_SEARCH_ANALYTICS_2026-06-02_TO_2026-08-08,MEDIUM
surah mulk benefits,surah mulk benefits,informational,quran-surahs,reference,Australia,,none,none,none,top,GSC_IMPRESSIONS_68D:4,GSC_AVG_POSITION:84.5,27.7,LOW,/blog/surah-mulk-benefits,/blog/surah-mulk-benefits,LOW,reference,MONITOR,GSC_SEARCH_ANALYTICS_2026-06-02_TO_2026-08-08,MEDIUM
benefits of surah waqiah,benefits of surah waqiah,informational,quran-surahs,reference,India,,none,none,none,top,GSC_IMPRESSIONS_68D:8,GSC_AVG_POSITION:85.8,27.6,MEDIUM,/blog/surah-waqiah-benefits,/blog/surah-waqiah-benefits,LOW,reference,MONITOR,GSC_SEARCH_ANALYTICS_2026-06-02_TO_2026-08-08,MEDIUM
inshallah in arabic,inshallah in arabic,informational,islamic-terms,definition,Pakistan,,none,none,none,top,GSC_IMPRESSIONS_68D:31,GSC_AVG_POSITION:46.1,27.4,LOW,/blog/inshallah-meaning-in-english,/blog/inshallah-meaning-in-english,LOW,definition,CONTENT REFRESH,GSC_SEARCH_ANALYTICS_2026-06-02_TO_2026-08-08,HIGH
allahu akbar,allahu akbar,informational,islamic-terms,definition,India,,none,none,none,top,GSC_IMPRESSIONS_68D:7,GSC_AVG_POSITION:36.3,27.3,LOW,/blog/allahu-akbar-meaning-in-english,/blog/allahu-akbar-meaning-in-english,LOW,definition,CONTENT REFRESH,GSC_SEARCH_ANALYTICS_2026-06-02_TO_2026-08-08,MEDIUM
dream in islamic interpretation,dream in islamic interpretation,informational,islamic-general,reference,United Kingdom,,none,none,none,top,GSC_IMPRESSIONS_68D:3,GSC_AVG_POSITION:81.3,27.3,MEDIUM,/blog/islamic-dream-interpretation.html,/blog/islamic-dream-interpretation.html,LOW,reference,MONITOR,GSC_SEARCH_ANALYTICS_2026-06-02_TO_2026-08-08,MEDIUM
dua anxiety,dua anxiety,informational,duas-supplications,guide,Germany,,none,none,none,top,GSC_IMPRESSIONS_68D:3,GSC_AVG_POSITION:65.7,27.3,LOW,/blog/dua-for-anxiety-stress-depression,/blog/dua-for-anxiety-stress-depression,LOW,guide,MONITOR,GSC_SEARCH_ANALYTICS_2026-06-02_TO_2026-08-08,MEDIUM
dua for travelling,dua for travelling,informational,duas-supplications,guide,Canada,,none,none,none,top,GSC_IMPRESSIONS_68D:3,GSC_AVG_POSITION:69.3,27.3,LOW,/blog/safar-ki-dua-travel-dua-arabic-english,/blog/safar-ki-dua-travel-dua-arabic-english,LOW,guide,MONITOR,GSC_SEARCH_ANALYTICS_2026-06-02_TO_2026-08-08,MEDIUM
inshallah pronounce,inshallah pronounce,informational,islamic-terms,definition,United Kingdom,,none,none,none,top,GSC_IMPRESSIONS_68D:3,GSC_AVG_POSITION:41.3,27.3,LOW,/blog/inshallah-meaning-in-english,/blog/inshallah-meaning-in-english,LOW,definition,MONITOR,GSC_SEARCH_ANALYTICS_2026-06-02_TO_2026-08-08,MEDIUM
quran for beginners online,quran for beginners online,informational,islamic-general,reference,United Kingdom,,beginners,none,none,top,GSC_IMPRESSIONS_68D:3,GSC_AVG_POSITION:72.7,27.3,MEDIUM,/online-quran-for-beginners,/online-quran-for-beginners,LOW,reference,MONITOR,GSC_SEARCH_ANALYTICS_2026-06-02_TO_2026-08-08,MEDIUM
surah al-mulk benefits,surah al-mulk benefits,informational,quran-surahs,reference,Germany,,none,none,none,top,GSC_IMPRESSIONS_68D:3,GSC_AVG_POSITION:80.3,27.3,LOW,/blog/surah-mulk-benefits,/blog/surah-mulk-benefits,LOW,reference,MONITOR,GSC_SEARCH_ANALYTICS_2026-06-02_TO_2026-08-08,MEDIUM
surah rahman benefits,surah rahman benefits,informational,quran-surahs,reference,Australia,,none,none,none,top,GSC_IMPRESSIONS_68D:3,GSC_AVG_POSITION:83.7,27.3,LOW,/blog/surah-rahman-benefits,/blog/surah-rahman-benefits,LOW,reference,MONITOR,GSC_SEARCH_ANALYTICS_2026-06-02_TO_2026-08-08,MEDIUM
tahajjud,tahajjud,informational,salah-prayer,guide,GHA,,none,none,none,top,GSC_IMPRESSIONS_68D:7,GSC_AVG_POSITION:56.7,27.3,LOW,/blog/tahajjud-prayer,/blog/tahajjud-prayer,LOW,guide,MONITOR,GSC_SEARCH_ANALYTICS_2026-06-02_TO_2026-08-08,MEDIUM
travelling dua,travelling dua,informational,duas-supplications,guide,Australia,,none,none,none,top,GSC_IMPRESSIONS_68D:3,GSC_AVG_POSITION:68.3,27.3,LOW,/blog/safar-ki-dua-travel-dua-arabic-english,/blog/safar-ki-dua-travel-dua-arabic-english,LOW,guide,MONITOR,GSC_SEARCH_ANALYTICS_2026-06-02_TO_2026-08-08,MEDIUM
al asma ul husna in arabic,al asma ul husna in arabic,informational,99-names,reference,Malaysia,,none,none,none,top,GSC_IMPRESSIONS_68D:1,GSC_AVG_POSITION:43,27.1,MEDIUM,/blog/99-names-of-allah-asmaul-husna,/blog/99-names-of-allah-asmaul-husna,LOW,reference,MONITOR,GSC_SEARCH_ANALYTICS_2026-06-02_TO_2026-08-08,LOW
99 name of god,99 name of god,informational,99-names,reference,United Kingdom,,none,none,none,top,GSC_IMPRESSIONS_68D:1,GSC_AVG_POSITION:88,27.1,MEDIUM,/blog/99-names-of-allah-asmaul-husna.html,/blog/99-names-of-allah-asmaul-husna.html,LOW,reference,MONITOR,GSC_SEARCH_ANALYTICS_2026-06-02_TO_2026-08-08,LOW
99 names of allah arabic,99 names of allah arabic,informational,99-names,reference,United States,,none,none,none,top,GSC_IMPRESSIONS_68D:1,GSC_AVG_POSITION:69,27.1,MEDIUM,/blog/99-names-of-allah-asmaul-husna,/blog/99-names-of-allah-asmaul-husna,LOW,reference,MONITOR,GSC_SEARCH_ANALYTICS_2026-06-02_TO_2026-08-08,LOW
99 names of allah with meanings and benefits,99 names of allah with meanings and benefits,informational,99-names,reference,United States,,none,none,none,top,GSC_IMPRESSIONS_68D:1,GSC_AVG_POSITION:81,27.1,MEDIUM,/blog/99-names-of-allah-asmaul-husna,/blog/99-names-of-allah-asmaul-husna,LOW,reference,MONITOR,GSC_SEARCH_ANALYTICS_2026-06-02_TO_2026-08-08,LOW
99 names of god,99 names of god,informational,99-names,reference,United States,,none,none,none,top,GSC_IMPRESSIONS_68D:1,GSC_AVG_POSITION:88,27.1,MEDIUM,/blog/99-names-of-allah-asmaul-husna.html,/blog/99-names-of-allah-asmaul-husna.html,LOW,reference,MONITOR,GSC_SEARCH_ANALYTICS_2026-06-02_TO_2026-08-08,LOW
al tahiyat prayer,al tahiyat prayer,informational,salah-prayer,guide,India,,none,none,none,top,GSC_IMPRESSIONS_68D:1,GSC_AVG_POSITION:25,27.1,LOW,/blog/attahiyat-full-arabic-english-tashahhud,/blog/attahiyat-full-arabic-english-tashahhud,LOW,guide,MONITOR,GSC_SEARCH_ANALYTICS_2026-06-02_TO_2026-08-08,LOW
al tahiyatu lillahi,al tahiyatu lillahi,informational,salah-prayer,guide,Malaysia,,none,none,none,top,GSC_IMPRESSIONS_68D:1,GSC_AVG_POSITION:39,27.1,LOW,/blog/attahiyat-full-arabic-english-tashahhud,/blog/attahiyat-full-arabic-english-tashahhud,LOW,guide,MONITOR,GSC_SEARCH_ANALYTICS_2026-06-02_TO_2026-08-08,LOW
alhamduliah,alhamduliah,informational,unclustered,unknown,Canada,,none,none,none,top,GSC_IMPRESSIONS_68D:1,GSC_AVG_POSITION:50,27.1,LOW,/blog/alhamdulillah-meaning-in-english,/blog/alhamdulillah-meaning-in-english,LOW,unknown,MONITOR,GSC_SEARCH_ANALYTICS_2026-06-02_TO_2026-08-08,LOW
allah 99 names in order,allah 99 names in order,informational,99-names,reference,United States,,none,none,none,top,GSC_IMPRESSIONS_68D:1,GSC_AVG_POSITION:84,27.1,MEDIUM,/blog/99-names-of-allah-asmaul-husna,/blog/99-names-of-allah-asmaul-husna,LOW,reference,MONITOR,GSC_SEARCH_ANALYTICS_2026-06-02_TO_2026-08-08,LOW
allah 99 names meanings,allah 99 names meanings,informational,99-names,reference,United Kingdom,,none,none,none,top,GSC_IMPRESSIONS_68D:1,GSC_AVG_POSITION:83,27.1,MEDIUM,/blog/99-names-of-allah-asmaul-husna.html,/blog/99-names-of-allah-asmaul-husna.html,LOW,reference,MONITOR,GSC_SEARCH_ANALYTICS_2026-06-02_TO_2026-08-08,LOW
allah names and benefits,allah names and benefits,informational,99-names,reference,Pakistan,,none,none,none,top,GSC_IMPRESSIONS_68D:1,GSC_AVG_POSITION:48,27.1,MEDIUM,/blog/99-names-of-allah-asmaul-husna,/blog/99-names-of-allah-asmaul-husna,LOW,reference,MONITOR,GSC_SEARCH_ANALYTICS_2026-06-02_TO_2026-08-08,LOW
allah names for marriage,allah names for marriage,informational,99-names,reference,United Kingdom,,none,none,none,top,GSC_IMPRESSIONS_68D:1,GSC_AVG_POSITION:74,27.1,MEDIUM,/blog/99-names-of-allah-asmaul-husna.html,/blog/99-names-of-allah-asmaul-husna.html,LOW,reference,MONITOR,GSC_SEARCH_ANALYTICS_2026-06-02_TO_2026-08-08,LOW
allah swt 99 names,allah swt 99 names,informational,99-names,reference,United Kingdom,,none,none,none,top,GSC_IMPRESSIONS_68D:1,GSC_AVG_POSITION:68,27.1,MEDIUM,/blog/99-names-of-allah-asmaul-husna.html,/blog/99-names-of-allah-asmaul-husna.html,LOW,reference,MONITOR,GSC_SEARCH_ANALYTICS_2026-06-02_TO_2026-08-08,LOW
allah's 99 names and meanings,allah's 99 names and meanings,informational,99-names,reference,United Kingdom,,none,none,none,top,GSC_IMPRESSIONS_68D:1,GSC_AVG_POSITION:79,27.1,MEDIUM,/blog/99-names-of-allah-asmaul-husna.html,/blog/99-names-of-allah-asmaul-husna.html,LOW,reference,MONITOR,GSC_SEARCH_ANALYTICS_2026-06-02_TO_2026-08-08,LOW
allah's 99 names in arabic,allah's 99 names in arabic,informational,99-names,reference,United States,,none,none,none,top,GSC_IMPRESSIONS_68D:1,GSC_AVG_POSITION:82,27.1,MEDIUM,/blog/99-names-of-allah-asmaul-husna,/blog/99-names-of-allah-asmaul-husna,LOW,reference,MONITOR,GSC_SEARCH_ANALYTICS_2026-06-02_TO_2026-08-08,LOW
allahs 99 names and meanings,allahs 99 names and meanings,informational,99-names,reference,United Kingdom,,none,none,none,top,GSC_IMPRESSIONS_68D:1,GSC_AVG_POSITION:70,27.1,MEDIUM,/blog/99-names-of-allah-asmaul-husna.html,/blog/99-names-of-allah-asmaul-husna.html,LOW,reference,MONITOR,GSC_SEARCH_ANALYTICS_2026-06-02_TO_2026-08-08,LOW
allahu akbar lyrics english,allahu akbar lyrics english,informational,islamic-terms,definition,Malaysia,,none,none,none,top,GSC_IMPRESSIONS_68D:1,GSC_AVG_POSITION:47,27.1,MEDIUM,/blog/allahu-akbar-meaning-in-english,/blog/allahu-akbar-meaning-in-english,LOW,definition,MONITOR,GSC_SEARCH_ANALYTICS_2026-06-02_TO_2026-08-08,LOW
asma ul husna,asma ul husna,informational,99-names,reference,KEN,,none,none,none,top,GSC_IMPRESSIONS_68D:1,GSC_AVG_POSITION:34,27.1,LOW,/blog/99-names-of-allah-asmaul-husna.html,/blog/99-names-of-allah-asmaul-husna.html,LOW,reference,MONITOR,GSC_SEARCH_ANALYTICS_2026-06-02_TO_2026-08-08,LOW
astagfurallah,astagfurallah,informational,islamic-general,reference,Australia,,none,none,none,top,GSC_IMPRESSIONS_68D:1,GSC_AVG_POSITION:47,27.1,LOW,/blog/astaghfirullah-meaning,/blog/astaghfirullah-meaning,LOW,reference,MONITOR,GSC_SEARCH_ANALYTICS_2026-06-02_TO_2026-08-08,LOW
ayat karima,ayat karima,informational,quran-surahs,reference,Qatar,,none,none,none,top,GSC_IMPRESSIONS_68D:1,GSC_AVG_POSITION:34,27.1,LOW,/blog/ayat-e-karima,/blog/ayat-e-karima,LOW,reference,MONITOR,GSC_SEARCH_ANALYTICS_2026-06-02_TO_2026-08-08,LOW
ayatul kursi bedeutung,ayatul kursi bedeutung,informational,quran-surahs,reference,Germany,,none,none,none,top,GSC_IMPRESSIONS_68D:1,GSC_AVG_POSITION:60,27.1,LOW,/blog/ayatul-kursi-arabic-english-benefits,/blog/ayatul-kursi-arabic-english-benefits,LOW,reference,MONITOR,GSC_SEARCH_ANALYTICS_2026-06-02_TO_2026-08-08,LOW
ayatul kursi islam,ayatul kursi islam,informational,quran-surahs,reference,United Kingdom,,none,none,none,top,GSC_IMPRESSIONS_68D:1,GSC_AVG_POSITION:48,27.1,LOW,/blog/ayatul-kursi-arabic-english-benefits.html,/blog/ayatul-kursi-arabic-english-benefits.html,LOW,reference,MONITOR,GSC_SEARCH_ANALYTICS_2026-06-02_TO_2026-08-08,LOW
bismillah in a sentence,bismillah in a sentence,informational,islamic-terms,definition,United States,,none,none,none,top,GSC_IMPRESSIONS_68D:1,GSC_AVG_POSITION:77,27.1,MEDIUM,/blog/bismillah-meaning-in-english,/blog/bismillah-meaning-in-english,LOW,definition,MONITOR,GSC_SEARCH_ANALYTICS_2026-06-02_TO_2026-08-08,LOW
darood sharif,darood sharif,informational,duas-supplications,guide,Kuwait,,none,none,none,top,GSC_IMPRESSIONS_68D:1,GSC_AVG_POSITION:25,27.1,LOW,/blog/darood-sharif,/blog/darood-sharif,LOW,guide,MONITOR,GSC_SEARCH_ANALYTICS_2026-06-02_TO_2026-08-08,LOW
darood sharif english,darood sharif english,informational,duas-supplications,guide,UAE,,none,none,none,top,GSC_IMPRESSIONS_68D:1,GSC_AVG_POSITION:36,27.1,LOW,/blog/darood-sharif,/blog/darood-sharif,LOW,guide,MONITOR,GSC_SEARCH_ANALYTICS_2026-06-02_TO_2026-08-08,LOW
doaa safar,doaa safar,informational,unclustered,unknown,Australia,,none,none,none,top,GSC_IMPRESSIONS_68D:1,GSC_AVG_POSITION:44,27.1,LOW,/blog/safar-ki-dua-travel-dua-arabic-english,/blog/safar-ki-dua-travel-dua-arabic-english,LOW,unknown,MONITOR,GSC_SEARCH_ANALYTICS_2026-06-02_TO_2026-08-08,LOW
dua as safar,dua as safar,informational,duas-supplications,guide,United States,,none,none,none,top,GSC_IMPRESSIONS_68D:1,GSC_AVG_POSITION:44,27.1,LOW,/blog/safar-ki-dua-travel-dua-arabic-english,/blog/safar-ki-dua-travel-dua-arabic-english,LOW,guide,MONITOR,GSC_SEARCH_ANALYTICS_2026-06-02_TO_2026-08-08,LOW
dua before flight,dua before flight,informational,duas-supplications,guide,United States,,none,none,none,top,GSC_IMPRESSIONS_68D:1,GSC_AVG_POSITION:49,27.1,LOW,/blog/safar-ki-dua-travel-dua-arabic-english,/blog/safar-ki-dua-travel-dua-arabic-english,LOW,guide,MONITOR,GSC_SEARCH_ANALYTICS_2026-06-02_TO_2026-08-08,LOW
dua depression,dua depression,informational,duas-supplications,guide,United States,,none,none,none,top,GSC_IMPRESSIONS_68D:1,GSC_AVG_POSITION:48,27.1,LOW,/blog/dua-for-anxiety-stress-depression,/blog/dua-for-anxiety-stress-depression,LOW,guide,MONITOR,GSC_SEARCH_ANALYTICS_2026-06-02_TO_2026-08-08,LOW
dua for fear and anxiety,dua for fear and anxiety,informational,duas-supplications,guide,Saudi Arabia,,none,none,none,top,GSC_IMPRESSIONS_68D:1,GSC_AVG_POSITION:58,27.1,MEDIUM,/blog/dua-for-anxiety-stress-depression,/blog/dua-for-anxiety-stress-depression,LOW,guide,MONITOR,GSC_SEARCH_ANALYTICS_2026-06-02_TO_2026-08-08,LOW
dua for istikhara,dua for istikhara,informational,duas-supplications,guide,United Kingdom,,none,none,none,top,GSC_IMPRESSIONS_68D:1,GSC_AVG_POSITION:46,27.1,LOW,/blog/dua-e-istikhara,/blog/dua-e-istikhara,LOW,guide,MONITOR,GSC_SEARCH_ANALYTICS_2026-06-02_TO_2026-08-08,LOW
dua for journey by plane,dua for journey by plane,informational,duas-supplications,guide,UAE,,none,none,none,top,GSC_IMPRESSIONS_68D:1,GSC_AVG_POSITION:54,27.1,MEDIUM,/blog/safar-ki-dua-travel-dua-arabic-english,/blog/safar-ki-dua-travel-dua-arabic-english,LOW,guide,MONITOR,GSC_SEARCH_ANALYTICS_2026-06-02_TO_2026-08-08,LOW
dua of depression,dua of depression,informational,duas-supplications,guide,United States,,none,none,none,top,GSC_IMPRESSIONS_68D:1,GSC_AVG_POSITION:49,27.1,LOW,/blog/dua-for-anxiety-stress-depression,/blog/dua-for-anxiety-stress-depression,LOW,guide,MONITOR,GSC_SEARCH_ANALYTICS_2026-06-02_TO_2026-08-08,LOW
dua of istikhara,dua of istikhara,informational,duas-supplications,guide,United States,,none,none,none,top,GSC_IMPRESSIONS_68D:1,GSC_AVG_POSITION:41,27.1,LOW,/blog/dua-e-istikhara,/blog/dua-e-istikhara,LOW,guide,MONITOR,GSC_SEARCH_ANALYTICS_2026-06-02_TO_2026-08-08,LOW
dua when sad,dua when sad,informational,duas-supplications,guide,United States,,none,none,none,top,GSC_IMPRESSIONS_68D:1,GSC_AVG_POSITION:46,27.1,LOW,/blog/dua-for-anxiety-stress-depression,/blog/dua-for-anxiety-stress-depression,LOW,guide,MONITOR,GSC_SEARCH_ANALYTICS_2026-06-02_TO_2026-08-08,LOW
duas for depression,duas for depression,informational,duas-supplications,guide,United States,,none,none,none,top,GSC_IMPRESSIONS_68D:1,GSC_AVG_POSITION:50,27.1,LOW,/blog/dua-for-anxiety-stress-depression,/blog/dua-for-anxiety-stress-depression,LOW,guide,MONITOR,GSC_SEARCH_ANALYTICS_2026-06-02_TO_2026-08-08,LOW
duas for sadness,duas for sadness,informational,duas-supplications,guide,United States,,none,none,none,top,GSC_IMPRESSIONS_68D:1,GSC_AVG_POSITION:46,27.1,LOW,/blog/dua-for-anxiety-stress-depression,/blog/dua-for-anxiety-stress-depression,LOW,guide,MONITOR,GSC_SEARCH_ANALYTICS_2026-06-02_TO_2026-08-08,LOW
duas for stress,duas for stress,informational,duas-supplications,guide,United States,,none,none,none,top,GSC_IMPRESSIONS_68D:1,GSC_AVG_POSITION:49,27.1,LOW,/blog/dua-for-anxiety-stress-depression,/blog/dua-for-anxiety-stress-depression,LOW,guide,MONITOR,GSC_SEARCH_ANALYTICS_2026-06-02_TO_2026-08-08,LOW
evil eye in the quran,evil eye in the quran,informational,islamic-general,reference,United States,,none,none,none,top,GSC_IMPRESSIONS_68D:1,GSC_AVG_POSITION:53,27.1,MEDIUM,/blog/evil-eye-dua-nazar-ruqyah,/blog/evil-eye-dua-nazar-ruqyah,LOW,reference,MONITOR,GSC_SEARCH_ANALYTICS_2026-06-02_TO_2026-08-08,LOW
evil eye quran,evil eye quran,informational,islamic-general,reference,United States,,none,none,none,top,GSC_IMPRESSIONS_68D:1,GSC_AVG_POSITION:39,27.1,LOW,/blog/evil-eye-dua-nazar-ruqyah,/blog/evil-eye-dua-nazar-ruqyah,LOW,reference,MONITOR,GSC_SEARCH_ANALYTICS_2026-06-02_TO_2026-08-08,LOW
gift of allah names,gift of allah names,informational,99-names,reference,United States,,none,none,none,top,GSC_IMPRESSIONS_68D:1,GSC_AVG_POSITION:65,27.1,MEDIUM,/blog/99-names-of-allah-asmaul-husna,/blog/99-names-of-allah-asmaul-husna,LOW,reference,MONITOR,GSC_SEARCH_ANALYTICS_2026-06-02_TO_2026-08-08,LOW
hadith on 5 pillars of islam,hadith on 5 pillars of islam,informational,islamic-terms,definition,United States,,none,none,none,top,GSC_IMPRESSIONS_68D:1,GSC_AVG_POSITION:99,27.1,MEDIUM,/blog/five-pillars-of-islam-explained,/blog/five-pillars-of-islam-explained,LOW,definition,MONITOR,GSC_SEARCH_ANALYTICS_2026-06-02_TO_2026-08-08,LOW
hajah,hajah,informational,unclustered,unknown,United Kingdom,,none,none,none,top,GSC_IMPRESSIONS_68D:1,GSC_AVG_POSITION:36,27.1,LOW,/blog/dua-for-hajat-arabic-english,/blog/dua-for-hajat-arabic-english,LOW,unknown,MONITOR,GSC_SEARCH_ANALYTICS_2026-06-02_TO_2026-08-08,LOW
ikhlas,ikhlas,informational,quran-surahs,reference,Canada,,none,none,none,top,GSC_IMPRESSIONS_68D:1,GSC_AVG_POSITION:52,27.1,LOW,/blog/surah-ikhlas-benefits,/blog/surah-ikhlas-benefits,LOW,reference,MONITOR,GSC_SEARCH_ANALYTICS_2026-06-02_TO_2026-08-08,LOW
in sha allah in urdu,in sha allah in urdu,informational,islamic-terms,definition,India,,none,none,none,top,GSC_IMPRESSIONS_68D:1,GSC_AVG_POSITION:41,27.1,MEDIUM,/blog/inshallah-meaning-in-english,/blog/inshallah-meaning-in-english,LOW,definition,MONITOR,GSC_SEARCH_ANALYTICS_2026-06-02_TO_2026-08-08,LOW
in shallah,in shallah,informational,islamic-general,reference,United States,,none,none,none,top,GSC_IMPRESSIONS_68D:1,GSC_AVG_POSITION:31,27.1,LOW,/blog/inshallah-meaning-in-english,/blog/inshallah-meaning-in-english,LOW,reference,MONITOR,GSC_SEARCH_ANALYTICS_2026-06-02_TO_2026-08-08,LOW
inhsallah,inhsallah,informational,islamic-general,reference,United States,,none,none,none,top,GSC_IMPRESSIONS_68D:1,GSC_AVG_POSITION:34,27.1,LOW,/blog/inshallah-meaning-in-english,/blog/inshallah-meaning-in-english,LOW,reference,MONITOR,GSC_SEARCH_ANALYTICS_2026-06-02_TO_2026-08-08,LOW
inshal,inshal,informational,unclustered,unknown,United States,,none,none,none,top,GSC_IMPRESSIONS_68D:1,GSC_AVG_POSITION:37,27.1,LOW,/blog/inshallah-meaning-in-english,/blog/inshallah-meaning-in-english,LOW,unknown,MONITOR,GSC_SEARCH_ANALYTICS_2026-06-02_TO_2026-08-08,LOW
islam 99 names of god,islam 99 names of god,informational,99-names,reference,United Kingdom,,none,none,none,top,GSC_IMPRESSIONS_68D:1,GSC_AVG_POSITION:70,27.1,MEDIUM,/blog/99-names-of-allah-asmaul-husna.html,/blog/99-names-of-allah-asmaul-husna.html,LOW,reference,MONITOR,GSC_SEARCH_ANALYTICS_2026-06-02_TO_2026-08-08,LOW
islam allah 99 names,islam allah 99 names,informational,99-names,reference,United Kingdom,,none,none,none,top,GSC_IMPRESSIONS_68D:1,GSC_AVG_POSITION:62,27.1,MEDIUM,/blog/99-names-of-allah-asmaul-husna.html,/blog/99-names-of-allah-asmaul-husna.html,LOW,reference,MONITOR,GSC_SEARCH_ANALYTICS_2026-06-02_TO_2026-08-08,LOW
kursi english,kursi english,informational,quran-surahs,reference,United States,,none,none,none,top,GSC_IMPRESSIONS_68D:1,GSC_AVG_POSITION:49,27.1,LOW,/blog/ayatul-kursi-arabic-english-benefits,/blog/ayatul-kursi-arabic-english-benefits,LOW,reference,MONITOR,GSC_SEARCH_ANALYTICS_2026-06-02_TO_2026-08-08,LOW
list 99 names of allah,list 99 names of allah,informational,99-names,reference,United Kingdom,,none,none,none,top,GSC_IMPRESSIONS_68D:1,GSC_AVG_POSITION:77,27.1,MEDIUM,/blog/99-names-of-allah-asmaul-husna.html,/blog/99-names-of-allah-asmaul-husna.html,LOW,reference,MONITOR,GSC_SEARCH_ANALYTICS_2026-06-02_TO_2026-08-08,LOW
mashalla mean,mashalla mean,informational,unclustered,unknown,United States,,none,none,none,top,GSC_IMPRESSIONS_68D:1,GSC_AVG_POSITION:40,27.1,LOW,/blog/mashallah-meaning,/blog/mashallah-meaning,LOW,unknown,MONITOR,GSC_SEARCH_ANALYTICS_2026-06-02_TO_2026-08-08,LOW
mashallah or ma sha allah,mashallah or ma sha allah,informational,islamic-terms,definition,United Kingdom,,none,none,none,top,GSC_IMPRESSIONS_68D:1,GSC_AVG_POSITION:70,27.1,MEDIUM,/blog/mashallah-meaning.html,/blog/mashallah-meaning.html,LOW,definition,MONITOR,GSC_SEARCH_ANALYTICS_2026-06-02_TO_2026-08-08,LOW
meanings of 99 names of allah,meanings of 99 names of allah,informational,99-names,reference,United States,,none,none,none,top,GSC_IMPRESSIONS_68D:1,GSC_AVG_POSITION:99,27.1,MEDIUM,/blog/99-names-of-allah-asmaul-husna,/blog/99-names-of-allah-asmaul-husna,LOW,reference,MONITOR,GSC_SEARCH_ANALYTICS_2026-06-02_TO_2026-08-08,LOW
names of allah 99,names of allah 99,informational,99-names,reference,United States,,none,none,none,top,GSC_IMPRESSIONS_68D:1,GSC_AVG_POSITION:67,27.1,MEDIUM,/blog/99-names-of-allah-asmaul-husna,/blog/99-names-of-allah-asmaul-husna,LOW,reference,MONITOR,GSC_SEARCH_ANALYTICS_2026-06-02_TO_2026-08-08,LOW
names of allah and their meanings,names of allah and their meanings,informational,99-names,reference,United Kingdom,,none,none,none,top,GSC_IMPRESSIONS_68D:1,GSC_AVG_POSITION:62,27.1,MEDIUM,/blog/99-names-of-allah-asmaul-husna,/blog/99-names-of-allah-asmaul-husna,LOW,reference,MONITOR,GSC_SEARCH_ANALYTICS_2026-06-02_TO_2026-08-08,LOW
names of allah english,names of allah english,informational,99-names,reference,United Kingdom,,none,none,none,top,GSC_IMPRESSIONS_68D:1,GSC_AVG_POSITION:63,27.1,MEDIUM,/blog/99-names-of-allah-asmaul-husna.html,/blog/99-names-of-allah-asmaul-husna.html,LOW,reference,MONITOR,GSC_SEARCH_ANALYTICS_2026-06-02_TO_2026-08-08,LOW
names of allah with meanings,names of allah with meanings,informational,99-names,reference,United Kingdom,,none,none,none,top,GSC_IMPRESSIONS_68D:1,GSC_AVG_POSITION:65,27.1,MEDIUM,/blog/99-names-of-allah-asmaul-husna.html,/blog/99-names-of-allah-asmaul-husna.html,LOW,reference,MONITOR,GSC_SEARCH_ANALYTICS_2026-06-02_TO_2026-08-08,LOW
ninety nine names of allah in arabic,ninety nine names of allah in arabic,informational,99-names,reference,United States,,none,none,none,top,GSC_IMPRESSIONS_68D:1,GSC_AVG_POSITION:61,27.1,MEDIUM,/blog/99-names-of-allah-asmaul-husna,/blog/99-names-of-allah-asmaul-husna,LOW,reference,MONITOR,GSC_SEARCH_ANALYTICS_2026-06-02_TO_2026-08-08,LOW
safar dua english,safar dua english,informational,duas-supplications,guide,Canada,,none,none,none,top,GSC_IMPRESSIONS_68D:1,GSC_AVG_POSITION:55,27.1,LOW,/blog/safar-ki-dua-travel-dua-arabic-english,/blog/safar-ki-dua-travel-dua-arabic-english,LOW,guide,MONITOR,GSC_SEARCH_ANALYTICS_2026-06-02_TO_2026-08-08,LOW
start with bismillah end with alhamdulillah,start with bismillah end with alhamdulillah,informational,islamic-terms,definition,United States,,beginners,none,none,top,GSC_IMPRESSIONS_68D:1,GSC_AVG_POSITION:80,27.1,MEDIUM,/blog/bismillah-meaning-in-english,/blog/bismillah-meaning-in-english,LOW,definition,MONITOR,GSC_SEARCH_ANALYTICS_2026-06-02_TO_2026-08-08,LOW
subhan allah in arabic,subhan allah in arabic,informational,islamic-terms,definition,South Africa,,none,none,none,top,GSC_IMPRESSIONS_68D:1,GSC_AVG_POSITION:66,27.1,MEDIUM,/blog/subhanallah-meaning,/blog/subhanallah-meaning,LOW,definition,MONITOR,GSC_SEARCH_ANALYTICS_2026-06-02_TO_2026-08-08,LOW
sunnah ghusl steps,sunnah ghusl steps,informational,salah-prayer,guide,Bangladesh,,none,none,none,top,GSC_IMPRESSIONS_68D:1,GSC_AVG_POSITION:28,27.1,LOW,/blog/how-to-do-ghusl-step-by-step,/blog/how-to-do-ghusl-step-by-step,LOW,guide,MONITOR,GSC_SEARCH_ANALYTICS_2026-06-02_TO_2026-08-08,LOW
the 99 name of allah,the 99 name of allah,informational,99-names,reference,United Kingdom,,none,none,none,top,GSC_IMPRESSIONS_68D:1,GSC_AVG_POSITION:67,27.1,MEDIUM,/blog/99-names-of-allah-asmaul-husna.html,/blog/99-names-of-allah-asmaul-husna.html,LOW,reference,MONITOR,GSC_SEARCH_ANALYTICS_2026-06-02_TO_2026-08-08,LOW
translate alhamdulillah to english,translate alhamdulillah to english,informational,islamic-terms,definition,United States,,none,none,none,top,GSC_IMPRESSIONS_68D:1,GSC_AVG_POSITION:78,27.1,MEDIUM,/blog/alhamdulillah-meaning-in-english,/blog/alhamdulillah-meaning-in-english,LOW,definition,MONITOR,GSC_SEARCH_ANALYTICS_2026-06-02_TO_2026-08-08,LOW
transliteration of attahiyat,transliteration of attahiyat,informational,salah-prayer,guide,Pakistan,,none,none,none,top,GSC_IMPRESSIONS_68D:1,GSC_AVG_POSITION:23,27.1,LOW,/blog/attahiyat-full-arabic-english-tashahhud,/blog/attahiyat-full-arabic-english-tashahhud,LOW,guide,MONITOR,GSC_SEARCH_ANALYTICS_2026-06-02_TO_2026-08-08,LOW
travel dua transliteration,travel dua transliteration,informational,duas-supplications,guide,Canada,,none,none,none,top,GSC_IMPRESSIONS_68D:1,GSC_AVG_POSITION:56,27.1,LOW,/blog/safar-ki-dua-travel-dua-arabic-english,/blog/safar-ki-dua-travel-dua-arabic-english,LOW,guide,MONITOR,GSC_SEARCH_ANALYTICS_2026-06-02_TO_2026-08-08,LOW
w in arabic,w in arabic,informational,islamic-general,reference,Canada,,none,none,none,top,GSC_IMPRESSIONS_68D:1,GSC_AVG_POSITION:44,27.1,LOW,/noorani-qaida/arabic-letters/waw,/noorani-qaida/arabic-letters/waw,LOW,reference,MONITOR,GSC_SEARCH_ANALYTICS_2026-06-02_TO_2026-08-08,LOW
zain in arabic,zain in arabic,informational,islamic-general,reference,Canada,,none,none,none,top,GSC_IMPRESSIONS_68D:1,GSC_AVG_POSITION:47,27.1,LOW,/noorani-qaida/arabic-letters/zain,/noorani-qaida/arabic-letters/zain,LOW,reference,MONITOR,GSC_SEARCH_ANALYTICS_2026-06-02_TO_2026-08-08,LOW
ب,ب,informational,unclustered,unknown,United Kingdom,,none,none,none,top,GSC_IMPRESSIONS_68D:1,GSC_AVG_POSITION:35,27.1,LOW,/noorani-qaida/arabic-letters/ba,/noorani-qaida/arabic-letters/ba,LOW,unknown,MONITOR,GSC_SEARCH_ANALYTICS_2026-06-02_TO_2026-08-08,LOW
99 names,99 names,informational,99-names,reference,Australia,,none,none,none,top,GSC_IMPRESSIONS_68D:5,GSC_AVG_POSITION:63.2,26.7,LOW,/blog/99-names-of-allah-asmaul-husna,/blog/99-names-of-allah-asmaul-husna,MEDIUM,reference,MONITOR,GSC_SEARCH_ANALYTICS_2026-06-02_TO_2026-08-08,MEDIUM
dua al safar,dua al safar,informational,duas-supplications,guide,UAE,,none,none,none,top,GSC_IMPRESSIONS_68D:5,GSC_AVG_POSITION:44.6,26.7,LOW,/blog/safar-ki-dua-travel-dua-arabic-english,/blog/safar-ki-dua-travel-dua-arabic-english,LOW,guide,CONTENT REFRESH,GSC_SEARCH_ANALYTICS_2026-06-02_TO_2026-08-08,MEDIUM
alhamdulillah pronounce,alhamdulillah pronounce,informational,islamic-terms,definition,Canada,,none,none,none,top,GSC_IMPRESSIONS_68D:2,GSC_AVG_POSITION:53.5,26.6,LOW,/blog/alhamdulillah-meaning-in-english.html,/blog/alhamdulillah-meaning-in-english.html,LOW,definition,MONITOR,GSC_SEARCH_ANALYTICS_2026-06-02_TO_2026-08-08,LOW
allah names,allah names,informational,99-names,reference,United States,,none,none,none,top,GSC_IMPRESSIONS_68D:10,GSC_AVG_POSITION:52.9,26.6,LOW,/blog/99-names-of-allah-asmaul-husna,/blog/99-names-of-allah-asmaul-husna,MEDIUM,reference,MONITOR,GSC_SEARCH_ANALYTICS_2026-06-02_TO_2026-08-08,HIGH
allah names english,allah names english,informational,99-names,reference,United Kingdom,,none,none,none,top,GSC_IMPRESSIONS_68D:2,GSC_AVG_POSITION:48,26.6,LOW,/blog/99-names-of-allah-asmaul-husna,/blog/99-names-of-allah-asmaul-husna,MEDIUM,reference,MONITOR,GSC_SEARCH_ANALYTICS_2026-06-02_TO_2026-08-08,LOW
anxiety dua,anxiety dua,informational,duas-supplications,guide,Germany,,none,none,none,top,GSC_IMPRESSIONS_68D:2,GSC_AVG_POSITION:66,26.6,LOW,/blog/dua-for-anxiety-stress-depression,/blog/dua-for-anxiety-stress-depression,LOW,guide,MONITOR,GSC_SEARCH_ANALYTICS_2026-06-02_TO_2026-08-08,LOW
astaghfiruallah,astaghfiruallah,informational,islamic-terms,definition,Australia,,none,none,none,top,GSC_IMPRESSIONS_68D:2,GSC_AVG_POSITION:54,26.6,LOW,/blog/astaghfirullah-meaning,/blog/astaghfirullah-meaning,LOW,definition,MONITOR,GSC_SEARCH_ANALYTICS_2026-06-02_TO_2026-08-08,LOW
benefits of surah al ikhlas,benefits of surah al ikhlas,informational,quran-surahs,reference,UAE,,none,none,none,top,GSC_IMPRESSIONS_68D:2,GSC_AVG_POSITION:78,26.6,MEDIUM,/blog/surah-ikhlas-benefits,/blog/surah-ikhlas-benefits,LOW,reference,MONITOR,GSC_SEARCH_ANALYTICS_2026-06-02_TO_2026-08-08,LOW
benefits of surah ikhlas,benefits of surah ikhlas,informational,quran-surahs,reference,Pakistan,,none,none,none,top,GSC_IMPRESSIONS_68D:2,GSC_AVG_POSITION:56,26.6,MEDIUM,/blog/surah-ikhlas-benefits,/blog/surah-ikhlas-benefits,LOW,reference,MONITOR,GSC_SEARCH_ANALYTICS_2026-06-02_TO_2026-08-08,LOW
dream interpretation islam,dream interpretation islam,informational,islamic-general,reference,Belgium,,none,none,none,top,GSC_IMPRESSIONS_68D:2,GSC_AVG_POSITION:51.5,26.6,LOW,/blog/islamic-dream-interpretation.html,/blog/islamic-dream-interpretation.html,LOW,reference,MONITOR,GSC_SEARCH_ANALYTICS_2026-06-02_TO_2026-08-08,LOW
dua of travel,dua of travel,informational,duas-supplications,guide,Canada,,none,none,none,top,GSC_IMPRESSIONS_68D:2,GSC_AVG_POSITION:74.5,26.6,LOW,/blog/safar-ki-dua-travel-dua-arabic-english,/blog/safar-ki-dua-travel-dua-arabic-english,LOW,guide,MONITOR,GSC_SEARCH_ANALYTICS_2026-06-02_TO_2026-08-08,LOW
dua to reduce anxiety,dua to reduce anxiety,informational,duas-supplications,guide,Pakistan,,none,none,none,top,GSC_IMPRESSIONS_68D:2,GSC_AVG_POSITION:52,26.6,MEDIUM,/blog/dua-for-anxiety-stress-depression,/blog/dua-for-anxiety-stress-depression,LOW,guide,MONITOR,GSC_SEARCH_ANALYTICS_2026-06-02_TO_2026-08-08,LOW
i n s h a l l a h,i n s h a l l a h,informational,unclustered,unknown,United States,,none,none,none,top,GSC_IMPRESSIONS_68D:2,GSC_AVG_POSITION:91,26.6,MEDIUM,/blog/inshallah-meaning-in-english,/blog/inshallah-meaning-in-english,LOW,unknown,MONITOR,GSC_SEARCH_ANALYTICS_2026-06-02_TO_2026-08-08,LOW
ibn sirin dream interpretation online,ibn sirin dream interpretation online,informational,islamic-general,reference,United Kingdom,,none,none,none,top,GSC_IMPRESSIONS_68D:2,GSC_AVG_POSITION:64.5,26.6,MEDIUM,/blog/islamic-dream-interpretation.html,/blog/islamic-dream-interpretation.html,LOW,reference,MONITOR,GSC_SEARCH_ANALYTICS_2026-06-02_TO_2026-08-08,LOW
subhan allah,subhan allah,informational,islamic-terms,definition,Australia,,none,none,none,top,GSC_IMPRESSIONS_68D:2,GSC_AVG_POSITION:58.5,26.6,LOW,/blog/subhanallah-meaning,/blog/subhanallah-meaning,LOW,definition,MONITOR,GSC_SEARCH_ANALYTICS_2026-06-02_TO_2026-08-08,LOW
surah waqiah is in which para,surah waqiah is in which para,informational,quran-surahs,reference,India,,none,none,none,top,GSC_IMPRESSIONS_68D:2,GSC_AVG_POSITION:51.5,26.6,MEDIUM,/blog/surah-waqiah-benefits,/blog/surah-waqiah-benefits,LOW,reference,MONITOR,GSC_SEARCH_ANALYTICS_2026-06-02_TO_2026-08-08,LOW
the name of allah 99,the name of allah 99,informational,islamic-general,reference,United Kingdom,,none,none,none,top,GSC_IMPRESSIONS_68D:2,GSC_AVG_POSITION:63.5,26.6,MEDIUM,/blog/99-names-of-allah-asmaul-husna.html,/blog/99-names-of-allah-asmaul-husna.html,LOW,reference,MONITOR,GSC_SEARCH_ANALYTICS_2026-06-02_TO_2026-08-08,LOW
alhamdullah,alhamdullah,informational,islamic-terms,definition,Canada,,none,none,none,top,GSC_IMPRESSIONS_68D:4,GSC_AVG_POSITION:76.2,26.3,LOW,/blog/alhamdulillah-meaning-in-english.html,/blog/alhamdulillah-meaning-in-english.html,MEDIUM,definition,MONITOR,GSC_SEARCH_ANALYTICS_2026-06-02_TO_2026-08-08,MEDIUM
muslim census,muslim census,informational,islamic-demographics,reference,BRA,,none,none,none,top,GSC_IMPRESSIONS_68D:4,GSC_AVG_POSITION:27.2,26.3,LOW,/blog/muslim-population-statistics-uk-usa,/blog/muslim-population-statistics-uk-usa,LOW,reference,MONITOR,GSC_SEARCH_ANALYTICS_2026-06-02_TO_2026-08-08,MEDIUM
99 names of,99 names of,informational,99-names,reference,United States,,none,none,none,top,GSC_IMPRESSIONS_68D:8,GSC_AVG_POSITION:55.5,26.1,LOW,/blog/99-names-of-allah-asmaul-husna,/blog/99-names-of-allah-asmaul-husna,MEDIUM,reference,MONITOR,GSC_SEARCH_ANALYTICS_2026-06-02_TO_2026-08-08,MEDIUM
alahu akbar,alahu akbar,informational,unclustered,unknown,UAE,,none,none,none,top,GSC_IMPRESSIONS_68D:3,GSC_AVG_POSITION:31.3,25.9,LOW,/blog/allahu-akbar-meaning-in-english,/blog/allahu-akbar-meaning-in-english,LOW,unknown,MONITOR,GSC_SEARCH_ANALYTICS_2026-06-02_TO_2026-08-08,MEDIUM
barak allah,barak allah,informational,islamic-terms,definition,Bangladesh,,none,none,none,top,GSC_IMPRESSIONS_68D:3,GSC_AVG_POSITION:31.7,25.9,LOW,/blog/barakallah-meaning,/blog/barakallah-meaning,LOW,definition,MONITOR,GSC_SEARCH_ANALYTICS_2026-06-02_TO_2026-08-08,MEDIUM
dua al istikhara,dua al istikhara,informational,duas-supplications,guide,UAE,,none,none,none,top,GSC_IMPRESSIONS_68D:3,GSC_AVG_POSITION:42.7,25.9,LOW,/blog/dua-e-istikhara,/blog/dua-e-istikhara,LOW,guide,MONITOR,GSC_SEARCH_ANALYTICS_2026-06-02_TO_2026-08-08,MEDIUM
islamic calendar names,islamic calendar names,informational,islamic-calendar,reference,Canada,,none,none,none,top,GSC_IMPRESSIONS_68D:3,GSC_AVG_POSITION:59.7,25.9,LOW,/blog/islamic-months-names-in-order,/blog/islamic-months-names-in-order,LOW,reference,MONITOR,GSC_SEARCH_ANALYTICS_2026-06-02_TO_2026-08-08,MEDIUM
travel dua english,travel dua english,informational,duas-supplications,guide,UAE,,none,none,none,top,GSC_IMPRESSIONS_68D:3,GSC_AVG_POSITION:49,25.9,LOW,/blog/safar-ki-dua-travel-dua-arabic-english,/blog/safar-ki-dua-travel-dua-arabic-english,LOW,guide,MONITOR,GSC_SEARCH_ANALYTICS_2026-06-02_TO_2026-08-08,MEDIUM
100 allah names,100 allah names,informational,99-names,reference,United States,,none,none,none,top,GSC_IMPRESSIONS_68D:1,GSC_AVG_POSITION:47,25.7,LOW,/blog/99-names-of-allah-asmaul-husna,/blog/99-names-of-allah-asmaul-husna,LOW,reference,MONITOR,GSC_SEARCH_ANALYTICS_2026-06-02_TO_2026-08-08,LOW
100th name of allah,100th name of allah,informational,islamic-general,reference,United Kingdom,,none,none,none,top,GSC_IMPRESSIONS_68D:1,GSC_AVG_POSITION:86,25.7,MEDIUM,/blog/99-names-of-allah-asmaul-husna.html,/blog/99-names-of-allah-asmaul-husna.html,LOW,reference,MONITOR,GSC_SEARCH_ANALYTICS_2026-06-02_TO_2026-08-08,LOW
99 allah's name,99 allah's name,informational,99-names,reference,United States,,none,none,none,top,GSC_IMPRESSIONS_68D:1,GSC_AVG_POSITION:46,25.7,LOW,/blog/99-names-of-allah-asmaul-husna,/blog/99-names-of-allah-asmaul-husna,LOW,reference,MONITOR,GSC_SEARCH_ANALYTICS_2026-06-02_TO_2026-08-08,LOW
99 allahs name,99 allahs name,informational,99-names,reference,United States,,none,none,none,top,GSC_IMPRESSIONS_68D:1,GSC_AVG_POSITION:47,25.7,LOW,/blog/99-names-of-allah-asmaul-husna,/blog/99-names-of-allah-asmaul-husna,LOW,reference,MONITOR,GSC_SEARCH_ANALYTICS_2026-06-02_TO_2026-08-08,LOW
99 name allah,99 name allah,informational,99-names,reference,United States,,none,none,none,top,GSC_IMPRESSIONS_68D:1,GSC_AVG_POSITION:50,25.7,LOW,/blog/99-names-of-allah-asmaul-husna,/blog/99-names-of-allah-asmaul-husna,LOW,reference,MONITOR,GSC_SEARCH_ANALYTICS_2026-06-02_TO_2026-08-08,LOW
alhamdulillah benefits,alhamdulillah benefits,informational,islamic-terms,definition,United States,,none,none,none,top,GSC_IMPRESSIONS_68D:1,GSC_AVG_POSITION:48,25.7,LOW,/blog/alhamdulillah-meaning-in-english,/blog/alhamdulillah-meaning-in-english,LOW,definition,MONITOR,GSC_SEARCH_ANALYTICS_2026-06-02_TO_2026-08-08,LOW
all name of allah,all name of allah,informational,islamic-general,reference,United Kingdom,,none,none,none,top,GSC_IMPRESSIONS_68D:1,GSC_AVG_POSITION:78,25.7,MEDIUM,/blog/99-names-of-allah-asmaul-husna.html,/blog/99-names-of-allah-asmaul-husna.html,LOW,reference,MONITOR,GSC_SEARCH_ANALYTICS_2026-06-02_TO_2026-08-08,LOW
all signs of qiyamah,all signs of qiyamah,informational,unclustered,unknown,United States,,none,none,none,top,GSC_IMPRESSIONS_68D:1,GSC_AVG_POSITION:68,25.7,MEDIUM,/blog/signs-of-qiyamah.html,/blog/signs-of-qiyamah.html,LOW,unknown,MONITOR,GSC_SEARCH_ANALYTICS_2026-06-02_TO_2026-08-08,LOW
allah k name 99,allah k name 99,informational,islamic-general,reference,United Kingdom,,none,none,none,top,GSC_IMPRESSIONS_68D:1,GSC_AVG_POSITION:64,25.7,MEDIUM,/blog/99-names-of-allah-asmaul-husna.html,/blog/99-names-of-allah-asmaul-husna.html,LOW,reference,MONITOR,GSC_SEARCH_ANALYTICS_2026-06-02_TO_2026-08-08,LOW
allah ninety nine names,allah ninety nine names,informational,islamic-general,reference,United Kingdom,,none,none,none,top,GSC_IMPRESSIONS_68D:1,GSC_AVG_POSITION:61,25.7,MEDIUM,/blog/99-names-of-allah-asmaul-husna.html,/blog/99-names-of-allah-asmaul-husna.html,LOW,reference,MONITOR,GSC_SEARCH_ANALYTICS_2026-06-02_TO_2026-08-08,LOW
allah uak bar,allah uak bar,informational,islamic-general,reference,Philippines,,none,none,none,top,GSC_IMPRESSIONS_68D:1,GSC_AVG_POSITION:34,25.7,LOW,/blog/allahu-akbar-meaning-in-english,/blog/allahu-akbar-meaning-in-english,LOW,reference,MONITOR,GSC_SEARCH_ANALYTICS_2026-06-02_TO_2026-08-08,LOW
allah's 100 names,allah's 100 names,informational,99-names,reference,United States,,none,none,none,top,GSC_IMPRESSIONS_68D:1,GSC_AVG_POSITION:48,25.7,LOW,/blog/99-names-of-allah-asmaul-husna,/blog/99-names-of-allah-asmaul-husna,LOW,reference,MONITOR,GSC_SEARCH_ANALYTICS_2026-06-02_TO_2026-08-08,LOW
allah's names,allah's names,informational,99-names,reference,Canada,,none,none,none,top,GSC_IMPRESSIONS_68D:1,GSC_AVG_POSITION:52,25.7,LOW,/blog/99-names-of-allah-asmaul-husna,/blog/99-names-of-allah-asmaul-husna,LOW,reference,MONITOR,GSC_SEARCH_ANALYTICS_2026-06-02_TO_2026-08-08,LOW
allahs 100 names,allahs 100 names,informational,99-names,reference,United States,,none,none,none,top,GSC_IMPRESSIONS_68D:1,GSC_AVG_POSITION:49,25.7,LOW,/blog/99-names-of-allah-asmaul-husna,/blog/99-names-of-allah-asmaul-husna,LOW,reference,MONITOR,GSC_SEARCH_ANALYTICS_2026-06-02_TO_2026-08-08,LOW
astagfirollah,astagfirollah,informational,islamic-terms,definition,United States,,none,none,none,top,GSC_IMPRESSIONS_68D:1,GSC_AVG_POSITION:49,25.7,LOW,/blog/astaghfirullah-meaning,/blog/astaghfirullah-meaning,LOW,definition,MONITOR,GSC_SEARCH_ANALYTICS_2026-06-02_TO_2026-08-08,LOW
astaghfirullah in quran,astaghfirullah in quran,informational,islamic-terms,definition,United States,,none,none,none,top,GSC_IMPRESSIONS_68D:1,GSC_AVG_POSITION:49,25.7,LOW,/blog/astaghfirullah-meaning,/blog/astaghfirullah-meaning,LOW,definition,MONITOR,GSC_SEARCH_ANALYTICS_2026-06-02_TO_2026-08-08,LOW
at tayyibat,at tayyibat,informational,unclustered,unknown,Philippines,,none,none,none,top,GSC_IMPRESSIONS_68D:1,GSC_AVG_POSITION:22,25.7,LOW,/blog/attahiyat-full-arabic-english-tashahhud,/blog/attahiyat-full-arabic-english-tashahhud,LOW,unknown,MONITOR,GSC_SEARCH_ANALYTICS_2026-06-02_TO_2026-08-08,LOW
attahyaat,attahyaat,informational,unclustered,unknown,Philippines,,none,none,none,top,GSC_IMPRESSIONS_68D:1,GSC_AVG_POSITION:30,25.7,LOW,/blog/attahiyat-full-arabic-english-tashahhud,/blog/attahiyat-full-arabic-english-tashahhud,LOW,unknown,MONITOR,GSC_SEARCH_ANALYTICS_2026-06-02_TO_2026-08-08,LOW
ayat e karima,ayat e karima,informational,quran-surahs,reference,Pakistan,,none,none,none,top,GSC_IMPRESSIONS_68D:1,GSC_AVG_POSITION:36,25.7,LOW,/blog/ayat-e-karima,/blog/ayat-e-karima,LOW,reference,MONITOR,GSC_SEARCH_ANALYTICS_2026-06-02_TO_2026-08-08,LOW
barakallahumma,barakallahumma,informational,islamic-terms,definition,Saudi Arabia,,none,none,none,top,GSC_IMPRESSIONS_68D:1,GSC_AVG_POSITION:27,25.7,LOW,/blog/barakallah-meaning,/blog/barakallah-meaning,LOW,definition,MONITOR,GSC_SEARCH_ANALYTICS_2026-06-02_TO_2026-08-08,LOW
benefits of reading surah al waqiah,benefits of reading surah al waqiah,informational,quran-surahs,reference,UAE,,none,quran-reading,none,top,GSC_IMPRESSIONS_68D:1,GSC_AVG_POSITION:80,25.7,MEDIUM,/blog/surah-waqiah-benefits,/blog/surah-waqiah-benefits,LOW,reference,MONITOR,GSC_SEARCH_ANALYTICS_2026-06-02_TO_2026-08-08,LOW
benefits of reading surah waqiah,benefits of reading surah waqiah,informational,quran-surahs,reference,Saudi Arabia,,none,quran-reading,none,top,GSC_IMPRESSIONS_68D:1,GSC_AVG_POSITION:91,25.7,MEDIUM,/blog/surah-waqiah-benefits,/blog/surah-waqiah-benefits,LOW,reference,MONITOR,GSC_SEARCH_ANALYTICS_2026-06-02_TO_2026-08-08,LOW
benefits of reciting surah al waqiah,benefits of reciting surah al waqiah,informational,quran-surahs,reference,Saudi Arabia,,none,none,none,top,GSC_IMPRESSIONS_68D:1,GSC_AVG_POSITION:80,25.7,MEDIUM,/blog/surah-waqiah-benefits,/blog/surah-waqiah-benefits,LOW,reference,MONITOR,GSC_SEARCH_ANALYTICS_2026-06-02_TO_2026-08-08,LOW
betekenis alhamdulillah,betekenis alhamdulillah,informational,islamic-terms,definition,Netherlands,,none,none,none,top,GSC_IMPRESSIONS_68D:1,GSC_AVG_POSITION:62,25.7,LOW,/blog/alhamdulillah-meaning-in-english.html,/blog/alhamdulillah-meaning-in-english.html,LOW,definition,MONITOR,GSC_SEARCH_ANALYTICS_2026-06-02_TO_2026-08-08,LOW
bismillah pronunciation,bismillah pronunciation,informational,islamic-terms,definition,United States,,none,none,none,top,GSC_IMPRESSIONS_68D:1,GSC_AVG_POSITION:47,25.7,LOW,/blog/bismillah-meaning-in-english,/blog/bismillah-meaning-in-english,LOW,definition,MONITOR,GSC_SEARCH_ANALYTICS_2026-06-02_TO_2026-08-08,LOW
day of judgement islam signs,day of judgement islam signs,informational,islamic-general,reference,United Kingdom,,none,none,none,top,GSC_IMPRESSIONS_68D:1,GSC_AVG_POSITION:76,25.7,MEDIUM,/blog/signs-of-qiyamah.html,/blog/signs-of-qiyamah.html,LOW,reference,MONITOR,GSC_SEARCH_ANALYTICS_2026-06-02_TO_2026-08-08,LOW
day of judgement signs in islam,day of judgement signs in islam,informational,islamic-general,reference,United Kingdom,,none,none,none,top,GSC_IMPRESSIONS_68D:1,GSC_AVG_POSITION:90,25.7,MEDIUM,/blog/signs-of-qiyamah.html,/blog/signs-of-qiyamah.html,LOW,reference,MONITOR,GSC_SEARCH_ANALYTICS_2026-06-02_TO_2026-08-08,LOW
dhal in urdu,dhal in urdu,informational,unclustered,unknown,Vietnam,,none,none,none,top,GSC_IMPRESSIONS_68D:1,GSC_AVG_POSITION:38,25.7,LOW,/noorani-qaida/arabic-letters/dhal,/noorani-qaida/arabic-letters/dhal,LOW,unknown,MONITOR,GSC_SEARCH_ANALYTICS_2026-06-02_TO_2026-08-08,LOW
dream explanation in islam,dream explanation in islam,informational,islamic-general,reference,United Kingdom,,none,none,none,top,GSC_IMPRESSIONS_68D:1,GSC_AVG_POSITION:83,25.7,MEDIUM,/blog/islamic-dream-interpretation.html,/blog/islamic-dream-interpretation.html,LOW,reference,MONITOR,GSC_SEARCH_ANALYTICS_2026-06-02_TO_2026-08-08,LOW
dream interpretation ibn sirin,dream interpretation ibn sirin,informational,islamic-general,reference,United Kingdom,,none,none,none,top,GSC_IMPRESSIONS_68D:1,GSC_AVG_POSITION:72,25.7,MEDIUM,/blog/islamic-dream-interpretation.html,/blog/islamic-dream-interpretation.html,LOW,reference,MONITOR,GSC_SEARCH_ANALYTICS_2026-06-02_TO_2026-08-08,LOW
dreams interpretation islam,dreams interpretation islam,informational,islamic-general,reference,Italy,,none,none,none,top,GSC_IMPRESSIONS_68D:1,GSC_AVG_POSITION:85,25.7,LOW,/blog/islamic-dream-interpretation.html,/blog/islamic-dream-interpretation.html,LOW,reference,MONITOR,GSC_SEARCH_ANALYTICS_2026-06-02_TO_2026-08-08,LOW
dreams interpretations in islam,dreams interpretations in islam,informational,islamic-general,reference,United States,,none,none,none,top,GSC_IMPRESSIONS_68D:1,GSC_AVG_POSITION:88,25.7,MEDIUM,/blog/islamic-dream-interpretation.html,/blog/islamic-dream-interpretation.html,LOW,reference,MONITOR,GSC_SEARCH_ANALYTICS_2026-06-02_TO_2026-08-08,LOW
dua before travel,dua before travel,informational,duas-supplications,guide,Canada,,none,none,none,top,GSC_IMPRESSIONS_68D:1,GSC_AVG_POSITION:73,25.7,LOW,/blog/safar-ki-dua-travel-dua-arabic-english,/blog/safar-ki-dua-travel-dua-arabic-english,LOW,guide,MONITOR,GSC_SEARCH_ANALYTICS_2026-06-02_TO_2026-08-08,LOW
dua for travel,dua for travel,informational,duas-supplications,guide,Canada,,none,none,none,top,GSC_IMPRESSIONS_68D:1,GSC_AVG_POSITION:69,25.7,LOW,/blog/safar-ki-dua-travel-dua-arabic-english,/blog/safar-ki-dua-travel-dua-arabic-english,LOW,guide,MONITOR,GSC_SEARCH_ANALYTICS_2026-06-02_TO_2026-08-08,LOW
duas for istighfar,duas for istighfar,informational,duas-supplications,guide,Pakistan,,none,none,none,top,GSC_IMPRESSIONS_68D:1,GSC_AVG_POSITION:24,25.7,LOW,/blog/dua-for-forgiveness-istighfar,/blog/dua-for-forgiveness-istighfar,LOW,guide,MONITOR,GSC_SEARCH_ANALYTICS_2026-06-02_TO_2026-08-08,LOW
durood sharif english,durood sharif english,informational,duas-supplications,guide,India,,none,none,none,top,GSC_IMPRESSIONS_68D:1,GSC_AVG_POSITION:22,25.7,LOW,/blog/darood-sharif,/blog/darood-sharif,LOW,guide,MONITOR,GSC_SEARCH_ANALYTICS_2026-06-02_TO_2026-08-08,LOW
e ijaazah,e ijaazah,informational,unclustered,unknown,Philippines,,none,none,none,top,GSC_IMPRESSIONS_68D:1,GSC_AVG_POSITION:26,25.7,LOW,/blog/what-is-ijazah-in-quran-teaching,/blog/what-is-ijazah-in-quran-teaching,LOW,unknown,MONITOR,GSC_SEARCH_ANALYTICS_2026-06-02_TO_2026-08-08,LOW
four qul,four qul,informational,quran-surahs,reference,Pakistan,,none,none,none,top,GSC_IMPRESSIONS_68D:1,GSC_AVG_POSITION:32,25.7,LOW,/blog/4-quls,/blog/4-quls,LOW,reference,MONITOR,GSC_SEARCH_ANALYTICS_2026-06-02_TO_2026-08-08,LOW
ghusl steps male,ghusl steps male,informational,salah-prayer,guide,United States,,men,none,gender-preference,top,GSC_IMPRESSIONS_68D:1,GSC_AVG_POSITION:51,25.7,LOW,/blog/how-to-do-ghusl-step-by-step,/blog/how-to-do-ghusl-step-by-step,LOW,guide,MONITOR,GSC_SEARCH_ANALYTICS_2026-06-02_TO_2026-08-08,LOW
hasbi allahu wa ni'mal wakeel,hasbi allahu wa ni'mal wakeel,informational,islamic-general,reference,United Kingdom,,none,none,none,top,GSC_IMPRESSIONS_68D:1,GSC_AVG_POSITION:69,25.7,MEDIUM,/blog/hasbunallahu-wa-nimal-wakeel-meaning,/blog/hasbunallahu-wa-nimal-wakeel-meaning,LOW,reference,MONITOR,GSC_SEARCH_ANALYTICS_2026-06-02_TO_2026-08-08,LOW
ibn sirin dream interpretation,ibn sirin dream interpretation,informational,islamic-general,reference,United Kingdom,,none,none,none,top,GSC_IMPRESSIONS_68D:1,GSC_AVG_POSITION:72,25.7,MEDIUM,/blog/islamic-dream-interpretation.html,/blog/islamic-dream-interpretation.html,LOW,reference,MONITOR,GSC_SEARCH_ANALYTICS_2026-06-02_TO_2026-08-08,LOW
inshallah correct spelling,inshallah correct spelling,informational,islamic-terms,definition,United Kingdom,,none,none,none,top,GSC_IMPRESSIONS_68D:1,GSC_AVG_POSITION:48,25.7,LOW,/blog/inshallah-meaning-in-english,/blog/inshallah-meaning-in-english,LOW,definition,MONITOR,GSC_SEARCH_ANALYTICS_2026-06-02_TO_2026-08-08,LOW
inshallah language,inshallah language,informational,islamic-terms,definition,United States,,none,none,none,top,GSC_IMPRESSIONS_68D:1,GSC_AVG_POSITION:42,25.7,LOW,/blog/inshallah-meaning-in-english,/blog/inshallah-meaning-in-english,LOW,definition,MONITOR,GSC_SEARCH_ANALYTICS_2026-06-02_TO_2026-08-08,LOW
interpretation of dreams in islam,interpretation of dreams in islam,informational,islamic-general,reference,United Kingdom,,none,none,none,top,GSC_IMPRESSIONS_68D:1,GSC_AVG_POSITION:85,25.7,MEDIUM,/blog/islamic-dream-interpretation.html,/blog/islamic-dream-interpretation.html,LOW,reference,MONITOR,GSC_SEARCH_ANALYTICS_2026-06-02_TO_2026-08-08,LOW
interpretation of dreams in islam ibn sirin,interpretation of dreams in islam ibn sirin,informational,islamic-general,reference,United Kingdom,,none,none,none,top,GSC_IMPRESSIONS_68D:1,GSC_AVG_POSITION:78,25.7,MEDIUM,/blog/islamic-dream-interpretation.html,/blog/islamic-dream-interpretation.html,LOW,reference,MONITOR,GSC_SEARCH_ANALYTICS_2026-06-02_TO_2026-08-08,LOW
interpretation of dreams islam,interpretation of dreams islam,informational,islamic-general,reference,United Kingdom,,none,none,none,top,GSC_IMPRESSIONS_68D:1,GSC_AVG_POSITION:87,25.7,MEDIUM,/blog/islamic-dream-interpretation.html,/blog/islamic-dream-interpretation.html,LOW,reference,MONITOR,GSC_SEARCH_ANALYTICS_2026-06-02_TO_2026-08-08,LOW
interpretation of dreams islamic,interpretation of dreams islamic,informational,islamic-general,reference,United States,,none,none,none,top,GSC_IMPRESSIONS_68D:1,GSC_AVG_POSITION:84,25.7,MEDIUM,/blog/islamic-dream-interpretation.html,/blog/islamic-dream-interpretation.html,LOW,reference,MONITOR,GSC_SEARCH_ANALYTICS_2026-06-02_TO_2026-08-08,LOW
interpretations of dreams in islam,interpretations of dreams in islam,informational,islamic-general,reference,United Kingdom,,none,none,none,top,GSC_IMPRESSIONS_68D:1,GSC_AVG_POSITION:87,25.7,MEDIUM,/blog/islamic-dream-interpretation.html,/blog/islamic-dream-interpretation.html,LOW,reference,MONITOR,GSC_SEARCH_ANALYTICS_2026-06-02_TO_2026-08-08,LOW
islamic calendar months list,islamic calendar months list,informational,islamic-calendar,reference,United States,,none,none,none,top,GSC_IMPRESSIONS_68D:1,GSC_AVG_POSITION:89,25.7,MEDIUM,/blog/islamic-months-names-in-order,/blog/islamic-months-names-in-order,LOW,reference,MONITOR,GSC_SEARCH_ANALYTICS_2026-06-02_TO_2026-08-08,LOW
islamic dream interpretation ibn sirin,islamic dream interpretation ibn sirin,informational,islamic-general,reference,United Kingdom,,none,none,none,top,GSC_IMPRESSIONS_68D:1,GSC_AVG_POSITION:70,25.7,MEDIUM,/blog/islamic-dream-interpretation.html,/blog/islamic-dream-interpretation.html,LOW,reference,MONITOR,GSC_SEARCH_ANALYTICS_2026-06-02_TO_2026-08-08,LOW
islamic dream interpretation sunni,islamic dream interpretation sunni,informational,islamic-general,reference,United Kingdom,,none,none,none,top,GSC_IMPRESSIONS_68D:1,GSC_AVG_POSITION:71,25.7,MEDIUM,/blog/islamic-dream-interpretation.html,/blog/islamic-dream-interpretation.html,LOW,reference,MONITOR,GSC_SEARCH_ANALYTICS_2026-06-02_TO_2026-08-08,LOW
islamic dreams and interpretations,islamic dreams and interpretations,informational,islamic-general,reference,United States,,none,none,none,top,GSC_IMPRESSIONS_68D:1,GSC_AVG_POSITION:81,25.7,MEDIUM,/blog/islamic-dream-interpretation.html,/blog/islamic-dream-interpretation.html,LOW,reference,MONITOR,GSC_SEARCH_ANALYTICS_2026-06-02_TO_2026-08-08,LOW
islamic dreams and meanings,islamic dreams and meanings,informational,islamic-general,reference,United Kingdom,,none,none,none,top,GSC_IMPRESSIONS_68D:1,GSC_AVG_POSITION:82,25.7,MEDIUM,/blog/islamic-dream-interpretation.html,/blog/islamic-dream-interpretation.html,LOW,reference,MONITOR,GSC_SEARCH_ANALYTICS_2026-06-02_TO_2026-08-08,LOW
islamic explanation of dreams,islamic explanation of dreams,informational,islamic-general,reference,United Kingdom,,none,none,none,top,GSC_IMPRESSIONS_68D:1,GSC_AVG_POSITION:87,25.7,MEDIUM,/blog/islamic-dream-interpretation.html,/blog/islamic-dream-interpretation.html,LOW,reference,MONITOR,GSC_SEARCH_ANALYTICS_2026-06-02_TO_2026-08-08,LOW
islamic interpretations of dreams,islamic interpretations of dreams,informational,islamic-general,reference,United Kingdom,,none,none,none,top,GSC_IMPRESSIONS_68D:1,GSC_AVG_POSITION:80,25.7,MEDIUM,/blog/islamic-dream-interpretation.html,/blog/islamic-dream-interpretation.html,LOW,reference,MONITOR,GSC_SEARCH_ANALYTICS_2026-06-02_TO_2026-08-08,LOW
islamic months of the year,islamic months of the year,informational,islamic-calendar,reference,United States,,none,none,none,top,GSC_IMPRESSIONS_68D:1,GSC_AVG_POSITION:94,25.7,MEDIUM,/blog/islamic-months-names-in-order,/blog/islamic-months-names-in-order,LOW,reference,MONITOR,GSC_SEARCH_ANALYTICS_2026-06-02_TO_2026-08-08,LOW
islamic phrases in arabic,islamic phrases in arabic,informational,islamic-general,reference,United Kingdom,,none,none,none,top,GSC_IMPRESSIONS_68D:1,GSC_AVG_POSITION:64,25.7,MEDIUM,/blog/islamic-phrases-meaning,/blog/islamic-phrases-meaning,LOW,reference,MONITOR,GSC_SEARCH_ANALYTICS_2026-06-02_TO_2026-08-08,LOW
islamic signs of the day of judgement,islamic signs of the day of judgement,informational,islamic-general,reference,United Kingdom,,none,none,none,top,GSC_IMPRESSIONS_68D:1,GSC_AVG_POSITION:75,25.7,MEDIUM,/blog/signs-of-qiyamah.html,/blog/signs-of-qiyamah.html,LOW,reference,MONITOR,GSC_SEARCH_ANALYTICS_2026-06-02_TO_2026-08-08,LOW
judgement day signs islam,judgement day signs islam,informational,islamic-general,reference,United Kingdom,,none,none,none,top,GSC_IMPRESSIONS_68D:1,GSC_AVG_POSITION:89,25.7,MEDIUM,/blog/signs-of-qiyamah.html,/blog/signs-of-qiyamah.html,LOW,reference,MONITOR,GSC_SEARCH_ANALYTICS_2026-06-02_TO_2026-08-08,LOW
kalima of islam,kalima of islam,informational,islamic-general,reference,UKR,,none,none,none,top,GSC_IMPRESSIONS_68D:1,GSC_AVG_POSITION:36,25.7,LOW,/blog/six-kalimas-of-islam,/blog/six-kalimas-of-islam,LOW,reference,MONITOR,GSC_SEARCH_ANALYTICS_2026-06-02_TO_2026-08-08,LOW
leaving home dua,leaving home dua,informational,duas-supplications,guide,HKG,,none,none,none,top,GSC_IMPRESSIONS_68D:1,GSC_AVG_POSITION:43,25.7,LOW,/blog/dua-entering-leaving-home,/blog/dua-entering-leaving-home,LOW,guide,MONITOR,GSC_SEARCH_ANALYTICS_2026-06-02_TO_2026-08-08,LOW
list of hijri months,list of hijri months,informational,islamic-calendar,reference,United States,,none,none,none,top,GSC_IMPRESSIONS_68D:1,GSC_AVG_POSITION:99,25.7,MEDIUM,/blog/islamic-months-names-in-order,/blog/islamic-months-names-in-order,LOW,reference,MONITOR,GSC_SEARCH_ANALYTICS_2026-06-02_TO_2026-08-08,LOW
list of islamic months,list of islamic months,informational,islamic-calendar,reference,United States,,none,none,none,top,GSC_IMPRESSIONS_68D:1,GSC_AVG_POSITION:86,25.7,MEDIUM,/blog/islamic-months-names-in-order,/blog/islamic-months-names-in-order,LOW,reference,MONITOR,GSC_SEARCH_ANALYTICS_2026-06-02_TO_2026-08-08,LOW
months of the islamic year,months of the islamic year,informational,islamic-general,reference,United Kingdom,,none,none,none,top,GSC_IMPRESSIONS_68D:1,GSC_AVG_POSITION:82,25.7,MEDIUM,/blog/islamic-months-names-in-order,/blog/islamic-months-names-in-order,LOW,reference,MONITOR,GSC_SEARCH_ANALYTICS_2026-06-02_TO_2026-08-08,LOW
morning and evening adhkar,morning and evening adhkar,informational,unclustered,unknown,India,,none,none,scheduling,top,GSC_IMPRESSIONS_68D:1,GSC_AVG_POSITION:44,25.7,MEDIUM,/blog/morning-evening-adhkar-dhikr,/blog/morning-evening-adhkar-dhikr,LOW,unknown,MONITOR,GSC_SEARCH_ANALYTICS_2026-06-02_TO_2026-08-08,LOW
my islamic dream interpretation ibn sirin,my islamic dream interpretation ibn sirin,informational,islamic-general,reference,United Kingdom,,none,none,none,top,GSC_IMPRESSIONS_68D:1,GSC_AVG_POSITION:66,25.7,MEDIUM,/blog/islamic-dream-interpretation.html,/blog/islamic-dream-interpretation.html,LOW,reference,MONITOR,GSC_SEARCH_ANALYTICS_2026-06-02_TO_2026-08-08,LOW
name of islamic calendar,name of islamic calendar,informational,islamic-calendar,reference,United States,,none,none,none,top,GSC_IMPRESSIONS_68D:1,GSC_AVG_POSITION:85,25.7,MEDIUM,/blog/islamic-months-names-in-order,/blog/islamic-months-names-in-order,LOW,reference,MONITOR,GSC_SEARCH_ANALYTICS_2026-06-02_TO_2026-08-08,LOW
ninety nine name of allah,ninety nine name of allah,informational,islamic-general,reference,United Kingdom,,none,none,none,top,GSC_IMPRESSIONS_68D:1,GSC_AVG_POSITION:75,25.7,MEDIUM,/blog/99-names-of-allah-asmaul-husna.html,/blog/99-names-of-allah-asmaul-husna.html,LOW,reference,MONITOR,GSC_SEARCH_ANALYTICS_2026-06-02_TO_2026-08-08,LOW
quran singapore,quran singapore,informational,islamic-general,reference,Singapore,,none,none,none,top,GSC_IMPRESSIONS_68D:1,GSC_AVG_POSITION:66,25.7,LOW,/locations/online-quran-classes-singapore,/locations/online-quran-classes-singapore,LOW,reference,MONITOR,GSC_SEARCH_ANALYTICS_2026-06-02_TO_2026-08-08,LOW
sick people dua,sick people dua,informational,duas-supplications,guide,India,,none,none,none,top,GSC_IMPRESSIONS_68D:1,GSC_AVG_POSITION:27,25.7,LOW,/blog/dua-for-sick-person-arabic-english,/blog/dua-for-sick-person-arabic-english,LOW,guide,MONITOR,GSC_SEARCH_ANALYTICS_2026-06-02_TO_2026-08-08,LOW
signs of judgement day,signs of judgement day,informational,unclustered,unknown,United Kingdom,,none,none,none,top,GSC_IMPRESSIONS_68D:1,GSC_AVG_POSITION:69,25.7,MEDIUM,/blog/signs-of-qiyamah.html,/blog/signs-of-qiyamah.html,LOW,unknown,MONITOR,GSC_SEARCH_ANALYTICS_2026-06-02_TO_2026-08-08,LOW
signs of judgment day in islam,signs of judgment day in islam,informational,islamic-general,reference,United Kingdom,,none,none,none,top,GSC_IMPRESSIONS_68D:1,GSC_AVG_POSITION:69,25.7,MEDIUM,/blog/signs-of-qiyamah.html,/blog/signs-of-qiyamah.html,LOW,reference,MONITOR,GSC_SEARCH_ANALYTICS_2026-06-02_TO_2026-08-08,LOW
signs of judgment day islam,signs of judgment day islam,informational,islamic-general,reference,United Kingdom,,none,none,none,top,GSC_IMPRESSIONS_68D:1,GSC_AVG_POSITION:77,25.7,MEDIUM,/blog/signs-of-qiyamah.html,/blog/signs-of-qiyamah.html,LOW,reference,MONITOR,GSC_SEARCH_ANALYTICS_2026-06-02_TO_2026-08-08,LOW
signs of the day of judgement islam,signs of the day of judgement islam,informational,islamic-general,reference,United Kingdom,,none,none,none,top,GSC_IMPRESSIONS_68D:1,GSC_AVG_POSITION:90,25.7,MEDIUM,/blog/signs-of-qiyamah.html,/blog/signs-of-qiyamah.html,LOW,reference,MONITOR,GSC_SEARCH_ANALYTICS_2026-06-02_TO_2026-08-08,LOW
signs of the day of judgement that have happened,signs of the day of judgement that have happened,informational,unclustered,unknown,United Kingdom,,none,none,none,top,GSC_IMPRESSIONS_68D:1,GSC_AVG_POSITION:71,25.7,MEDIUM,/blog/signs-of-qiyamah.html,/blog/signs-of-qiyamah.html,LOW,unknown,MONITOR,GSC_SEARCH_ANALYTICS_2026-06-02_TO_2026-08-08,LOW
subannallah,subannallah,informational,islamic-general,reference,ETH,,none,none,none,top,GSC_IMPRESSIONS_68D:1,GSC_AVG_POSITION:27,25.7,LOW,/blog/subhanallah-meaning,/blog/subhanallah-meaning,LOW,reference,MONITOR,GSC_SEARCH_ANALYTICS_2026-06-02_TO_2026-08-08,LOW
the minor signs of the day of judgement,the minor signs of the day of judgement,informational,unclustered,unknown,United Kingdom,,none,none,none,top,GSC_IMPRESSIONS_68D:1,GSC_AVG_POSITION:84,25.7,MEDIUM,/blog/signs-of-qiyamah.html,/blog/signs-of-qiyamah.html,LOW,unknown,MONITOR,GSC_SEARCH_ANALYTICS_2026-06-02_TO_2026-08-08,LOW
traveling dua,traveling dua,informational,duas-supplications,guide,Canada,,none,none,none,top,GSC_IMPRESSIONS_68D:1,GSC_AVG_POSITION:75,25.7,LOW,/blog/safar-ki-dua-travel-dua-arabic-english,/blog/safar-ki-dua-travel-dua-arabic-english,LOW,guide,MONITOR,GSC_SEARCH_ANALYTICS_2026-06-02_TO_2026-08-08,LOW
alhamdulillah,alhamdulillah,informational,islamic-terms,definition,India,,none,none,none,top,GSC_IMPRESSIONS_68D:96,GSC_AVG_POSITION:62.6,25.6,LOW,/blog/alhamdulillah-meaning-in-english,/blog/alhamdulillah-meaning-in-english,MEDIUM,definition,MONITOR,GSC_SEARCH_ANALYTICS_2026-06-02_TO_2026-08-08,HIGH
al waqiah benefits,al waqiah benefits,informational,quran-surahs,reference,United Kingdom,,none,none,none,top,GSC_IMPRESSIONS_68D:5,GSC_AVG_POSITION:84.8,25.3,LOW,/blog/surah-waqiah-benefits,/blog/surah-waqiah-benefits,LOW,reference,MONITOR,GSC_SEARCH_ANALYTICS_2026-06-02_TO_2026-08-08,MEDIUM
inshallah urdu,inshallah urdu,informational,islamic-terms,definition,United Kingdom,,none,none,none,top,GSC_IMPRESSIONS_68D:5,GSC_AVG_POSITION:56.2,25.3,LOW,/blog/inshallah-meaning-in-english,/blog/inshallah-meaning-in-english,LOW,definition,MONITOR,GSC_SEARCH_ANALYTICS_2026-06-02_TO_2026-08-08,MEDIUM
99 names of allah with benefits,99 names of allah with benefits,informational,99-names,reference,India,,none,none,none,top,GSC_IMPRESSIONS_68D:2,GSC_AVG_POSITION:58,25.1,MEDIUM,/blog/99-names-of-allah-asmaul-husna,/blog/99-names-of-allah-asmaul-husna,LOW,reference,MONITOR,GSC_SEARCH_ANALYTICS_2026-06-02_TO_2026-08-08,LOW
allahs name 99,allahs name 99,informational,99-names,reference,BHR,,none,none,none,top,GSC_IMPRESSIONS_68D:2,GSC_AVG_POSITION:48,25.1,LOW,/blog/99-names-of-allah-asmaul-husna,/blog/99-names-of-allah-asmaul-husna,LOW,reference,MONITOR,GSC_SEARCH_ANALYTICS_2026-06-02_TO_2026-08-08,LOW
astaghfirallah,astaghfirallah,informational,islamic-terms,definition,Canada,,none,none,none,top,GSC_IMPRESSIONS_68D:2,GSC_AVG_POSITION:68.5,25.1,LOW,/blog/astaghfirullah-meaning,/blog/astaghfirullah-meaning,LOW,definition,MONITOR,GSC_SEARCH_ANALYTICS_2026-06-02_TO_2026-08-08,LOW
dream islamic interpretation,dream islamic interpretation,informational,islamic-general,reference,Belgium,,none,none,none,top,GSC_IMPRESSIONS_68D:2,GSC_AVG_POSITION:74.5,25.1,LOW,/blog/islamic-dream-interpretation.html,/blog/islamic-dream-interpretation.html,LOW,reference,MONITOR,GSC_SEARCH_ANALYTICS_2026-06-02_TO_2026-08-08,LOW
dua to relieve anxiety,dua to relieve anxiety,informational,duas-supplications,guide,Pakistan,,none,none,none,top,GSC_IMPRESSIONS_68D:2,GSC_AVG_POSITION:63.5,25.1,MEDIUM,/blog/dua-for-anxiety-stress-depression,/blog/dua-for-anxiety-stress-depression,LOW,guide,MONITOR,GSC_SEARCH_ANALYTICS_2026-06-02_TO_2026-08-08,LOW
enchalla,enchalla,informational,unclustered,unknown,Netherlands,,none,none,none,top,GSC_IMPRESSIONS_68D:2,GSC_AVG_POSITION:79.5,25.1,LOW,/blog/inshallah-meaning-in-english,/blog/inshallah-meaning-in-english,LOW,unknown,MONITOR,GSC_SEARCH_ANALYTICS_2026-06-02_TO_2026-08-08,LOW
english bismillah,english bismillah,informational,islamic-terms,definition,Malaysia,,none,none,none,top,GSC_IMPRESSIONS_68D:2,GSC_AVG_POSITION:37.5,25.1,LOW,/blog/bismillah-meaning-in-english,/blog/bismillah-meaning-in-english,LOW,definition,MONITOR,GSC_SEARCH_ANALYTICS_2026-06-02_TO_2026-08-08,LOW
inshallah in tagalog,inshallah in tagalog,informational,islamic-terms,definition,Philippines,,none,none,none,top,GSC_IMPRESSIONS_68D:2,GSC_AVG_POSITION:49.5,25.1,LOW,/blog/inshallah-meaning-in-english,/blog/inshallah-meaning-in-english,LOW,definition,MONITOR,GSC_SEARCH_ANALYTICS_2026-06-02_TO_2026-08-08,LOW
tahajud,tahajud,informational,unclustered,unknown,Netherlands,,none,none,none,top,GSC_IMPRESSIONS_68D:2,GSC_AVG_POSITION:65.5,25.1,LOW,/blog/tahajjud-prayer,/blog/tahajjud-prayer,LOW,unknown,MONITOR,GSC_SEARCH_ANALYTICS_2026-06-02_TO_2026-08-08,LOW
tahiyat,tahiyat,informational,salah-prayer,guide,United Kingdom,,none,none,none,top,GSC_IMPRESSIONS_68D:2,GSC_AVG_POSITION:66.5,25.1,LOW,/blog/attahiyat-full-arabic-english-tashahhud,/blog/attahiyat-full-arabic-english-tashahhud,LOW,guide,MONITOR,GSC_SEARCH_ANALYTICS_2026-06-02_TO_2026-08-08,LOW
translate alhamdulillah from arabic,translate alhamdulillah from arabic,informational,islamic-terms,definition,Saudi Arabia,,none,none,none,top,GSC_IMPRESSIONS_68D:2,GSC_AVG_POSITION:68.5,25.1,MEDIUM,/blog/alhamdulillah-meaning-in-english.html,/blog/alhamdulillah-meaning-in-english.html,LOW,definition,MONITOR,GSC_SEARCH_ANALYTICS_2026-06-02_TO_2026-08-08,LOW
wudu steps,wudu steps,informational,salah-prayer,guide,United States,,none,none,none,top,GSC_IMPRESSIONS_68D:2,GSC_AVG_POSITION:90.5,25.1,LOW,/blog/how-to-do-wudu-step-by-step,/blog/how-to-do-wudu-step-by-step,LOW,guide,MONITOR,GSC_SEARCH_ANALYTICS_2026-06-02_TO_2026-08-08,LOW
12 islamic months,12 islamic months,informational,islamic-calendar,reference,India,,none,none,none,top,GSC_IMPRESSIONS_68D:4,GSC_AVG_POSITION:30.2,24.9,LOW,/blog/islamic-months-names-in-order,/blog/islamic-months-names-in-order,LOW,reference,MONITOR,GSC_SEARCH_ANALYTICS_2026-06-02_TO_2026-08-08,MEDIUM
dua for anxiety,dua for anxiety,informational,duas-supplications,guide,United States,,none,none,none,top,GSC_IMPRESSIONS_68D:4,GSC_AVG_POSITION:72.2,24.9,LOW,/blog/dua-for-anxiety-stress-depression,/blog/dua-for-anxiety-stress-depression,LOW,guide,MONITOR,GSC_SEARCH_ANALYTICS_2026-06-02_TO_2026-08-08,MEDIUM
dua for stress,dua for stress,informational,duas-supplications,guide,India,,none,none,none,top,GSC_IMPRESSIONS_68D:4,GSC_AVG_POSITION:46.2,24.9,LOW,/blog/dua-for-anxiety-stress-depression,/blog/dua-for-anxiety-stress-depression,LOW,guide,MONITOR,GSC_SEARCH_ANALYTICS_2026-06-02_TO_2026-08-08,MEDIUM
hasbunallahu wa ni'mal wakeel,hasbunallahu wa ni'mal wakeel,informational,islamic-general,reference,India,,none,none,none,top,GSC_IMPRESSIONS_68D:4,GSC_AVG_POSITION:53,24.9,MEDIUM,/blog/hasbunallahu-wa-nimal-wakeel-meaning,/blog/hasbunallahu-wa-nimal-wakeel-meaning,LOW,reference,MONITOR,GSC_SEARCH_ANALYTICS_2026-06-02_TO_2026-08-08,MEDIUM
inshallah in urdu,inshallah in urdu,informational,islamic-terms,definition,United Kingdom,,none,none,none,top,GSC_IMPRESSIONS_68D:4,GSC_AVG_POSITION:55.8,24.9,LOW,/blog/inshallah-meaning-in-english,/blog/inshallah-meaning-in-english,LOW,definition,MONITOR,GSC_SEARCH_ANALYTICS_2026-06-02_TO_2026-08-08,MEDIUM
99 allah names,99 allah names,informational,99-names,reference,United States,,none,none,none,top,GSC_IMPRESSIONS_68D:3,GSC_AVG_POSITION:57.3,24.4,LOW,/blog/99-names-of-allah-asmaul-husna,/blog/99-names-of-allah-asmaul-husna,LOW,reference,MONITOR,GSC_SEARCH_ANALYTICS_2026-06-02_TO_2026-08-08,MEDIUM
astaghfar,astaghfar,informational,duas-supplications,guide,United States,,none,none,none,top,GSC_IMPRESSIONS_68D:3,GSC_AVG_POSITION:63.7,24.4,LOW,/blog/astaghfirullah-meaning,/blog/astaghfirullah-meaning,LOW,guide,MONITOR,GSC_SEARCH_ANALYTICS_2026-06-02_TO_2026-08-08,MEDIUM
astaghfurallah,astaghfurallah,informational,islamic-general,reference,Canada,,none,none,none,top,GSC_IMPRESSIONS_68D:3,GSC_AVG_POSITION:65,24.4,LOW,/blog/astaghfirullah-meaning.html,/blog/astaghfirullah-meaning.html,MEDIUM,reference,MONITOR,GSC_SEARCH_ANALYTICS_2026-06-02_TO_2026-08-08,MEDIUM
dua for kids,dua for kids,informational,duas-supplications,guide,Pakistan,,kids,none,none,top,GSC_IMPRESSIONS_68D:3,GSC_AVG_POSITION:40.3,24.4,LOW,/blog/duas-for-kids-to-memorize,/blog/duas-for-kids-to-memorize,LOW,guide,MONITOR,GSC_SEARCH_ANALYTICS_2026-06-02_TO_2026-08-08,MEDIUM
hamdulillah,hamdulillah,informational,islamic-terms,definition,United Kingdom,,none,none,none,top,GSC_IMPRESSIONS_68D:7,GSC_AVG_POSITION:66.3,24.4,LOW,/blog/alhamdulillah-meaning-in-english,/blog/alhamdulillah-meaning-in-english,LOW,definition,MONITOR,GSC_SEARCH_ANALYTICS_2026-06-02_TO_2026-08-08,MEDIUM
inshallah.,inshallah.,informational,islamic-terms,definition,United States,,none,none,none,top,GSC_IMPRESSIONS_68D:3,GSC_AVG_POSITION:53.3,24.4,LOW,/blog/inshallah-meaning-in-english,/blog/inshallah-meaning-in-english,LOW,definition,MONITOR,GSC_SEARCH_ANALYTICS_2026-06-02_TO_2026-08-08,MEDIUM
ish allah,ish allah,informational,islamic-general,reference,ETH,,none,none,none,top,GSC_IMPRESSIONS_68D:3,GSC_AVG_POSITION:48.3,24.4,LOW,/blog/inshallah-meaning-in-english,/blog/inshallah-meaning-in-english,LOW,reference,MONITOR,GSC_SEARCH_ANALYTICS_2026-06-02_TO_2026-08-08,MEDIUM
mashallah,mashallah,informational,islamic-terms,definition,United States,,none,none,none,top,GSC_IMPRESSIONS_68D:7,GSC_AVG_POSITION:79.7,24.4,LOW,/blog/mashallah-meaning.html,/blog/mashallah-meaning.html,LOW,definition,MONITOR,GSC_SEARCH_ANALYTICS_2026-06-02_TO_2026-08-08,MEDIUM
akbar arabic,akbar arabic,informational,islamic-general,reference,United States,,none,none,none,top,GSC_IMPRESSIONS_68D:1,GSC_AVG_POSITION:41,24.3,LOW,/blog/allahu-akbar-meaning-in-english,/blog/allahu-akbar-meaning-in-english,LOW,reference,MONITOR,GSC_SEARCH_ANALYTICS_2026-06-02_TO_2026-08-08,LOW
al tahiat,al tahiat,informational,unclustered,unknown,United Kingdom,,none,none,none,top,GSC_IMPRESSIONS_68D:1,GSC_AVG_POSITION:41,24.3,LOW,/blog/attahiyat-full-arabic-english-tashahhud,/blog/attahiyat-full-arabic-english-tashahhud,LOW,unknown,MONITOR,GSC_SEARCH_ANALYTICS_2026-06-02_TO_2026-08-08,LOW
ask dream interpretation islam,ask dream interpretation islam,informational,islamic-general,reference,MUS,,none,none,none,top,GSC_IMPRESSIONS_68D:1,GSC_AVG_POSITION:78,24.3,MEDIUM,/blog/islamic-dream-interpretation.html,/blog/islamic-dream-interpretation.html,LOW,reference,MONITOR,GSC_SEARCH_ANALYTICS_2026-06-02_TO_2026-08-08,LOW
astagfiruallah,astagfiruallah,informational,islamic-terms,definition,Canada,,none,none,none,top,GSC_IMPRESSIONS_68D:1,GSC_AVG_POSITION:62,24.3,LOW,/blog/astaghfirullah-meaning,/blog/astaghfirullah-meaning,LOW,definition,MONITOR,GSC_SEARCH_ANALYTICS_2026-06-02_TO_2026-08-08,LOW
astagfurullah,astagfurullah,informational,unclustered,unknown,United Kingdom,,none,none,none,top,GSC_IMPRESSIONS_68D:1,GSC_AVG_POSITION:50,24.3,LOW,/blog/astaghfirullah-meaning,/blog/astaghfirullah-meaning,LOW,unknown,MONITOR,GSC_SEARCH_ANALYTICS_2026-06-02_TO_2026-08-08,LOW
barakallahu feek reply,barakallahu feek reply,informational,islamic-terms,definition,India,,none,none,none,top,GSC_IMPRESSIONS_68D:1,GSC_AVG_POSITION:35,24.3,LOW,/blog/barakallah-meaning,/blog/barakallah-meaning,LOW,definition,MONITOR,GSC_SEARCH_ANALYTICS_2026-06-02_TO_2026-08-08,LOW
depression dua,depression dua,informational,duas-supplications,guide,United States,,none,none,none,top,GSC_IMPRESSIONS_68D:1,GSC_AVG_POSITION:51,24.3,LOW,/blog/dua-for-anxiety-stress-depression,/blog/dua-for-anxiety-stress-depression,LOW,guide,MONITOR,GSC_SEARCH_ANALYTICS_2026-06-02_TO_2026-08-08,LOW
douaa safar,douaa safar,informational,unclustered,unknown,UAE,,none,none,none,top,GSC_IMPRESSIONS_68D:1,GSC_AVG_POSITION:37,24.3,LOW,/blog/safar-ki-dua-travel-dua-arabic-english,/blog/safar-ki-dua-travel-dua-arabic-english,LOW,unknown,MONITOR,GSC_SEARCH_ANALYTICS_2026-06-02_TO_2026-08-08,LOW
dua istikhara,dua istikhara,informational,duas-supplications,guide,UAE,,none,none,none,top,GSC_IMPRESSIONS_68D:1,GSC_AVG_POSITION:46,24.3,LOW,/blog/dua-e-istikhara,/blog/dua-e-istikhara,LOW,guide,MONITOR,GSC_SEARCH_ANALYTICS_2026-06-02_TO_2026-08-08,LOW
dua when stressed,dua when stressed,informational,duas-supplications,guide,United States,,none,none,none,top,GSC_IMPRESSIONS_68D:1,GSC_AVG_POSITION:54,24.3,LOW,/blog/dua-for-anxiety-stress-depression,/blog/dua-for-anxiety-stress-depression,LOW,guide,MONITOR,GSC_SEARCH_ANALYTICS_2026-06-02_TO_2026-08-08,LOW
duas for distress,duas for distress,informational,duas-supplications,guide,United States,,none,none,none,top,GSC_IMPRESSIONS_68D:1,GSC_AVG_POSITION:57,24.3,LOW,/blog/dua-for-anxiety-stress-depression,/blog/dua-for-anxiety-stress-depression,LOW,guide,MONITOR,GSC_SEARCH_ANALYTICS_2026-06-02_TO_2026-08-08,LOW
durood sharif transliteration,durood sharif transliteration,informational,duas-supplications,guide,Saudi Arabia,,none,none,none,top,GSC_IMPRESSIONS_68D:1,GSC_AVG_POSITION:43,24.3,LOW,/blog/darood-sharif,/blog/darood-sharif,LOW,guide,MONITOR,GSC_SEARCH_ANALYTICS_2026-06-02_TO_2026-08-08,LOW
ghusl how to,ghusl how to,informational,salah-prayer,guide,United States,,none,none,none,top,GSC_IMPRESSIONS_68D:1,GSC_AVG_POSITION:62,24.3,LOW,/blog/how-to-do-ghusl-step-by-step,/blog/how-to-do-ghusl-step-by-step,LOW,guide,MONITOR,GSC_SEARCH_ANALYTICS_2026-06-02_TO_2026-08-08,LOW
imshallah,imshallah,informational,islamic-general,reference,United States,,none,none,none,top,GSC_IMPRESSIONS_68D:1,GSC_AVG_POSITION:41,24.3,LOW,/blog/inshallah-meaning-in-english,/blog/inshallah-meaning-in-english,LOW,reference,MONITOR,GSC_SEARCH_ANALYTICS_2026-06-02_TO_2026-08-08,LOW
inshalla,inshalla,informational,unclustered,unknown,Netherlands,,none,none,none,top,GSC_IMPRESSIONS_68D:1,GSC_AVG_POSITION:78,24.3,LOW,/blog/inshallah-meaning-in-english,/blog/inshallah-meaning-in-english,LOW,unknown,MONITOR,GSC_SEARCH_ANALYTICS_2026-06-02_TO_2026-08-08,LOW
inshallah matlab,inshallah matlab,informational,islamic-terms,definition,India,,none,none,none,top,GSC_IMPRESSIONS_68D:1,GSC_AVG_POSITION:24,24.3,LOW,/blog/inshallah-meaning-in-english,/blog/inshallah-meaning-in-english,LOW,definition,MONITOR,GSC_SEARCH_ANALYTICS_2026-06-02_TO_2026-08-08,LOW
istikhara dua arabic,istikhara dua arabic,informational,duas-supplications,guide,United Kingdom,,none,none,none,top,GSC_IMPRESSIONS_68D:1,GSC_AVG_POSITION:55,24.3,LOW,/blog/dua-e-istikhara,/blog/dua-e-istikhara,LOW,guide,MONITOR,GSC_SEARCH_ANALYTICS_2026-06-02_TO_2026-08-08,LOW
muslim months,muslim months,informational,islamic-general,reference,Netherlands,,none,none,none,top,GSC_IMPRESSIONS_68D:1,GSC_AVG_POSITION:83,24.3,LOW,/blog/islamic-months-names-in-order,/blog/islamic-months-names-in-order,LOW,reference,MONITOR,GSC_SEARCH_ANALYTICS_2026-06-02_TO_2026-08-08,LOW
names allah 99 meanings,names allah 99 meanings,informational,islamic-general,reference,KEN,,none,none,none,top,GSC_IMPRESSIONS_68D:1,GSC_AVG_POSITION:69,24.3,MEDIUM,/blog/99-names-of-allah-asmaul-husna,/blog/99-names-of-allah-asmaul-husna,LOW,reference,MONITOR,GSC_SEARCH_ANALYTICS_2026-06-02_TO_2026-08-08,LOW
pronunciation of alhamdulillah,pronunciation of alhamdulillah,informational,islamic-terms,definition,Canada,,none,none,none,top,GSC_IMPRESSIONS_68D:1,GSC_AVG_POSITION:64,24.3,LOW,/blog/alhamdulillah-meaning-in-english.html,/blog/alhamdulillah-meaning-in-english.html,LOW,definition,MONITOR,GSC_SEARCH_ANALYTICS_2026-06-02_TO_2026-08-08,LOW
sapanallah,sapanallah,informational,islamic-general,reference,United Kingdom,,none,none,none,top,GSC_IMPRESSIONS_68D:1,GSC_AVG_POSITION:48,24.3,LOW,/blog/subhanallah-meaning,/blog/subhanallah-meaning,LOW,reference,MONITOR,GSC_SEARCH_ANALYTICS_2026-06-02_TO_2026-08-08,LOW
spelling of inshallah,spelling of inshallah,informational,islamic-terms,definition,India,,none,none,none,top,GSC_IMPRESSIONS_68D:1,GSC_AVG_POSITION:36,24.3,LOW,/blog/inshallah-meaning-in-english,/blog/inshallah-meaning-in-english,LOW,definition,MONITOR,GSC_SEARCH_ANALYTICS_2026-06-02_TO_2026-08-08,LOW
subhanah,subhanah,informational,islamic-terms,definition,Canada,,none,none,none,top,GSC_IMPRESSIONS_68D:1,GSC_AVG_POSITION:71,24.3,LOW,/blog/subhanallah-meaning,/blog/subhanallah-meaning,LOW,definition,MONITOR,GSC_SEARCH_ANALYTICS_2026-06-02_TO_2026-08-08,LOW
tahajjud salaah,tahajjud salaah,informational,salah-prayer,guide,United States,,none,none,none,top,GSC_IMPRESSIONS_68D:1,GSC_AVG_POSITION:69,24.3,LOW,/blog/tahajjud-prayer,/blog/tahajjud-prayer,LOW,guide,MONITOR,GSC_SEARCH_ANALYTICS_2026-06-02_TO_2026-08-08,LOW
the 99 names,the 99 names,informational,99-names,reference,Australia,,none,none,none,top,GSC_IMPRESSIONS_68D:1,GSC_AVG_POSITION:72,24.3,LOW,/blog/99-names-of-allah-asmaul-husna,/blog/99-names-of-allah-asmaul-husna,LOW,reference,MONITOR,GSC_SEARCH_ANALYTICS_2026-06-02_TO_2026-08-08,LOW
wa in arabic,wa in arabic,informational,islamic-general,reference,United States,,none,none,none,top,GSC_IMPRESSIONS_68D:1,GSC_AVG_POSITION:48,24.3,LOW,/noorani-qaida/arabic-letters/waw,/noorani-qaida/arabic-letters/waw,LOW,reference,MONITOR,GSC_SEARCH_ANALYTICS_2026-06-02_TO_2026-08-08,LOW
استغفر الله بالانجليزي,استغفر الله بالانجليزي,informational,unclustered,unknown,Saudi Arabia,,none,none,none,top,GSC_IMPRESSIONS_68D:1,GSC_AVG_POSITION:34,24.3,LOW,/blog/astaghfirullah-meaning,/blog/astaghfirullah-meaning,LOW,unknown,MONITOR,GSC_SEARCH_ANALYTICS_2026-06-02_TO_2026-08-08,LOW
استغفر الله بالانجليزي معرب,استغفر الله بالانجليزي معرب,informational,unclustered,unknown,Qatar,,none,none,none,top,GSC_IMPRESSIONS_68D:1,GSC_AVG_POSITION:59,24.3,MEDIUM,/blog/astaghfirullah-meaning.html,/blog/astaghfirullah-meaning.html,LOW,unknown,MONITOR,GSC_SEARCH_ANALYTICS_2026-06-02_TO_2026-08-08,LOW
دعاء السفر بالانجليزي,دعاء السفر بالانجليزي,informational,unclustered,unknown,Canada,,none,none,none,top,GSC_IMPRESSIONS_68D:1,GSC_AVG_POSITION:58,24.3,LOW,/blog/safar-ki-dua-travel-dua-arabic-english,/blog/safar-ki-dua-travel-dua-arabic-english,LOW,unknown,MONITOR,GSC_SEARCH_ANALYTICS_2026-06-02_TO_2026-08-08,LOW
আলহামদুলিল্লাহ english,আলহামদুলিল্লাহ english,informational,unclustered,unknown,Saudi Arabia,,none,none,none,top,GSC_IMPRESSIONS_68D:1,GSC_AVG_POSITION:38,24.3,LOW,/blog/alhamdulillah-meaning-in-english,/blog/alhamdulillah-meaning-in-english,LOW,unknown,MONITOR,GSC_SEARCH_ANALYTICS_2026-06-02_TO_2026-08-08,LOW
arabic inshallah,arabic inshallah,informational,islamic-terms,definition,Sri Lanka,,none,none,none,top,GSC_IMPRESSIONS_68D:5,GSC_AVG_POSITION:54,23.9,LOW,/blog/inshallah-meaning-in-english,/blog/inshallah-meaning-in-english,LOW,definition,MONITOR,GSC_SEARCH_ANALYTICS_2026-06-02_TO_2026-08-08,MEDIUM
ghusal steps,ghusal steps,informational,unclustered,unknown,Pakistan,,none,none,none,top,GSC_IMPRESSIONS_68D:2,GSC_AVG_POSITION:27.5,23.7,LOW,/blog/how-to-do-ghusl-step-by-step,/blog/how-to-do-ghusl-step-by-step,LOW,unknown,MONITOR,GSC_SEARCH_ANALYTICS_2026-06-02_TO_2026-08-08,LOW
alhamdullilah,alhamdullilah,informational,unclustered,unknown,Canada,,none,none,none,top,GSC_IMPRESSIONS_68D:2,GSC_AVG_POSITION:70.5,23.7,LOW,/blog/alhamdulillah-meaning-in-english,/blog/alhamdulillah-meaning-in-english,MEDIUM,unknown,MONITOR,GSC_SEARCH_ANALYTICS_2026-06-02_TO_2026-08-08,LOW
allah akbar,allah akbar,informational,islamic-general,reference,India,,none,none,none,top,GSC_IMPRESSIONS_68D:2,GSC_AVG_POSITION:22.5,23.7,LOW,/blog/allahu-akbar-meaning-in-english,/blog/allahu-akbar-meaning-in-english,LOW,reference,MONITOR,GSC_SEARCH_ANALYTICS_2026-06-02_TO_2026-08-08,LOW
astagfurillah,astagfurillah,informational,unclustered,unknown,Australia,,none,none,none,top,GSC_IMPRESSIONS_68D:2,GSC_AVG_POSITION:66.5,23.7,LOW,/blog/astaghfirullah-meaning.html,/blog/astaghfirullah-meaning.html,LOW,unknown,MONITOR,GSC_SEARCH_ANALYTICS_2026-06-02_TO_2026-08-08,LOW
barakallahu feek,barakallahu feek,informational,islamic-terms,definition,United States,,none,none,none,top,GSC_IMPRESSIONS_68D:2,GSC_AVG_POSITION:53.5,23.7,LOW,/blog/barakallah-meaning,/blog/barakallah-meaning,LOW,definition,MONITOR,GSC_SEARCH_ANALYTICS_2026-06-02_TO_2026-08-08,LOW
bismilla,bismilla,informational,islamic-terms,definition,United Kingdom,,none,none,none,top,GSC_IMPRESSIONS_68D:2,GSC_AVG_POSITION:51,23.7,LOW,/blog/bismillah-meaning-in-english,/blog/bismillah-meaning-in-english,LOW,definition,MONITOR,GSC_SEARCH_ANALYTICS_2026-06-02_TO_2026-08-08,LOW
dua for safar,dua for safar,informational,duas-supplications,guide,Pakistan,,none,none,none,top,GSC_IMPRESSIONS_68D:2,GSC_AVG_POSITION:48.5,23.7,LOW,/blog/safar-ki-dua-travel-dua-arabic-english,/blog/safar-ki-dua-travel-dua-arabic-english,LOW,guide,MONITOR,GSC_SEARCH_ANALYTICS_2026-06-02_TO_2026-08-08,LOW
dua for tension,dua for tension,informational,duas-supplications,guide,Pakistan,,none,none,none,top,GSC_IMPRESSIONS_68D:2,GSC_AVG_POSITION:44.5,23.7,LOW,/blog/dua-for-anxiety-stress-depression,/blog/dua-for-anxiety-stress-depression,LOW,guide,MONITOR,GSC_SEARCH_ANALYTICS_2026-06-02_TO_2026-08-08,LOW
enshalah,enshalah,informational,islamic-terms,definition,France,,none,none,none,top,GSC_IMPRESSIONS_68D:2,GSC_AVG_POSITION:85.5,23.7,LOW,/blog/inshallah-meaning-in-english,/blog/inshallah-meaning-in-english,LOW,definition,MONITOR,GSC_SEARCH_ANALYTICS_2026-06-02_TO_2026-08-08,LOW
humduallah,humduallah,informational,islamic-general,reference,Australia,,none,none,none,top,GSC_IMPRESSIONS_68D:2,GSC_AVG_POSITION:68,23.7,LOW,/blog/alhamdulillah-meaning-in-english,/blog/alhamdulillah-meaning-in-english,LOW,reference,MONITOR,GSC_SEARCH_ANALYTICS_2026-06-02_TO_2026-08-08,LOW
inshallah def,inshallah def,informational,islamic-terms,definition,United Kingdom,,none,none,none,top,GSC_IMPRESSIONS_68D:2,GSC_AVG_POSITION:57.5,23.7,LOW,/blog/inshallah-meaning-in-english,/blog/inshallah-meaning-in-english,LOW,definition,MONITOR,GSC_SEARCH_ANALYTICS_2026-06-02_TO_2026-08-08,LOW
months of islam,months of islam,informational,islamic-general,reference,Canada,,none,none,none,top,GSC_IMPRESSIONS_68D:2,GSC_AVG_POSITION:81.5,23.7,LOW,/blog/islamic-months-names-in-order,/blog/islamic-months-names-in-order,LOW,reference,MONITOR,GSC_SEARCH_ANALYTICS_2026-06-02_TO_2026-08-08,LOW
stress dua,stress dua,informational,duas-supplications,guide,Pakistan,,none,none,none,top,GSC_IMPRESSIONS_68D:2,GSC_AVG_POSITION:44.5,23.7,LOW,/blog/dua-for-anxiety-stress-depression,/blog/dua-for-anxiety-stress-depression,LOW,guide,MONITOR,GSC_SEARCH_ANALYTICS_2026-06-02_TO_2026-08-08,LOW
surah waqiah benefits,surah waqiah benefits,informational,quran-surahs,reference,India,,none,none,none,top,GSC_IMPRESSIONS_68D:20,GSC_AVG_POSITION:87.2,23.7,LOW,/blog/surah-waqiah-benefits,/blog/surah-waqiah-benefits,LOW,reference,MONITOR,GSC_SEARCH_ANALYTICS_2026-06-02_TO_2026-08-08,HIGH
alhamdulillah english,alhamdulillah english,informational,islamic-terms,definition,United States,,none,none,none,top,GSC_IMPRESSIONS_68D:3,GSC_AVG_POSITION:70.3,23.0,LOW,/blog/alhamdulillah-meaning-in-english,/blog/alhamdulillah-meaning-in-english,LOW,definition,MONITOR,GSC_SEARCH_ANALYTICS_2026-06-02_TO_2026-08-08,MEDIUM
allah 100 names,allah 100 names,informational,99-names,reference,Bangladesh,,none,none,none,top,GSC_IMPRESSIONS_68D:3,GSC_AVG_POSITION:43.7,23.0,LOW,/blog/99-names-of-allah-asmaul-husna,/blog/99-names-of-allah-asmaul-husna,LOW,reference,MONITOR,GSC_SEARCH_ANALYTICS_2026-06-02_TO_2026-08-08,MEDIUM
99 allahs names,99 allahs names,informational,99-names,reference,United States,,none,none,none,top,GSC_IMPRESSIONS_68D:1,GSC_AVG_POSITION:54,22.9,LOW,/blog/99-names-of-allah-asmaul-husna,/blog/99-names-of-allah-asmaul-husna,LOW,reference,MONITOR,GSC_SEARCH_ANALYTICS_2026-06-02_TO_2026-08-08,LOW
99 names for allah,99 names for allah,informational,99-names,reference,Bangladesh,,none,none,none,top,GSC_IMPRESSIONS_68D:1,GSC_AVG_POSITION:76,22.9,MEDIUM,/blog/99-names-of-allah-asmaul-husna,/blog/99-names-of-allah-asmaul-husna,LOW,reference,MONITOR,GSC_SEARCH_ANALYTICS_2026-06-02_TO_2026-08-08,LOW
99name,99name,informational,99-names,reference,United Kingdom,,none,none,none,top,GSC_IMPRESSIONS_68D:1,GSC_AVG_POSITION:51,22.9,LOW,/blog/99-names-of-allah-asmaul-husna.html,/blog/99-names-of-allah-asmaul-husna.html,LOW,reference,MONITOR,GSC_SEARCH_ANALYTICS_2026-06-02_TO_2026-08-08,LOW
alhamdillulah,alhamdillulah,informational,unclustered,unknown,Canada,,none,none,none,top,GSC_IMPRESSIONS_68D:1,GSC_AVG_POSITION:81,22.9,LOW,/blog/alhamdulillah-meaning-in-english,/blog/alhamdulillah-meaning-in-english,LOW,unknown,MONITOR,GSC_SEARCH_ANALYTICS_2026-06-02_TO_2026-08-08,LOW
alhamduililah,alhamduililah,informational,unclustered,unknown,Canada,,none,none,none,top,GSC_IMPRESSIONS_68D:1,GSC_AVG_POSITION:63,22.9,LOW,/blog/alhamdulillah-meaning-in-english,/blog/alhamdulillah-meaning-in-english,LOW,unknown,MONITOR,GSC_SEARCH_ANALYTICS_2026-06-02_TO_2026-08-08,LOW
alhumdulillah,alhumdulillah,informational,unclustered,unknown,Australia,,none,none,none,top,GSC_IMPRESSIONS_68D:1,GSC_AVG_POSITION:75,22.9,LOW,/blog/alhamdulillah-meaning-in-english.html,/blog/alhamdulillah-meaning-in-english.html,LOW,unknown,MONITOR,GSC_SEARCH_ANALYTICS_2026-06-02_TO_2026-08-08,LOW
allah akbur,allah akbur,informational,islamic-general,reference,Malaysia,,none,none,none,top,GSC_IMPRESSIONS_68D:1,GSC_AVG_POSITION:27,22.9,LOW,/blog/allahu-akbar-meaning-in-english,/blog/allahu-akbar-meaning-in-english,LOW,reference,MONITOR,GSC_SEARCH_ANALYTICS_2026-06-02_TO_2026-08-08,LOW
allah hu akbar,allah hu akbar,informational,islamic-general,reference,India,,none,none,none,top,GSC_IMPRESSIONS_68D:1,GSC_AVG_POSITION:30,22.9,LOW,/blog/allahu-akbar-meaning-in-english,/blog/allahu-akbar-meaning-in-english,LOW,reference,MONITOR,GSC_SEARCH_ANALYTICS_2026-06-02_TO_2026-08-08,LOW
allah's name 99,allah's name 99,informational,99-names,reference,United States,,none,none,none,top,GSC_IMPRESSIONS_68D:1,GSC_AVG_POSITION:53,22.9,LOW,/blog/99-names-of-allah-asmaul-husna,/blog/99-names-of-allah-asmaul-husna,LOW,reference,MONITOR,GSC_SEARCH_ANALYTICS_2026-06-02_TO_2026-08-08,LOW
allahu akbar mean,allahu akbar mean,informational,islamic-terms,definition,United States,,none,none,none,top,GSC_IMPRESSIONS_68D:1,GSC_AVG_POSITION:54,22.9,LOW,/blog/allahu-akbar-meaning-in-english,/blog/allahu-akbar-meaning-in-english,LOW,definition,MONITOR,GSC_SEARCH_ANALYTICS_2026-06-02_TO_2026-08-08,LOW
ashtaghfirullah,ashtaghfirullah,informational,unclustered,unknown,Bangladesh,,none,none,none,top,GSC_IMPRESSIONS_68D:1,GSC_AVG_POSITION:34,22.9,LOW,/blog/astaghfirullah-meaning.html,/blog/astaghfirullah-meaning.html,LOW,unknown,MONITOR,GSC_SEARCH_ANALYTICS_2026-06-02_TO_2026-08-08,LOW
astrafigullah,astrafigullah,informational,unclustered,unknown,Canada,,none,none,none,top,GSC_IMPRESSIONS_68D:1,GSC_AVG_POSITION:95,22.9,LOW,/blog/astaghfirullah-meaning.html,/blog/astaghfirullah-meaning.html,LOW,unknown,MONITOR,GSC_SEARCH_ANALYTICS_2026-06-02_TO_2026-08-08,LOW
astufallah,astufallah,informational,islamic-general,reference,Canada,,none,none,none,top,GSC_IMPRESSIONS_68D:1,GSC_AVG_POSITION:66,22.9,LOW,/blog/astaghfirullah-meaning,/blog/astaghfirullah-meaning,LOW,reference,MONITOR,GSC_SEARCH_ANALYTICS_2026-06-02_TO_2026-08-08,LOW
dua for worried,dua for worried,informational,duas-supplications,guide,United States,,none,none,none,top,GSC_IMPRESSIONS_68D:1,GSC_AVG_POSITION:69,22.9,LOW,/blog/dua-for-anxiety-stress-depression,/blog/dua-for-anxiety-stress-depression,LOW,guide,MONITOR,GSC_SEARCH_ANALYTICS_2026-06-02_TO_2026-08-08,LOW
hijri months name,hijri months name,informational,islamic-calendar,reference,Germany,,none,none,none,top,GSC_IMPRESSIONS_68D:1,GSC_AVG_POSITION:74,22.9,LOW,/blog/islamic-months-names-in-order,/blog/islamic-months-names-in-order,LOW,reference,MONITOR,GSC_SEARCH_ANALYTICS_2026-06-02_TO_2026-08-08,LOW
inshala,inshala,informational,unclustered,unknown,COL,,none,none,none,top,GSC_IMPRESSIONS_68D:1,GSC_AVG_POSITION:45,22.9,LOW,/blog/inshallah-meaning-in-english,/blog/inshallah-meaning-in-english,LOW,unknown,MONITOR,GSC_SEARCH_ANALYTICS_2026-06-02_TO_2026-08-08,LOW
islamic dreaming,islamic dreaming,informational,islamic-general,reference,Canada,,none,none,none,top,GSC_IMPRESSIONS_68D:1,GSC_AVG_POSITION:89,22.9,LOW,/blog/islamic-dream-interpretation.html,/blog/islamic-dream-interpretation.html,LOW,reference,MONITOR,GSC_SEARCH_ANALYTICS_2026-06-02_TO_2026-08-08,LOW
marsh allah,marsh allah,informational,islamic-general,reference,Canada,,none,none,none,top,GSC_IMPRESSIONS_68D:1,GSC_AVG_POSITION:78,22.9,LOW,/blog/mashallah-meaning.html,/blog/mashallah-meaning.html,LOW,reference,MONITOR,GSC_SEARCH_ANALYTICS_2026-06-02_TO_2026-08-08,LOW
mashallah correct spelling,mashallah correct spelling,informational,islamic-terms,definition,United Kingdom,,none,none,none,top,GSC_IMPRESSIONS_68D:1,GSC_AVG_POSITION:54,22.9,LOW,/blog/mashallah-meaning.html,/blog/mashallah-meaning.html,LOW,definition,MONITOR,GSC_SEARCH_ANALYTICS_2026-06-02_TO_2026-08-08,LOW
month of islam,month of islam,informational,islamic-general,reference,Germany,,none,none,none,top,GSC_IMPRESSIONS_68D:1,GSC_AVG_POSITION:94,22.9,LOW,/blog/islamic-months-names-in-order,/blog/islamic-months-names-in-order,LOW,reference,MONITOR,GSC_SEARCH_ANALYTICS_2026-06-02_TO_2026-08-08,LOW
phrases in islam,phrases in islam,informational,islamic-general,reference,Australia,,none,none,none,top,GSC_IMPRESSIONS_68D:1,GSC_AVG_POSITION:78,22.9,LOW,/blog/islamic-phrases-meaning,/blog/islamic-phrases-meaning,LOW,reference,MONITOR,GSC_SEARCH_ANALYTICS_2026-06-02_TO_2026-08-08,LOW
quran program,quran program,informational,islamic-general,reference,Australia,,none,none,none,top,GSC_IMPRESSIONS_68D:1,GSC_AVG_POSITION:77,22.9,LOW,/locations/online-quran-classes-australia,/locations/online-quran-classes-australia,LOW,reference,MONITOR,GSC_SEARCH_ANALYTICS_2026-06-02_TO_2026-08-08,LOW
subhan allah pronunciation,subhan allah pronunciation,informational,islamic-terms,definition,United States,,none,none,none,top,GSC_IMPRESSIONS_68D:1,GSC_AVG_POSITION:51,22.9,LOW,/blog/subhanallah-meaning,/blog/subhanallah-meaning,LOW,definition,MONITOR,GSC_SEARCH_ANALYTICS_2026-06-02_TO_2026-08-08,LOW
subhanallah pronunciation,subhanallah pronunciation,informational,islamic-terms,definition,United States,,none,none,none,top,GSC_IMPRESSIONS_68D:1,GSC_AVG_POSITION:52,22.9,LOW,/blog/subhanallah-meaning,/blog/subhanallah-meaning,LOW,definition,MONITOR,GSC_SEARCH_ANALYTICS_2026-06-02_TO_2026-08-08,LOW
travelling dua english,travelling dua english,informational,duas-supplications,guide,United Kingdom,,none,none,none,top,GSC_IMPRESSIONS_68D:1,GSC_AVG_POSITION:64,22.9,LOW,/blog/safar-ki-dua-travel-dua-arabic-english,/blog/safar-ki-dua-travel-dua-arabic-english,LOW,guide,MONITOR,GSC_SEARCH_ANALYTICS_2026-06-02_TO_2026-08-08,LOW
سبحان الله بالانجليزي,سبحان الله بالانجليزي,informational,unclustered,unknown,Egypt,,none,none,none,top,GSC_IMPRESSIONS_68D:1,GSC_AVG_POSITION:29,22.9,LOW,/blog/subhanallah-meaning,/blog/subhanallah-meaning,LOW,unknown,MONITOR,GSC_SEARCH_ANALYTICS_2026-06-02_TO_2026-08-08,LOW
বারাকাল্লাহ অর্থ কি,বারাকাল্লাহ অর্থ কি,informational,unclustered,unknown,Bangladesh,,none,none,none,top,GSC_IMPRESSIONS_68D:1,GSC_AVG_POSITION:21,22.9,LOW,/blog/barakallah-meaning,/blog/barakallah-meaning,LOW,unknown,MONITOR,GSC_SEARCH_ANALYTICS_2026-06-02_TO_2026-08-08,LOW
alhamdulillah in arabic,alhamdulillah in arabic,informational,islamic-terms,definition,India,,none,none,none,top,GSC_IMPRESSIONS_68D:22,GSC_AVG_POSITION:77.4,22.4,LOW,/blog/alhamdulillah-meaning-in-english.html,/blog/alhamdulillah-meaning-in-english.html,LOW,definition,MONITOR,GSC_SEARCH_ANALYTICS_2026-06-02_TO_2026-08-08,HIGH
allah names 99,allah names 99,informational,99-names,reference,Saudi Arabia,,none,none,none,top,GSC_IMPRESSIONS_68D:5,GSC_AVG_POSITION:50.4,22.4,LOW,/blog/99-names-of-allah-asmaul-husna,/blog/99-names-of-allah-asmaul-husna,LOW,reference,MONITOR,GSC_SEARCH_ANALYTICS_2026-06-02_TO_2026-08-08,MEDIUM
alahu ackbar,alahu ackbar,informational,unclustered,unknown,United States,,none,none,none,top,GSC_IMPRESSIONS_68D:2,GSC_AVG_POSITION:54,22.3,LOW,/blog/allahu-akbar-meaning-in-english,/blog/allahu-akbar-meaning-in-english,LOW,unknown,MONITOR,GSC_SEARCH_ANALYTICS_2026-06-02_TO_2026-08-08,LOW
allah names meanings,allah names meanings,informational,99-names,reference,United Kingdom,,none,none,none,top,GSC_IMPRESSIONS_68D:2,GSC_AVG_POSITION:63,22.3,LOW,/blog/99-names-of-allah-asmaul-husna,/blog/99-names-of-allah-asmaul-husna,MEDIUM,reference,MONITOR,GSC_SEARCH_ANALYTICS_2026-06-02_TO_2026-08-08,LOW
astafarallah,astafarallah,informational,islamic-terms,definition,United Kingdom,,none,none,none,top,GSC_IMPRESSIONS_68D:2,GSC_AVG_POSITION:78,22.3,LOW,/blog/astaghfirullah-meaning.html,/blog/astaghfirullah-meaning.html,LOW,definition,MONITOR,GSC_SEARCH_ANALYTICS_2026-06-02_TO_2026-08-08,LOW
bisillah,bisillah,informational,unclustered,unknown,United States,,none,none,none,top,GSC_IMPRESSIONS_68D:2,GSC_AVG_POSITION:58.5,22.3,LOW,/blog/bismillah-meaning-in-english,/blog/bismillah-meaning-in-english,LOW,unknown,MONITOR,GSC_SEARCH_ANALYTICS_2026-06-02_TO_2026-08-08,LOW
elhamdulillah,elhamdulillah,informational,islamic-terms,definition,United Kingdom,,none,none,none,top,GSC_IMPRESSIONS_68D:2,GSC_AVG_POSITION:71.5,22.3,LOW,/blog/alhamdulillah-meaning-in-english,/blog/alhamdulillah-meaning-in-english,LOW,definition,MONITOR,GSC_SEARCH_ANALYTICS_2026-06-02_TO_2026-08-08,LOW
name 99 allah,name 99 allah,informational,islamic-general,reference,United Kingdom,,none,none,none,top,GSC_IMPRESSIONS_68D:2,GSC_AVG_POSITION:58,22.3,LOW,/blog/99-names-of-allah-asmaul-husna,/blog/99-names-of-allah-asmaul-husna,MEDIUM,reference,MONITOR,GSC_SEARCH_ANALYTICS_2026-06-02_TO_2026-08-08,LOW
names of allah,names of allah,informational,99-names,reference,United Kingdom,,none,none,none,top,GSC_IMPRESSIONS_68D:2,GSC_AVG_POSITION:62.5,22.3,LOW,/blog/99-names-of-allah-asmaul-husna,/blog/99-names-of-allah-asmaul-husna,MEDIUM,reference,MONITOR,GSC_SEARCH_ANALYTICS_2026-06-02_TO_2026-08-08,LOW
quran tutors,quran tutors,informational,islamic-general,reference,Qatar,,none,none,none,top,GSC_IMPRESSIONS_68D:2,GSC_AVG_POSITION:47,22.3,LOW,/online-quran-classes/doha,/online-quran-classes/doha,LOW,reference,MONITOR,GSC_SEARCH_ANALYTICS_2026-06-02_TO_2026-08-08,LOW
spell alhamdulillah,spell alhamdulillah,informational,islamic-terms,definition,United States,,none,none,none,top,GSC_IMPRESSIONS_68D:2,GSC_AVG_POSITION:70,22.3,LOW,/blog/alhamdulillah-meaning-in-english,/blog/alhamdulillah-meaning-in-english,LOW,definition,MONITOR,GSC_SEARCH_ANALYTICS_2026-06-02_TO_2026-08-08,LOW
alhumdulliah,alhumdulliah,informational,unclustered,unknown,United States,,none,none,none,top,GSC_IMPRESSIONS_68D:4,GSC_AVG_POSITION:73.2,22.0,LOW,/blog/alhamdulillah-meaning-in-english,/blog/alhamdulillah-meaning-in-english,MEDIUM,unknown,MONITOR,GSC_SEARCH_ANALYTICS_2026-06-02_TO_2026-08-08,MEDIUM
hamdullilah,hamdullilah,informational,unclustered,unknown,United Kingdom,,none,none,none,top,GSC_IMPRESSIONS_68D:4,GSC_AVG_POSITION:66.2,22.0,LOW,/blog/alhamdulillah-meaning-in-english,/blog/alhamdulillah-meaning-in-english,MEDIUM,unknown,MONITOR,GSC_SEARCH_ANALYTICS_2026-06-02_TO_2026-08-08,MEDIUM
al-waqiah benefits,al-waqiah benefits,informational,quran-surahs,reference,UAE,,none,none,none,top,GSC_IMPRESSIONS_68D:3,GSC_AVG_POSITION:83.3,21.6,LOW,/blog/surah-waqiah-benefits,/blog/surah-waqiah-benefits,LOW,reference,MONITOR,GSC_SEARCH_ANALYTICS_2026-06-02_TO_2026-08-08,MEDIUM
hasbunallah,hasbunallah,informational,islamic-general,reference,India,,none,none,none,top,GSC_IMPRESSIONS_68D:3,GSC_AVG_POSITION:48,21.6,LOW,/blog/hasbunallahu-wa-nimal-wakeel-meaning,/blog/hasbunallahu-wa-nimal-wakeel-meaning,LOW,reference,MONITOR,GSC_SEARCH_ANALYTICS_2026-06-02_TO_2026-08-08,MEDIUM
islamically dream interpretation,islamically dream interpretation,informational,islamic-general,reference,United Kingdom,,none,none,none,top,GSC_IMPRESSIONS_68D:3,GSC_AVG_POSITION:83,21.6,LOW,/blog/islamic-dream-interpretation.html,/blog/islamic-dream-interpretation.html,LOW,reference,MONITOR,GSC_SEARCH_ANALYTICS_2026-06-02_TO_2026-08-08,MEDIUM
mashalla,mashalla,informational,unclustered,unknown,United Kingdom,,none,none,none,top,GSC_IMPRESSIONS_68D:3,GSC_AVG_POSITION:77,21.6,LOW,/blog/mashallah-meaning.html,/blog/mashallah-meaning.html,LOW,unknown,MONITOR,GSC_SEARCH_ANALYTICS_2026-06-02_TO_2026-08-08,MEDIUM
muslim sayings,muslim sayings,informational,islamic-general,reference,United States,,none,none,none,top,GSC_IMPRESSIONS_68D:3,GSC_AVG_POSITION:68.3,21.6,LOW,/blog/islamic-phrases-meaning,/blog/islamic-phrases-meaning,LOW,reference,MONITOR,GSC_SEARCH_ANALYTICS_2026-06-02_TO_2026-08-08,MEDIUM
12 months of islamic calendar,12 months of islamic calendar,informational,islamic-calendar,reference,India,,none,none,none,top,GSC_IMPRESSIONS_68D:1,GSC_AVG_POSITION:65,21.4,MEDIUM,/blog/islamic-months-names-in-order,/blog/islamic-months-names-in-order,LOW,reference,MONITOR,GSC_SEARCH_ANALYTICS_2026-06-02_TO_2026-08-08,LOW
99 name,99 name,informational,99-names,reference,United Kingdom,,none,none,none,top,GSC_IMPRESSIONS_68D:1,GSC_AVG_POSITION:86,21.4,LOW,/blog/99-names-of-allah-asmaul-husna.html,/blog/99-names-of-allah-asmaul-husna.html,LOW,reference,MONITOR,GSC_SEARCH_ANALYTICS_2026-06-02_TO_2026-08-08,LOW
99 names god,99 names god,informational,99-names,reference,United Kingdom,,none,none,none,top,GSC_IMPRESSIONS_68D:1,GSC_AVG_POSITION:85,21.4,LOW,/blog/99-names-of-allah-asmaul-husna.html,/blog/99-names-of-allah-asmaul-husna.html,LOW,reference,MONITOR,GSC_SEARCH_ANALYTICS_2026-06-02_TO_2026-08-08,LOW
alhamdulilla,alhamdulilla,informational,islamic-terms,definition,United Kingdom,,none,none,none,top,GSC_IMPRESSIONS_68D:1,GSC_AVG_POSITION:72,21.4,LOW,/blog/alhamdulillah-meaning-in-english,/blog/alhamdulillah-meaning-in-english,LOW,definition,MONITOR,GSC_SEARCH_ANALYTICS_2026-06-02_TO_2026-08-08,LOW
alhamdulillah alhamdulillah,alhamdulillah alhamdulillah,informational,islamic-terms,definition,India,,none,none,none,top,GSC_IMPRESSIONS_68D:1,GSC_AVG_POSITION:41,21.4,LOW,/blog/alhamdulillah-meaning-in-english.html,/blog/alhamdulillah-meaning-in-english.html,LOW,definition,MONITOR,GSC_SEARCH_ANALYTICS_2026-06-02_TO_2026-08-08,LOW
all allah names,all allah names,informational,99-names,reference,United States,,none,none,none,top,GSC_IMPRESSIONS_68D:1,GSC_AVG_POSITION:68,21.4,LOW,/blog/99-names-of-allah-asmaul-husna.html,/blog/99-names-of-allah-asmaul-husna.html,LOW,reference,MONITOR,GSC_SEARCH_ANALYTICS_2026-06-02_TO_2026-08-08,LOW
alla hu akbar,alla hu akbar,informational,unclustered,unknown,United States,,none,none,none,top,GSC_IMPRESSIONS_68D:1,GSC_AVG_POSITION:57,21.4,LOW,/blog/allahu-akbar-meaning-in-english,/blog/allahu-akbar-meaning-in-english,LOW,unknown,MONITOR,GSC_SEARCH_ANALYTICS_2026-06-02_TO_2026-08-08,LOW
allah name,allah name,informational,99-names,reference,United Kingdom,,none,none,none,top,GSC_IMPRESSIONS_68D:1,GSC_AVG_POSITION:71,21.4,LOW,/blog/99-names-of-allah-asmaul-husna.html,/blog/99-names-of-allah-asmaul-husna.html,LOW,reference,MONITOR,GSC_SEARCH_ANALYTICS_2026-06-02_TO_2026-08-08,LOW
allah's name,allah's name,informational,99-names,reference,United Kingdom,,none,none,none,top,GSC_IMPRESSIONS_68D:1,GSC_AVG_POSITION:65,21.4,LOW,/blog/99-names-of-allah-asmaul-husna.html,/blog/99-names-of-allah-asmaul-husna.html,LOW,reference,MONITOR,GSC_SEARCH_ANALYTICS_2026-06-02_TO_2026-08-08,LOW
allahs name,allahs name,informational,99-names,reference,United Kingdom,,none,none,none,top,GSC_IMPRESSIONS_68D:1,GSC_AVG_POSITION:61,21.4,LOW,/blog/99-names-of-allah-asmaul-husna.html,/blog/99-names-of-allah-asmaul-husna.html,LOW,reference,MONITOR,GSC_SEARCH_ANALYTICS_2026-06-02_TO_2026-08-08,LOW
allu akhbar,allu akhbar,informational,unclustered,unknown,United States,,none,none,none,top,GSC_IMPRESSIONS_68D:1,GSC_AVG_POSITION:51,21.4,LOW,/blog/allahu-akbar-meaning-in-english,/blog/allahu-akbar-meaning-in-english,LOW,unknown,MONITOR,GSC_SEARCH_ANALYTICS_2026-06-02_TO_2026-08-08,LOW
alluhakbar,alluhakbar,informational,unclustered,unknown,United States,,none,none,none,top,GSC_IMPRESSIONS_68D:1,GSC_AVG_POSITION:54,21.4,LOW,/blog/allahu-akbar-meaning-in-english,/blog/allahu-akbar-meaning-in-english,LOW,unknown,MONITOR,GSC_SEARCH_ANALYTICS_2026-06-02_TO_2026-08-08,LOW
arabic mashallah,arabic mashallah,informational,islamic-terms,definition,United Kingdom,,none,none,none,top,GSC_IMPRESSIONS_68D:1,GSC_AVG_POSITION:84,21.4,LOW,/blog/mashallah-meaning.html,/blog/mashallah-meaning.html,LOW,definition,MONITOR,GSC_SEARCH_ANALYTICS_2026-06-02_TO_2026-08-08,LOW
arabic muslim phrases,arabic muslim phrases,informational,islamic-general,reference,United States,,none,none,none,top,GSC_IMPRESSIONS_68D:1,GSC_AVG_POSITION:55,21.4,LOW,/blog/islamic-phrases-meaning,/blog/islamic-phrases-meaning,LOW,reference,MONITOR,GSC_SEARCH_ANALYTICS_2026-06-02_TO_2026-08-08,LOW
astafirallah,astafirallah,informational,islamic-general,reference,United States,,none,none,none,top,GSC_IMPRESSIONS_68D:1,GSC_AVG_POSITION:52,21.4,LOW,/blog/astaghfirullah-meaning,/blog/astaghfirullah-meaning,LOW,reference,MONITOR,GSC_SEARCH_ANALYTICS_2026-06-02_TO_2026-08-08,LOW
astafrallah,astafrallah,informational,islamic-general,reference,United States,,none,none,none,top,GSC_IMPRESSIONS_68D:1,GSC_AVG_POSITION:58,21.4,LOW,/blog/astaghfirullah-meaning,/blog/astaghfirullah-meaning,LOW,reference,MONITOR,GSC_SEARCH_ANALYTICS_2026-06-02_TO_2026-08-08,LOW
astagfirallah,astagfirallah,informational,islamic-terms,definition,United Kingdom,,none,none,none,top,GSC_IMPRESSIONS_68D:1,GSC_AVG_POSITION:63,21.4,LOW,/blog/astaghfirullah-meaning,/blog/astaghfirullah-meaning,LOW,definition,MONITOR,GSC_SEARCH_ANALYTICS_2026-06-02_TO_2026-08-08,LOW
beautiful islamic phrases,beautiful islamic phrases,informational,islamic-general,reference,United States,,none,none,none,top,GSC_IMPRESSIONS_68D:1,GSC_AVG_POSITION:51,21.4,LOW,/blog/islamic-phrases-meaning,/blog/islamic-phrases-meaning,LOW,reference,MONITOR,GSC_SEARCH_ANALYTICS_2026-06-02_TO_2026-08-08,LOW
bis millah,bis millah,informational,unclustered,unknown,United States,,none,none,none,top,GSC_IMPRESSIONS_68D:1,GSC_AVG_POSITION:52,21.4,LOW,/blog/bismillah-meaning-in-english,/blog/bismillah-meaning-in-english,LOW,unknown,MONITOR,GSC_SEARCH_ANALYTICS_2026-06-02_TO_2026-08-08,LOW
bismilah,bismilah,informational,unclustered,unknown,United States,,none,none,none,top,GSC_IMPRESSIONS_68D:1,GSC_AVG_POSITION:56,21.4,LOW,/blog/bismillah-meaning-in-english,/blog/bismillah-meaning-in-english,LOW,unknown,MONITOR,GSC_SEARCH_ANALYTICS_2026-06-02_TO_2026-08-08,LOW
doaa al safar,doaa al safar,informational,unclustered,unknown,UAE,,none,none,none,top,GSC_IMPRESSIONS_68D:1,GSC_AVG_POSITION:46,21.4,LOW,/blog/safar-ki-dua-travel-dua-arabic-english,/blog/safar-ki-dua-travel-dua-arabic-english,LOW,unknown,MONITOR,GSC_SEARCH_ANALYTICS_2026-06-02_TO_2026-08-08,LOW
doaa el safar,doaa el safar,informational,unclustered,unknown,UAE,,none,none,none,top,GSC_IMPRESSIONS_68D:1,GSC_AVG_POSITION:46,21.4,LOW,/blog/safar-ki-dua-travel-dua-arabic-english,/blog/safar-ki-dua-travel-dua-arabic-english,LOW,unknown,MONITOR,GSC_SEARCH_ANALYTICS_2026-06-02_TO_2026-08-08,LOW
duae safar,duae safar,informational,unclustered,unknown,UAE,,none,none,none,top,GSC_IMPRESSIONS_68D:1,GSC_AVG_POSITION:45,21.4,LOW,/blog/safar-ki-dua-travel-dua-arabic-english,/blog/safar-ki-dua-travel-dua-arabic-english,LOW,unknown,MONITOR,GSC_SEARCH_ANALYTICS_2026-06-02_TO_2026-08-08,LOW
en shala,en shala,informational,islamic-terms,definition,United Kingdom,,none,none,none,top,GSC_IMPRESSIONS_68D:1,GSC_AVG_POSITION:99,21.4,LOW,/blog/inshallah-meaning-in-english,/blog/inshallah-meaning-in-english,LOW,definition,MONITOR,GSC_SEARCH_ANALYTICS_2026-06-02_TO_2026-08-08,LOW
en shalla,en shalla,informational,islamic-terms,definition,United States,,none,none,none,top,GSC_IMPRESSIONS_68D:1,GSC_AVG_POSITION:85,21.4,LOW,/blog/inshallah-meaning-in-english,/blog/inshallah-meaning-in-english,LOW,definition,MONITOR,GSC_SEARCH_ANALYTICS_2026-06-02_TO_2026-08-08,LOW
flight dua,flight dua,informational,duas-supplications,guide,UAE,,none,none,none,top,GSC_IMPRESSIONS_68D:1,GSC_AVG_POSITION:54,21.4,LOW,/blog/safar-ki-dua-travel-dua-arabic-english,/blog/safar-ki-dua-travel-dua-arabic-english,LOW,guide,MONITOR,GSC_SEARCH_ANALYTICS_2026-06-02_TO_2026-08-08,LOW
ghusul steps,ghusul steps,informational,unclustered,unknown,United States,,none,none,none,top,GSC_IMPRESSIONS_68D:1,GSC_AVG_POSITION:52,21.4,LOW,/blog/how-to-do-ghusl-step-by-step,/blog/how-to-do-ghusl-step-by-step,LOW,unknown,MONITOR,GSC_SEARCH_ANALYTICS_2026-06-02_TO_2026-08-08,LOW
hasbiyallahu ni'mal wakeel,hasbiyallahu ni'mal wakeel,informational,islamic-general,reference,United States,,none,none,none,top,GSC_IMPRESSIONS_68D:1,GSC_AVG_POSITION:54,21.4,LOW,/blog/hasbunallahu-wa-nimal-wakeel-meaning,/blog/hasbunallahu-wa-nimal-wakeel-meaning,LOW,reference,MONITOR,GSC_SEARCH_ANALYTICS_2026-06-02_TO_2026-08-08,LOW
inchallah,inchallah,informational,islamic-general,reference,United States,,none,none,none,top,GSC_IMPRESSIONS_68D:1,GSC_AVG_POSITION:53,21.4,LOW,/blog/inshallah-meaning-in-english,/blog/inshallah-meaning-in-english,LOW,reference,MONITOR,GSC_SEARCH_ANALYTICS_2026-06-02_TO_2026-08-08,LOW
islamic arabic phrases,islamic arabic phrases,informational,islamic-general,reference,United Kingdom,,none,none,none,top,GSC_IMPRESSIONS_68D:1,GSC_AVG_POSITION:54,21.4,LOW,/blog/islamic-phrases-meaning,/blog/islamic-phrases-meaning,LOW,reference,MONITOR,GSC_SEARCH_ANALYTICS_2026-06-02_TO_2026-08-08,LOW
mash'allah,mash'allah,informational,islamic-general,reference,United States,,none,none,none,top,GSC_IMPRESSIONS_68D:1,GSC_AVG_POSITION:59,21.4,LOW,/blog/mashallah-meaning.html,/blog/mashallah-meaning.html,LOW,reference,MONITOR,GSC_SEARCH_ANALYTICS_2026-06-02_TO_2026-08-08,LOW
masha allah,masha allah,informational,islamic-terms,definition,United States,,none,none,none,top,GSC_IMPRESSIONS_68D:1,GSC_AVG_POSITION:65,21.4,LOW,/blog/mashallah-meaning.html,/blog/mashallah-meaning.html,LOW,definition,MONITOR,GSC_SEARCH_ANALYTICS_2026-06-02_TO_2026-08-08,LOW
masha allah english,masha allah english,informational,islamic-terms,definition,United Kingdom,,none,none,none,top,GSC_IMPRESSIONS_68D:1,GSC_AVG_POSITION:63,21.4,LOW,/blog/mashallah-meaning.html,/blog/mashallah-meaning.html,LOW,definition,MONITOR,GSC_SEARCH_ANALYTICS_2026-06-02_TO_2026-08-08,LOW
mashaallah,mashaallah,informational,islamic-terms,definition,United Kingdom,,none,none,none,top,GSC_IMPRESSIONS_68D:1,GSC_AVG_POSITION:79,21.4,LOW,/blog/mashallah-meaning.html,/blog/mashallah-meaning.html,LOW,definition,MONITOR,GSC_SEARCH_ANALYTICS_2026-06-02_TO_2026-08-08,LOW
mashallah english,mashallah english,informational,islamic-terms,definition,United Kingdom,,none,none,none,top,GSC_IMPRESSIONS_68D:1,GSC_AVG_POSITION:73,21.4,LOW,/blog/mashallah-meaning.html,/blog/mashallah-meaning.html,LOW,definition,MONITOR,GSC_SEARCH_ANALYTICS_2026-06-02_TO_2026-08-08,LOW
mashallah evil eye,mashallah evil eye,informational,islamic-terms,definition,United Kingdom,,none,none,none,top,GSC_IMPRESSIONS_68D:1,GSC_AVG_POSITION:67,21.4,LOW,/blog/mashallah-meaning.html,/blog/mashallah-meaning.html,LOW,definition,MONITOR,GSC_SEARCH_ANALYTICS_2026-06-02_TO_2026-08-08,LOW
mashallah pronunciation,mashallah pronunciation,informational,islamic-terms,definition,United Kingdom,,none,none,none,top,GSC_IMPRESSIONS_68D:1,GSC_AVG_POSITION:65,21.4,LOW,/blog/mashallah-meaning.html,/blog/mashallah-meaning.html,LOW,definition,MONITOR,GSC_SEARCH_ANALYTICS_2026-06-02_TO_2026-08-08,LOW
muslim alhamdulillah,muslim alhamdulillah,informational,islamic-terms,definition,United States,,none,none,none,top,GSC_IMPRESSIONS_68D:1,GSC_AVG_POSITION:65,21.4,LOW,/blog/alhamdulillah-meaning-in-english.html,/blog/alhamdulillah-meaning-in-english.html,LOW,definition,MONITOR,GSC_SEARCH_ANALYTICS_2026-06-02_TO_2026-08-08,LOW
names allah 99,names allah 99,informational,islamic-general,reference,United States,,none,none,none,top,GSC_IMPRESSIONS_68D:1,GSC_AVG_POSITION:54,21.4,LOW,/blog/99-names-of-allah-asmaul-husna,/blog/99-names-of-allah-asmaul-husna,LOW,reference,MONITOR,GSC_SEARCH_ANALYTICS_2026-06-02_TO_2026-08-08,LOW
names for allah,names for allah,informational,islamic-general,reference,United States,,none,none,none,top,GSC_IMPRESSIONS_68D:1,GSC_AVG_POSITION:59,21.4,LOW,/blog/99-names-of-allah-asmaul-husna,/blog/99-names-of-allah-asmaul-husna,LOW,reference,MONITOR,GSC_SEARCH_ANALYTICS_2026-06-02_TO_2026-08-08,LOW
qatar quran,qatar quran,informational,islamic-general,reference,United States,,none,none,none,top,GSC_IMPRESSIONS_68D:1,GSC_AVG_POSITION:59,21.4,LOW,/locations/online-quran-classes-qatar,/locations/online-quran-classes-qatar,LOW,reference,MONITOR,GSC_SEARCH_ANALYTICS_2026-06-02_TO_2026-08-08,LOW
saying mashallah,saying mashallah,informational,islamic-terms,definition,United Kingdom,,none,none,none,top,GSC_IMPRESSIONS_68D:1,GSC_AVG_POSITION:69,21.4,LOW,/blog/mashallah-meaning.html,/blog/mashallah-meaning.html,LOW,definition,MONITOR,GSC_SEARCH_ANALYTICS_2026-06-02_TO_2026-08-08,LOW
spelling alhamdulillah,spelling alhamdulillah,informational,islamic-terms,definition,United States,,none,none,none,top,GSC_IMPRESSIONS_68D:1,GSC_AVG_POSITION:76,21.4,LOW,/blog/alhamdulillah-meaning-in-english.html,/blog/alhamdulillah-meaning-in-english.html,LOW,definition,MONITOR,GSC_SEARCH_ANALYTICS_2026-06-02_TO_2026-08-08,LOW
spelling of mashallah,spelling of mashallah,informational,islamic-terms,definition,United Kingdom,,none,none,none,top,GSC_IMPRESSIONS_68D:1,GSC_AVG_POSITION:66,21.4,LOW,/blog/mashallah-meaning.html,/blog/mashallah-meaning.html,LOW,definition,MONITOR,GSC_SEARCH_ANALYTICS_2026-06-02_TO_2026-08-08,LOW
tahhajud,tahhajud,informational,unclustered,unknown,United Kingdom,,none,none,none,top,GSC_IMPRESSIONS_68D:1,GSC_AVG_POSITION:56,21.4,LOW,/blog/tahajjud-prayer,/blog/tahajjud-prayer,LOW,unknown,MONITOR,GSC_SEARCH_ANALYTICS_2026-06-02_TO_2026-08-08,LOW
translate alhamdulillah,translate alhamdulillah,informational,islamic-terms,definition,United States,,none,none,none,top,GSC_IMPRESSIONS_68D:1,GSC_AVG_POSITION:72,21.4,LOW,/blog/alhamdulillah-meaning-in-english,/blog/alhamdulillah-meaning-in-english,LOW,definition,MONITOR,GSC_SEARCH_ANALYTICS_2026-06-02_TO_2026-08-08,LOW
translate bismillah,translate bismillah,informational,islamic-terms,definition,United States,,none,none,none,top,GSC_IMPRESSIONS_68D:1,GSC_AVG_POSITION:65,21.4,LOW,/blog/bismillah-meaning-in-english,/blog/bismillah-meaning-in-english,LOW,definition,MONITOR,GSC_SEARCH_ANALYTICS_2026-06-02_TO_2026-08-08,LOW
translate inshallah,translate inshallah,informational,islamic-terms,definition,United States,,none,none,none,top,GSC_IMPRESSIONS_68D:1,GSC_AVG_POSITION:61,21.4,LOW,/blog/inshallah-meaning-in-english,/blog/inshallah-meaning-in-english,LOW,definition,MONITOR,GSC_SEARCH_ANALYTICS_2026-06-02_TO_2026-08-08,LOW
translate mashallah,translate mashallah,informational,islamic-terms,definition,United Kingdom,,none,none,none,top,GSC_IMPRESSIONS_68D:1,GSC_AVG_POSITION:71,21.4,LOW,/blog/mashallah-meaning.html,/blog/mashallah-meaning.html,LOW,definition,MONITOR,GSC_SEARCH_ANALYTICS_2026-06-02_TO_2026-08-08,LOW
alhamdu in arabic,alhamdu in arabic,informational,islamic-general,reference,United States,,none,none,none,top,GSC_IMPRESSIONS_68D:2,GSC_AVG_POSITION:80.5,20.9,LOW,/blog/alhamdulillah-meaning-in-english.html,/blog/alhamdulillah-meaning-in-english.html,LOW,reference,MONITOR,GSC_SEARCH_ANALYTICS_2026-06-02_TO_2026-08-08,LOW
alhamdulila,alhamdulila,informational,unclustered,unknown,United Kingdom,,none,none,none,top,GSC_IMPRESSIONS_68D:2,GSC_AVG_POSITION:67.5,20.9,LOW,/blog/alhamdulillah-meaning-in-english,/blog/alhamdulillah-meaning-in-english,LOW,unknown,MONITOR,GSC_SEARCH_ANALYTICS_2026-06-02_TO_2026-08-08,LOW
alhamdulilah,alhamdulilah,informational,unclustered,unknown,United States,,none,none,none,top,GSC_IMPRESSIONS_68D:2,GSC_AVG_POSITION:73.5,20.9,LOW,/blog/alhamdulillah-meaning-in-english,/blog/alhamdulillah-meaning-in-english,MEDIUM,unknown,MONITOR,GSC_SEARCH_ANALYTICS_2026-06-02_TO_2026-08-08,LOW
alhamudillah,alhamudillah,informational,unclustered,unknown,United States,,none,none,none,top,GSC_IMPRESSIONS_68D:2,GSC_AVG_POSITION:70,20.9,LOW,/blog/alhamdulillah-meaning-in-english,/blog/alhamdulillah-meaning-in-english,LOW,unknown,MONITOR,GSC_SEARCH_ANALYTICS_2026-06-02_TO_2026-08-08,LOW
alhumdilila,alhumdilila,informational,unclustered,unknown,United States,,none,none,none,top,GSC_IMPRESSIONS_68D:2,GSC_AVG_POSITION:72.5,20.9,LOW,/blog/alhamdulillah-meaning-in-english,/blog/alhamdulillah-meaning-in-english,LOW,unknown,MONITOR,GSC_SEARCH_ANALYTICS_2026-06-02_TO_2026-08-08,LOW
astfallah,astfallah,informational,islamic-general,reference,United Kingdom,,none,none,none,top,GSC_IMPRESSIONS_68D:2,GSC_AVG_POSITION:68,20.9,LOW,/blog/astaghfirullah-meaning,/blog/astaghfirullah-meaning,MEDIUM,reference,MONITOR,GSC_SEARCH_ANALYTICS_2026-06-02_TO_2026-08-08,LOW
bismila,bismila,informational,unclustered,unknown,United Kingdom,,none,none,none,top,GSC_IMPRESSIONS_68D:2,GSC_AVG_POSITION:60.5,20.9,LOW,/blog/bismillah-meaning-in-english,/blog/bismillah-meaning-in-english,LOW,unknown,MONITOR,GSC_SEARCH_ANALYTICS_2026-06-02_TO_2026-08-08,LOW
dreams in islam,dreams in islam,informational,islamic-general,reference,United Kingdom,,none,none,none,top,GSC_IMPRESSIONS_68D:2,GSC_AVG_POSITION:90,20.9,LOW,/blog/islamic-dream-interpretation.html,/blog/islamic-dream-interpretation.html,LOW,reference,MONITOR,GSC_SEARCH_ANALYTICS_2026-06-02_TO_2026-08-08,LOW
interpretation dreams islam,interpretation dreams islam,informational,islamic-general,reference,United Kingdom,,none,none,none,top,GSC_IMPRESSIONS_68D:2,GSC_AVG_POSITION:88,20.9,LOW,/blog/islamic-dream-interpretation.html,/blog/islamic-dream-interpretation.html,LOW,reference,MONITOR,GSC_SEARCH_ANALYTICS_2026-06-02_TO_2026-08-08,LOW
ishallah,ishallah,informational,islamic-general,reference,United Kingdom,,none,none,none,top,GSC_IMPRESSIONS_68D:2,GSC_AVG_POSITION:90.5,20.9,LOW,/blog/inshallah-meaning-in-english,/blog/inshallah-meaning-in-english,LOW,reference,MONITOR,GSC_SEARCH_ANALYTICS_2026-06-02_TO_2026-08-08,LOW
ishmallah,ishmallah,informational,islamic-general,reference,United States,,none,none,none,top,GSC_IMPRESSIONS_68D:2,GSC_AVG_POSITION:66,20.9,LOW,/blog/inshallah-meaning-in-english,/blog/inshallah-meaning-in-english,LOW,reference,MONITOR,GSC_SEARCH_ANALYTICS_2026-06-02_TO_2026-08-08,LOW
islam dream,islam dream,informational,islamic-general,reference,United Kingdom,,none,none,none,top,GSC_IMPRESSIONS_68D:2,GSC_AVG_POSITION:88,20.9,LOW,/blog/islamic-dream-interpretation.html,/blog/islamic-dream-interpretation.html,LOW,reference,MONITOR,GSC_SEARCH_ANALYTICS_2026-06-02_TO_2026-08-08,LOW
islamic dreaming interpretation,islamic dreaming interpretation,informational,islamic-general,reference,United Kingdom,,none,none,none,top,GSC_IMPRESSIONS_68D:2,GSC_AVG_POSITION:77,20.9,LOW,/blog/islamic-dream-interpretation.html,/blog/islamic-dream-interpretation.html,LOW,reference,MONITOR,GSC_SEARCH_ANALYTICS_2026-06-02_TO_2026-08-08,LOW
islamic phrase,islamic phrase,informational,islamic-general,reference,United Kingdom,,none,none,none,top,GSC_IMPRESSIONS_68D:2,GSC_AVG_POSITION:74.5,20.9,LOW,/blog/islamic-phrases-meaning,/blog/islamic-phrases-meaning,LOW,reference,MONITOR,GSC_SEARCH_ANALYTICS_2026-06-02_TO_2026-08-08,LOW
mashallah in arabic,mashallah in arabic,informational,islamic-terms,definition,NAM,,none,none,none,top,GSC_IMPRESSIONS_68D:2,GSC_AVG_POSITION:82,20.9,LOW,/blog/mashallah-meaning.html,/blog/mashallah-meaning.html,LOW,definition,MONITOR,GSC_SEARCH_ANALYTICS_2026-06-02_TO_2026-08-08,LOW
spelling of alhamdulillah,spelling of alhamdulillah,informational,islamic-terms,definition,India,,none,none,none,top,GSC_IMPRESSIONS_68D:3,GSC_AVG_POSITION:53.7,20.1,LOW,/blog/alhamdulillah-meaning-in-english,/blog/alhamdulillah-meaning-in-english,LOW,definition,MONITOR,GSC_SEARCH_ANALYTICS_2026-06-02_TO_2026-08-08,MEDIUM
6th kalama,6th kalama,informational,unclustered,unknown,Egypt,,none,none,none,top,GSC_IMPRESSIONS_68D:1,GSC_AVG_POSITION:42,20.0,LOW,/blog/six-kalimas-of-islam,/blog/six-kalimas-of-islam,LOW,unknown,MONITOR,GSC_SEARCH_ANALYTICS_2026-06-02_TO_2026-08-08,LOW
99 god names,99 god names,informational,unclustered,unknown,United Kingdom,,none,none,none,top,GSC_IMPRESSIONS_68D:1,GSC_AVG_POSITION:84,20.0,LOW,/blog/99-names-of-allah-asmaul-husna.html,/blog/99-names-of-allah-asmaul-husna.html,LOW,unknown,MONITOR,GSC_SEARCH_ANALYTICS_2026-06-02_TO_2026-08-08,LOW
alhamduallah,alhamduallah,informational,islamic-general,reference,United States,,none,none,none,top,GSC_IMPRESSIONS_68D:1,GSC_AVG_POSITION:62,20.0,LOW,/blog/alhamdulillah-meaning-in-english,/blog/alhamdulillah-meaning-in-english,LOW,reference,MONITOR,GSC_SEARCH_ANALYTICS_2026-06-02_TO_2026-08-08,LOW
allah 20 names,allah 20 names,informational,islamic-general,reference,United Kingdom,,none,none,none,top,GSC_IMPRESSIONS_68D:1,GSC_AVG_POSITION:65,20.0,LOW,/blog/99-names-of-allah-asmaul-husna.html,/blog/99-names-of-allah-asmaul-husna.html,LOW,reference,MONITOR,GSC_SEARCH_ANALYTICS_2026-06-02_TO_2026-08-08,LOW
allah full name,allah full name,informational,islamic-general,reference,United Kingdom,,none,none,none,top,GSC_IMPRESSIONS_68D:1,GSC_AVG_POSITION:63,20.0,LOW,/blog/99-names-of-allah-asmaul-husna.html,/blog/99-names-of-allah-asmaul-husna.html,LOW,reference,MONITOR,GSC_SEARCH_ANALYTICS_2026-06-02_TO_2026-08-08,LOW
allhamdullillah,allhamdullillah,informational,unclustered,unknown,United States,,none,none,none,top,GSC_IMPRESSIONS_68D:1,GSC_AVG_POSITION:68,20.0,LOW,/blog/alhamdulillah-meaning-in-english,/blog/alhamdulillah-meaning-in-english,LOW,unknown,MONITOR,GSC_SEARCH_ANALYTICS_2026-06-02_TO_2026-08-08,LOW
allhumdillah,allhumdillah,informational,unclustered,unknown,United States,,none,none,none,top,GSC_IMPRESSIONS_68D:1,GSC_AVG_POSITION:67,20.0,LOW,/blog/alhamdulillah-meaning-in-english,/blog/alhamdulillah-meaning-in-english,LOW,unknown,MONITOR,GSC_SEARCH_ANALYTICS_2026-06-02_TO_2026-08-08,LOW
allhumdulillah,allhumdulillah,informational,unclustered,unknown,United States,,none,none,none,top,GSC_IMPRESSIONS_68D:1,GSC_AVG_POSITION:66,20.0,LOW,/blog/alhamdulillah-meaning-in-english.html,/blog/alhamdulillah-meaning-in-english.html,LOW,unknown,MONITOR,GSC_SEARCH_ANALYTICS_2026-06-02_TO_2026-08-08,LOW
arabic alhamdulillah,arabic alhamdulillah,informational,islamic-terms,definition,GHA,,none,none,none,top,GSC_IMPRESSIONS_68D:1,GSC_AVG_POSITION:66,20.0,LOW,/blog/alhamdulillah-meaning-in-english.html,/blog/alhamdulillah-meaning-in-english.html,LOW,definition,MONITOR,GSC_SEARCH_ANALYTICS_2026-06-02_TO_2026-08-08,LOW
astagfar,astagfar,informational,unclustered,unknown,United States,,none,none,none,top,GSC_IMPRESSIONS_68D:1,GSC_AVG_POSITION:68,20.0,LOW,/blog/astaghfirullah-meaning,/blog/astaghfirullah-meaning,LOW,unknown,MONITOR,GSC_SEARCH_ANALYTICS_2026-06-02_TO_2026-08-08,LOW
astagfullah,astagfullah,informational,unclustered,unknown,United Kingdom,,none,none,none,top,GSC_IMPRESSIONS_68D:1,GSC_AVG_POSITION:67,20.0,LOW,/blog/astaghfirullah-meaning.html,/blog/astaghfirullah-meaning.html,LOW,unknown,MONITOR,GSC_SEARCH_ANALYTICS_2026-06-02_TO_2026-08-08,LOW
ayat kareema benefits,ayat kareema benefits,informational,quran-surahs,reference,Pakistan,,none,none,none,top,GSC_IMPRESSIONS_68D:1,GSC_AVG_POSITION:57,20.0,LOW,/blog/ayat-e-karima,/blog/ayat-e-karima,LOW,reference,MONITOR,GSC_SEARCH_ANALYTICS_2026-06-02_TO_2026-08-08,LOW
bish mallah,bish mallah,informational,islamic-general,reference,United States,,none,none,none,top,GSC_IMPRESSIONS_68D:1,GSC_AVG_POSITION:70,20.0,LOW,/blog/bismillah-meaning-in-english,/blog/bismillah-meaning-in-english,LOW,reference,MONITOR,GSC_SEARCH_ANALYTICS_2026-06-02_TO_2026-08-08,LOW
bismillah in arabic,bismillah in arabic,informational,islamic-terms,definition,ISR,,none,none,none,top,GSC_IMPRESSIONS_68D:1,GSC_AVG_POSITION:61,20.0,LOW,/blog/bismillah-meaning-in-english,/blog/bismillah-meaning-in-english,LOW,definition,MONITOR,GSC_SEARCH_ANALYTICS_2026-06-02_TO_2026-08-08,LOW
bismullah,bismullah,informational,unclustered,unknown,United Kingdom,,none,none,none,top,GSC_IMPRESSIONS_68D:1,GSC_AVG_POSITION:64,20.0,LOW,/blog/bismillah-meaning-in-english,/blog/bismillah-meaning-in-english,LOW,unknown,MONITOR,GSC_SEARCH_ANALYTICS_2026-06-02_TO_2026-08-08,LOW
common islamic phrases,common islamic phrases,informational,islamic-general,reference,United States,,none,none,none,top,GSC_IMPRESSIONS_68D:1,GSC_AVG_POSITION:70,20.0,LOW,/blog/islamic-phrases-meaning,/blog/islamic-phrases-meaning,LOW,reference,MONITOR,GSC_SEARCH_ANALYTICS_2026-06-02_TO_2026-08-08,LOW
common muslim sayings,common muslim sayings,informational,islamic-general,reference,United States,,none,none,none,top,GSC_IMPRESSIONS_68D:1,GSC_AVG_POSITION:75,20.0,LOW,/blog/islamic-phrases-meaning,/blog/islamic-phrases-meaning,LOW,reference,MONITOR,GSC_SEARCH_ANALYTICS_2026-06-02_TO_2026-08-08,LOW
dream dictionary islam,dream dictionary islam,informational,islamic-general,reference,United States,,none,none,none,top,GSC_IMPRESSIONS_68D:1,GSC_AVG_POSITION:88,20.0,LOW,/blog/islamic-dream-interpretation.html,/blog/islamic-dream-interpretation.html,LOW,reference,MONITOR,GSC_SEARCH_ANALYTICS_2026-06-02_TO_2026-08-08,LOW
dream islamic,dream islamic,informational,islamic-general,reference,United Kingdom,,none,none,none,top,GSC_IMPRESSIONS_68D:1,GSC_AVG_POSITION:77,20.0,LOW,/blog/islamic-dream-interpretation.html,/blog/islamic-dream-interpretation.html,LOW,reference,MONITOR,GSC_SEARCH_ANALYTICS_2026-06-02_TO_2026-08-08,LOW
dreams islamic interpretation,dreams islamic interpretation,informational,islamic-general,reference,United States,,none,none,none,top,GSC_IMPRESSIONS_68D:1,GSC_AVG_POSITION:87,20.0,LOW,/blog/islamic-dream-interpretation.html,/blog/islamic-dream-interpretation.html,LOW,reference,MONITOR,GSC_SEARCH_ANALYTICS_2026-06-02_TO_2026-08-08,LOW
dua for astaghfar,dua for astaghfar,informational,duas-supplications,guide,India,,none,none,none,top,GSC_IMPRESSIONS_68D:1,GSC_AVG_POSITION:53,20.0,LOW,/blog/dua-for-forgiveness-istighfar,/blog/dua-for-forgiveness-istighfar,LOW,guide,MONITOR,GSC_SEARCH_ANALYTICS_2026-06-02_TO_2026-08-08,LOW
ghusl procedure,ghusl procedure,informational,salah-prayer,guide,India,,none,none,none,top,GSC_IMPRESSIONS_68D:1,GSC_AVG_POSITION:66,20.0,LOW,/blog/how-to-do-ghusl-step-by-step,/blog/how-to-do-ghusl-step-by-step,LOW,guide,MONITOR,GSC_SEARCH_ANALYTICS_2026-06-02_TO_2026-08-08,LOW
god names 99,god names 99,informational,unclustered,unknown,United Kingdom,,none,none,none,top,GSC_IMPRESSIONS_68D:1,GSC_AVG_POSITION:79,20.0,LOW,/blog/99-names-of-allah-asmaul-husna.html,/blog/99-names-of-allah-asmaul-husna.html,LOW,unknown,MONITOR,GSC_SEARCH_ANALYTICS_2026-06-02_TO_2026-08-08,LOW
hasibunallah,hasibunallah,informational,islamic-general,reference,United States,,none,none,none,top,GSC_IMPRESSIONS_68D:1,GSC_AVG_POSITION:67,20.0,LOW,/blog/hasbunallahu-wa-nimal-wakeel-meaning,/blog/hasbunallahu-wa-nimal-wakeel-meaning,LOW,reference,MONITOR,GSC_SEARCH_ANALYTICS_2026-06-02_TO_2026-08-08,LOW
hijri month list,hijri month list,informational,islamic-calendar,reference,United States,,none,none,none,top,GSC_IMPRESSIONS_68D:1,GSC_AVG_POSITION:91,20.0,LOW,/blog/islamic-months-names-in-order,/blog/islamic-months-names-in-order,LOW,reference,MONITOR,GSC_SEARCH_ANALYTICS_2026-06-02_TO_2026-08-08,LOW
ibn sirin dream,ibn sirin dream,informational,islamic-general,reference,United Kingdom,,none,none,none,top,GSC_IMPRESSIONS_68D:1,GSC_AVG_POSITION:71,20.0,LOW,/blog/islamic-dream-interpretation.html,/blog/islamic-dream-interpretation.html,LOW,reference,MONITOR,GSC_SEARCH_ANALYTICS_2026-06-02_TO_2026-08-08,LOW
in shaa allah,in shaa allah,informational,islamic-general,reference,United Kingdom,,none,none,none,top,GSC_IMPRESSIONS_68D:1,GSC_AVG_POSITION:66,20.0,LOW,/blog/inshallah-meaning-in-english,/blog/inshallah-meaning-in-english,LOW,reference,MONITOR,GSC_SEARCH_ANALYTICS_2026-06-02_TO_2026-08-08,LOW
insyallah,insyallah,informational,islamic-general,reference,United States,,none,none,none,top,GSC_IMPRESSIONS_68D:1,GSC_AVG_POSITION:89,20.0,LOW,/blog/inshallah-meaning-in-english,/blog/inshallah-meaning-in-english,LOW,reference,MONITOR,GSC_SEARCH_ANALYTICS_2026-06-02_TO_2026-08-08,LOW
islam interpretation,islam interpretation,informational,islamic-general,reference,United Kingdom,,none,none,none,top,GSC_IMPRESSIONS_68D:1,GSC_AVG_POSITION:82,20.0,LOW,/blog/islamic-dream-interpretation.html,/blog/islamic-dream-interpretation.html,LOW,reference,MONITOR,GSC_SEARCH_ANALYTICS_2026-06-02_TO_2026-08-08,LOW
islam phrases,islam phrases,informational,islamic-general,reference,United States,,none,none,none,top,GSC_IMPRESSIONS_68D:1,GSC_AVG_POSITION:69,20.0,LOW,/blog/islamic-phrases-meaning,/blog/islamic-phrases-meaning,LOW,reference,MONITOR,GSC_SEARCH_ANALYTICS_2026-06-02_TO_2026-08-08,LOW
islamic dream meanings,islamic dream meanings,informational,islamic-general,reference,United Kingdom,,none,none,none,top,GSC_IMPRESSIONS_68D:1,GSC_AVG_POSITION:77,20.0,LOW,/blog/islamic-dream-interpretation.html,/blog/islamic-dream-interpretation.html,LOW,reference,MONITOR,GSC_SEARCH_ANALYTICS_2026-06-02_TO_2026-08-08,LOW
islamic dreams,islamic dreams,informational,islamic-general,reference,United Kingdom,,none,none,none,top,GSC_IMPRESSIONS_68D:1,GSC_AVG_POSITION:90,20.0,LOW,/blog/islamic-dream-interpretation.html,/blog/islamic-dream-interpretation.html,LOW,reference,MONITOR,GSC_SEARCH_ANALYTICS_2026-06-02_TO_2026-08-08,LOW
islamic interpretation dreams,islamic interpretation dreams,informational,islamic-general,reference,United Kingdom,,none,none,none,top,GSC_IMPRESSIONS_68D:1,GSC_AVG_POSITION:80,20.0,LOW,/blog/islamic-dream-interpretation.html,/blog/islamic-dream-interpretation.html,LOW,reference,MONITOR,GSC_SEARCH_ANALYTICS_2026-06-02_TO_2026-08-08,LOW
islamic months list,islamic months list,informational,islamic-calendar,reference,United States,,none,none,none,top,GSC_IMPRESSIONS_68D:1,GSC_AVG_POSITION:95,20.0,LOW,/blog/islamic-months-names-in-order,/blog/islamic-months-names-in-order,LOW,reference,MONITOR,GSC_SEARCH_ANALYTICS_2026-06-02_TO_2026-08-08,LOW
islamic months order,islamic months order,informational,islamic-calendar,reference,Indonesia,,none,none,none,top,GSC_IMPRESSIONS_68D:1,GSC_AVG_POSITION:43,20.0,LOW,/blog/islamic-months-names-in-order,/blog/islamic-months-names-in-order,LOW,reference,MONITOR,GSC_SEARCH_ANALYTICS_2026-06-02_TO_2026-08-08,LOW
list islamic months,list islamic months,informational,islamic-calendar,reference,United States,,none,none,none,top,GSC_IMPRESSIONS_68D:1,GSC_AVG_POSITION:86,20.0,LOW,/blog/islamic-months-names-in-order,/blog/islamic-months-names-in-order,LOW,reference,MONITOR,GSC_SEARCH_ANALYTICS_2026-06-02_TO_2026-08-08,LOW
ma shala,ma shala,informational,unclustered,unknown,United Kingdom,,none,none,none,top,GSC_IMPRESSIONS_68D:1,GSC_AVG_POSITION:73,20.0,LOW,/blog/mashallah-meaning.html,/blog/mashallah-meaning.html,LOW,unknown,MONITOR,GSC_SEARCH_ANALYTICS_2026-06-02_TO_2026-08-08,LOW
maa shaa allah,maa shaa allah,informational,islamic-general,reference,United Kingdom,,none,none,none,top,GSC_IMPRESSIONS_68D:1,GSC_AVG_POSITION:74,20.0,LOW,/blog/mashallah-meaning.html,/blog/mashallah-meaning.html,LOW,reference,MONITOR,GSC_SEARCH_ANALYTICS_2026-06-02_TO_2026-08-08,LOW
masa allah,masa allah,informational,islamic-general,reference,United Kingdom,,none,none,none,top,GSC_IMPRESSIONS_68D:1,GSC_AVG_POSITION:73,20.0,LOW,/blog/mashallah-meaning.html,/blog/mashallah-meaning.html,LOW,reference,MONITOR,GSC_SEARCH_ANALYTICS_2026-06-02_TO_2026-08-08,LOW
mash ala,mash ala,informational,unclustered,unknown,United Kingdom,,none,none,none,top,GSC_IMPRESSIONS_68D:1,GSC_AVG_POSITION:77,20.0,LOW,/blog/mashallah-meaning.html,/blog/mashallah-meaning.html,LOW,unknown,MONITOR,GSC_SEARCH_ANALYTICS_2026-06-02_TO_2026-08-08,LOW
masha a allah,masha a allah,informational,islamic-general,reference,United States,,none,none,none,top,GSC_IMPRESSIONS_68D:1,GSC_AVG_POSITION:75,20.0,LOW,/blog/mashallah-meaning.html,/blog/mashallah-meaning.html,LOW,reference,MONITOR,GSC_SEARCH_ANALYTICS_2026-06-02_TO_2026-08-08,LOW
masha'allah,masha'allah,informational,islamic-general,reference,United Kingdom,,none,none,none,top,GSC_IMPRESSIONS_68D:1,GSC_AVG_POSITION:78,20.0,LOW,/blog/mashallah-meaning.html,/blog/mashallah-meaning.html,LOW,reference,MONITOR,GSC_SEARCH_ANALYTICS_2026-06-02_TO_2026-08-08,LOW
mashaa allah,mashaa allah,informational,islamic-general,reference,United States,,none,none,none,top,GSC_IMPRESSIONS_68D:1,GSC_AVG_POSITION:89,20.0,LOW,/blog/mashallah-meaning.html,/blog/mashallah-meaning.html,LOW,reference,MONITOR,GSC_SEARCH_ANALYTICS_2026-06-02_TO_2026-08-08,LOW
muslim arabic phrases,muslim arabic phrases,informational,islamic-general,reference,United Kingdom,,none,none,none,top,GSC_IMPRESSIONS_68D:1,GSC_AVG_POSITION:61,20.0,LOW,/blog/islamic-phrases-meaning,/blog/islamic-phrases-meaning,LOW,reference,MONITOR,GSC_SEARCH_ANALYTICS_2026-06-02_TO_2026-08-08,LOW
name islamic months,name islamic months,informational,islamic-calendar,reference,United States,,none,none,none,top,GSC_IMPRESSIONS_68D:1,GSC_AVG_POSITION:70,20.0,LOW,/blog/islamic-months-names-in-order,/blog/islamic-months-names-in-order,LOW,reference,MONITOR,GSC_SEARCH_ANALYTICS_2026-06-02_TO_2026-08-08,LOW
name of allah,name of allah,informational,islamic-general,reference,United Kingdom,,none,none,none,top,GSC_IMPRESSIONS_68D:1,GSC_AVG_POSITION:68,20.0,LOW,/blog/99-names-of-allah-asmaul-husna.html,/blog/99-names-of-allah-asmaul-husna.html,LOW,reference,MONITOR,GSC_SEARCH_ANALYTICS_2026-06-02_TO_2026-08-08,LOW
names 99,names 99,informational,unclustered,unknown,United Kingdom,,none,none,none,top,GSC_IMPRESSIONS_68D:1,GSC_AVG_POSITION:89,20.0,LOW,/blog/99-names-of-allah-asmaul-husna.html,/blog/99-names-of-allah-asmaul-husna.html,LOW,unknown,MONITOR,GSC_SEARCH_ANALYTICS_2026-06-02_TO_2026-08-08,LOW
popular muslim sayings,popular muslim sayings,informational,islamic-general,reference,United States,,none,none,none,top,GSC_IMPRESSIONS_68D:1,GSC_AVG_POSITION:69,20.0,LOW,/blog/islamic-phrases-meaning,/blog/islamic-phrases-meaning,LOW,reference,MONITOR,GSC_SEARCH_ANALYTICS_2026-06-02_TO_2026-08-08,LOW
qiyamah signs,qiyamah signs,informational,unclustered,unknown,United Kingdom,,none,none,none,top,GSC_IMPRESSIONS_68D:1,GSC_AVG_POSITION:71,20.0,LOW,/blog/signs-of-qiyamah.html,/blog/signs-of-qiyamah.html,LOW,unknown,MONITOR,GSC_SEARCH_ANALYTICS_2026-06-02_TO_2026-08-08,LOW
the arabic months,the arabic months,informational,islamic-calendar,reference,United States,,none,none,none,top,GSC_IMPRESSIONS_68D:1,GSC_AVG_POSITION:73,20.0,LOW,/blog/islamic-months-names-in-order,/blog/islamic-months-names-in-order,LOW,reference,MONITOR,GSC_SEARCH_ANALYTICS_2026-06-02_TO_2026-08-08,LOW
waqf rules,waqf rules,informational,unclustered,unknown,United Kingdom,,none,none,none,top,GSC_IMPRESSIONS_68D:1,GSC_AVG_POSITION:71,20.0,LOW,/noorani-qaida/tajweed/waqf,/noorani-qaida/tajweed/waqf,LOW,unknown,MONITOR,GSC_SEARCH_ANALYTICS_2026-06-02_TO_2026-08-08,LOW
ইনশাআল্লাহ ইংরেজি,ইনশাআল্লাহ ইংরেজি,informational,unclustered,unknown,Bangladesh,,none,none,none,top,GSC_IMPRESSIONS_68D:1,GSC_AVG_POSITION:43,20.0,LOW,/blog/inshallah-meaning-in-english,/blog/inshallah-meaning-in-english,LOW,unknown,MONITOR,GSC_SEARCH_ANALYTICS_2026-06-02_TO_2026-08-08,LOW
islamic months,islamic months,informational,islamic-calendar,reference,UAE,,none,none,none,top,GSC_IMPRESSIONS_68D:6,GSC_AVG_POSITION:73,19.9,LOW,/blog/islamic-months-names-in-order,/blog/islamic-months-names-in-order,LOW,reference,MONITOR,GSC_SEARCH_ANALYTICS_2026-06-02_TO_2026-08-08,MEDIUM
astaghfar in arabic,astaghfar in arabic,informational,duas-supplications,guide,Pakistan,,none,none,none,top,GSC_IMPRESSIONS_68D:2,GSC_AVG_POSITION:62.5,19.4,LOW,/blog/astaghfirullah-meaning.html,/blog/astaghfirullah-meaning.html,LOW,guide,MONITOR,GSC_SEARCH_ANALYTICS_2026-06-02_TO_2026-08-08,LOW
islamic resources,islamic resources,informational,islamic-general,reference,Pakistan,,none,none,none,top,GSC_IMPRESSIONS_68D:4,GSC_AVG_POSITION:53.5,19.1,LOW,/islamic-resources,/islamic-resources,LOW,reference,MONITOR,GSC_SEARCH_ANALYTICS_2026-06-02_TO_2026-08-08,MEDIUM
alhamdulilah in arabic,alhamdulilah in arabic,informational,islamic-general,reference,BRN,,none,none,none,top,GSC_IMPRESSIONS_68D:1,GSC_AVG_POSITION:85,18.6,LOW,/blog/alhamdulillah-meaning-in-english.html,/blog/alhamdulillah-meaning-in-english.html,LOW,reference,MONITOR,GSC_SEARCH_ANALYTICS_2026-06-02_TO_2026-08-08,LOW
alhamdulillah ki spelling,alhamdulillah ki spelling,informational,islamic-terms,definition,Pakistan,,none,none,none,top,GSC_IMPRESSIONS_68D:1,GSC_AVG_POSITION:54,18.6,LOW,/blog/alhamdulillah-meaning-in-english,/blog/alhamdulillah-meaning-in-english,LOW,definition,MONITOR,GSC_SEARCH_ANALYTICS_2026-06-02_TO_2026-08-08,LOW
dua for journey,dua for journey,informational,duas-supplications,guide,India,,none,none,none,top,GSC_IMPRESSIONS_68D:1,GSC_AVG_POSITION:70,18.6,LOW,/blog/safar-ki-dua-travel-dua-arabic-english,/blog/safar-ki-dua-travel-dua-arabic-english,LOW,guide,MONITOR,GSC_SEARCH_ANALYTICS_2026-06-02_TO_2026-08-08,LOW
ishalah,ishalah,informational,unclustered,unknown,BRA,,none,none,none,top,GSC_IMPRESSIONS_68D:1,GSC_AVG_POSITION:64,18.6,LOW,/blog/inshallah-meaning-in-english,/blog/inshallah-meaning-in-english,LOW,unknown,MONITOR,GSC_SEARCH_ANALYTICS_2026-06-02_TO_2026-08-08,LOW
journey dua,journey dua,informational,duas-supplications,guide,Pakistan,,none,none,none,top,GSC_IMPRESSIONS_68D:1,GSC_AVG_POSITION:72,18.6,LOW,/blog/safar-ki-dua-travel-dua-arabic-english,/blog/safar-ki-dua-travel-dua-arabic-english,LOW,guide,MONITOR,GSC_SEARCH_ANALYTICS_2026-06-02_TO_2026-08-08,LOW
surah mulk benefit,surah mulk benefit,informational,quran-surahs,reference,Pakistan,,none,none,none,top,GSC_IMPRESSIONS_68D:1,GSC_AVG_POSITION:91,18.6,LOW,/blog/surah-mulk-benefits,/blog/surah-mulk-benefits,LOW,reference,MONITOR,GSC_SEARCH_ANALYTICS_2026-06-02_TO_2026-08-08,LOW
islamic months name,islamic months name,informational,islamic-calendar,reference,India,,none,none,none,top,GSC_IMPRESSIONS_68D:5,GSC_AVG_POSITION:64.2,18.1,LOW,/blog/islamic-months-names-in-order,/blog/islamic-months-names-in-order,LOW,reference,MONITOR,GSC_SEARCH_ANALYTICS_2026-06-02_TO_2026-08-08,MEDIUM
alhamdulillah correct spelling,alhamdulillah correct spelling,informational,islamic-terms,definition,Pakistan,,none,none,none,top,GSC_IMPRESSIONS_68D:2,GSC_AVG_POSITION:61,18.0,LOW,/blog/alhamdulillah-meaning-in-english,/blog/alhamdulillah-meaning-in-english,MEDIUM,definition,MONITOR,GSC_SEARCH_ANALYTICS_2026-06-02_TO_2026-08-08,LOW
arabic month name,arabic month name,informational,islamic-calendar,reference,Nigeria,,none,none,none,top,GSC_IMPRESSIONS_68D:3,GSC_AVG_POSITION:70.3,17.3,LOW,/blog/islamic-months-names-in-order,/blog/islamic-months-names-in-order,LOW,reference,MONITOR,GSC_SEARCH_ANALYTICS_2026-06-02_TO_2026-08-08,MEDIUM
bahasa inggris bismillah,bahasa inggris bismillah,informational,islamic-terms,definition,Indonesia,,none,none,none,top,GSC_IMPRESSIONS_68D:1,GSC_AVG_POSITION:64,17.1,LOW,/blog/bismillah-meaning-in-english,/blog/bismillah-meaning-in-english,LOW,definition,MONITOR,GSC_SEARCH_ANALYTICS_2026-06-02_TO_2026-08-08,LOW
quran classses,quran classses,informational,islamic-general,reference,Pakistan,,none,none,none,top,GSC_IMPRESSIONS_68D:1,GSC_AVG_POSITION:53,17.1,LOW,/online-quran-classes,/online-quran-classes,LOW,reference,MONITOR,GSC_SEARCH_ANALYTICS_2026-06-02_TO_2026-08-08,LOW
arabic months,arabic months,informational,islamic-calendar,reference,India,,none,none,none,top,GSC_IMPRESSIONS_68D:2,GSC_AVG_POSITION:83.5,16.6,LOW,/blog/islamic-months-names-in-order,/blog/islamic-months-names-in-order,LOW,reference,MONITOR,GSC_SEARCH_ANALYTICS_2026-06-02_TO_2026-08-08,LOW
islamic dream interpretation,islamic dream interpretation,informational,islamic-general,reference,India,,none,none,none,top,GSC_IMPRESSIONS_68D:2,GSC_AVG_POSITION:74,16.6,LOW,/blog/islamic-dream-interpretation.html,/blog/islamic-dream-interpretation.html,LOW,reference,MONITOR,GSC_SEARCH_ANALYTICS_2026-06-02_TO_2026-08-08,LOW
islamic month name,islamic month name,informational,islamic-calendar,reference,India,,none,none,none,top,GSC_IMPRESSIONS_68D:2,GSC_AVG_POSITION:75,16.6,LOW,/blog/islamic-months-names-in-order,/blog/islamic-months-names-in-order,LOW,reference,MONITOR,GSC_SEARCH_ANALYTICS_2026-06-02_TO_2026-08-08,LOW
islamic years name,islamic years name,informational,islamic-general,reference,India,,none,none,none,top,GSC_IMPRESSIONS_68D:2,GSC_AVG_POSITION:69.5,16.6,LOW,/blog/islamic-months-names-in-order,/blog/islamic-months-names-in-order,LOW,reference,MONITOR,GSC_SEARCH_ANALYTICS_2026-06-02_TO_2026-08-08,LOW
female quran teachers,female quran teachers,informational,islamic-general,reference,Egypt,,women,none,gender-preference,top,GSC_IMPRESSIONS_68D:1,GSC_AVG_POSITION:99,15.7,LOW,/female-quran-teacher-online,/female-quran-teacher-online,LOW,reference,MONITOR,GSC_SEARCH_ANALYTICS_2026-06-02_TO_2026-08-08,LOW
hijri month name,hijri month name,informational,islamic-calendar,reference,India,,none,none,none,top,GSC_IMPRESSIONS_68D:1,GSC_AVG_POSITION:65,15.7,LOW,/blog/islamic-months-names-in-order,/blog/islamic-months-names-in-order,LOW,reference,MONITOR,GSC_SEARCH_ANALYTICS_2026-06-02_TO_2026-08-08,LOW
hijri months,hijri months,informational,islamic-calendar,reference,India,,none,none,none,top,GSC_IMPRESSIONS_68D:1,GSC_AVG_POSITION:99,15.7,LOW,/blog/islamic-months-names-in-order,/blog/islamic-months-names-in-order,LOW,reference,MONITOR,GSC_SEARCH_ANALYTICS_2026-06-02_TO_2026-08-08,LOW
insaallah,insaallah,informational,islamic-general,reference,India,,none,none,none,top,GSC_IMPRESSIONS_68D:1,GSC_AVG_POSITION:64,15.7,LOW,/blog/inshallah-meaning-in-english,/blog/inshallah-meaning-in-english,LOW,reference,MONITOR,GSC_SEARCH_ANALYTICS_2026-06-02_TO_2026-08-08,LOW
یا,یا,informational,unclustered,unknown,Pakistan,,none,none,none,top,GSC_IMPRESSIONS_68D:1,GSC_AVG_POSITION:75,15.7,LOW,/noorani-qaida/arabic-letters/ya,/noorani-qaida/arabic-letters/ya,LOW,unknown,MONITOR,GSC_SEARCH_ANALYTICS_2026-06-02_TO_2026-08-08,LOW
